# 3ds Max Wavefront OBJ Exporter v0.99 - (c)2007 guruware
# File Created: 28.05.2026 17:08:12

#
# object krwioprzysiega001
#

v  0.9025 0.6592 3.3732
v  0.7611 0.6199 3.5220
v  1.1714 0.0001 3.5230
v  1.3406 0.0001 3.3758
v  1.0216 0.8657 3.7760
v  1.5194 0.0001 3.7842
v  1.5197 0.0001 3.6132
v  1.0219 0.8615 3.6051
v  1.0210 0.8936 4.4566
v  1.5238 0.0001 4.4650
v  1.5225 0.0001 4.3035
v  1.0210 0.8865 4.2952
v  0.0139 0.7779 4.5543
v  0.0139 0.9265 6.1744
v  0.6916 0.7050 6.1748
v  0.6108 0.5953 4.5548
v  0.0139 1.0898 6.7235
v  0.8109 0.8227 6.7237
v  0.0139 1.2297 7.0921
v  0.9118 0.9231 7.0923
v  0.0139 1.3931 7.4074
v  1.0312 1.0401 7.4076
v  0.0139 1.6552 7.7148
v  1.2284 1.2270 7.7148
v  0.0139 0.7659 8.7886
v  0.6326 0.5340 8.7887
v  0.0139 0.8886 3.3723
v  0.0139 0.8135 3.5217
v  0.0139 1.1608 3.6022
v  0.0139 1.1664 3.7732
v  1.1343 0.9670 4.2368
v  1.1351 0.9497 3.8320
v  0.0139 1.2846 3.8288
v  0.0139 1.3060 4.2336
v  0.0139 1.1918 4.2924
v  0.0139 1.2004 4.4538
v  1.5805 0.7659 -3.3407
v  2.2789 0.0001 -3.3480
v  2.2829 0.0001 -3.5816
v  1.5488 0.7651 -3.5481
v  0.0139 1.0231 -3.2559
v  0.0139 0.9437 -3.1535
v  1.0522 0.6500 -3.1704
v  1.4076 0.7651 -4.3602
v  2.2387 0.0001 -4.4655
v  1.1651 0.0001 -4.4497
v  0.9376 0.2049 -4.4057
v  0.0139 1.0920 -3.4688
v  0.0139 0.9987 -3.4242
v  1.7097 0.8450 -3.6208
v  1.6263 0.8470 -4.1032
v  2.5298 0.0001 -4.2057
v  2.2499 0.0001 -4.2569
v  1.4305 0.7614 -4.1591
v  0.9445 0.0001 4.5565
v  1.6826 0.0001 4.2461
v  0.9865 0.7138 -2.7287
v  0.0139 0.9579 -2.6953
v  0.8780 0.3005 -4.7620
v  1.1774 0.0001 -4.7873
v  0.0139 0.0001 -4.8755
v  0.0139 0.5400 -4.9115
v  0.0139 1.0282 -3.9723
v  0.0139 0.9138 -4.0651
v  0.0139 0.9449 -4.3871
v  0.0139 0.4426 -4.4868
v  2.5223 0.0001 -3.6605
v  1.4636 0.0001 -3.2152
v  1.6800 0.0001 3.8412
v  0.0473 0.8755 3.2188
v  0.0139 0.8677 3.2189
v  0.9158 0.6321 3.2198
v  0.2920 0.8480 1.7891
v  0.1263 0.7620 2.8565
v  0.8385 0.5642 2.8582
v  0.9832 0.5850 1.7913
v  1.1674 0.0001 2.8660
v  1.2238 0.0001 1.8026
v  0.0139 0.9218 -0.2280
v  0.0139 0.8255 0.3325
v  0.7111 0.8606 0.3305
v  1.1086 0.7478 -0.4323
v  0.1524 0.9648 -0.4287
v  1.2605 0.4023 0.3336
v  1.2975 0.0728 -0.4287
v  0.6874 0.7725 -1.5746
v  0.8935 0.5725 -2.2002
v  0.0139 0.8513 -2.1703
v  0.0139 0.8106 -1.5559
v  1.3479 0.1350 -1.5790
v  1.3477 0.0001 -1.8543
v  1.2410 0.0001 -2.2039
v  0.2929 0.6016 2.8565
v  0.1877 0.6492 2.9218
v  0.7999 0.3934 2.9234
v  0.8483 0.2589 2.8582
v  0.9793 0.0001 2.9288
v  0.9224 0.0001 2.8619
v  0.3049 0.7277 1.6828
v  0.2574 0.7339 1.7890
v  0.8629 0.5036 1.7913
v  0.8911 0.4670 1.6851
v  1.0700 0.0001 1.8024
v  1.0515 0.0001 1.6957
v  0.6375 0.8744 0.4323
v  0.3456 0.9375 1.6828
v  1.0153 0.6083 1.6851
v  1.2262 0.4405 0.4353
v  1.2048 0.0001 1.6961
v  1.2467 0.0001 0.4467
v  0.6245 0.7450 0.3305
v  0.5601 0.7571 0.4323
v  1.0758 0.3770 0.4353
v  1.1057 0.3434 0.3336
v  1.0933 0.0001 0.4464
v  1.0928 0.0001 0.3440
v  0.1468 0.7855 -0.5467
v  0.0883 0.7835 -0.4287
v  0.8977 0.5611 -0.4323
v  0.9407 0.5225 -0.5504
v  1.0801 0.0001 -0.4287
v  1.0676 0.0001 -0.5471
v  0.2292 1.0013 -0.5467
v  0.6150 0.8566 -1.4672
v  0.0139 0.8978 -1.4512
v  0.0139 0.9045 -0.5420
v  1.1561 0.7327 -0.5504
v  1.3542 0.1446 -1.4715
v  1.2849 0.0001 -0.5676
v  1.3210 0.0001 -1.4707
v  1.2876 0.0145 -0.5467
v  0.6038 0.6679 -1.5746
v  0.5633 0.6910 -1.4672
v  1.1701 0.1565 -1.4715
v  1.1824 0.1094 -1.5790
v  1.1247 0.0001 -1.4704
v  1.1444 0.0001 -1.5782
v  1.1639 0.1686 -2.2051
v  1.2017 0.0001 -2.2945
v  1.1841 0.0001 -2.3124
v  0.7477 0.5906 -2.3077
v  0.6188 0.6925 -2.2002
v  1.3767 0.0001 -2.3126
v  1.3831 0.0001 -2.3322
v  1.4326 0.0001 -2.6444
v  0.9555 0.7104 -2.6396
v  0.8411 0.6982 -2.3077
v  0.2199 0.7492 2.9218
v  0.2033 0.7618 2.9977
v  0.9168 0.4658 2.9992
v  0.9171 0.4478 2.9234
v  1.1277 0.0001 3.0044
v  1.1107 0.0001 2.9287
v  1.0541 0.7684 -2.7287
v  1.0210 0.7648 -2.6396
v  1.5345 0.0001 -2.6444
v  1.5515 0.0001 -2.7335
v  0.0139 0.7330 2.8568
v  0.0139 0.3295 2.8565
v  0.0139 0.0839 2.8582
v  0.0139 0.0813 2.8664
v  0.8390 0.0001 2.8664
v  0.0277 0.0001 2.9218
v  0.1247 0.0001 2.9234
v  0.0139 0.6798 1.7897
v  0.0139 0.7864 1.7897
v  1.2453 0.0001 0.3443
v  0.0139 0.7141 0.4340
v  0.0139 0.8254 0.4340
v  1.1026 0.0001 -0.4287
v  0.0139 0.7509 -0.4267
v  0.0139 0.8979 -0.4256
v  1.2501 0.0001 -0.5467
v  1.2779 0.0001 -0.5463
v  1.3011 0.0001 -1.5782
v  0.0139 0.6982 -1.4502
v  0.2899 0.0001 -2.2002
v  0.1249 0.0001 -2.1695
v  0.0139 0.7086 -2.1695
v  0.0931 0.0001 -2.3077
v  0.0139 1.0295 -2.6953
v  1.4485 0.0001 -2.7334
v  0.0139 1.0020 -2.6074
v  0.0139 0.9322 -2.6074
v  0.1930 0.8314 3.0928
v  0.2152 0.8144 2.9977
v  0.0139 0.7900 2.9980
v  0.0139 0.8068 3.0931
v  0.9732 0.5238 3.0943
v  0.9736 0.4997 2.9992
v  0.1824 0.7780 3.0928
v  0.0139 0.7549 3.0931
v  0.9164 0.4886 3.0943
v  1.1998 0.0001 3.0044
v  0.0139 0.6121 2.8572
v  0.0139 0.6281 2.9222
v  0.0139 0.6759 1.6836
v  0.0139 0.8721 1.6836
v  0.0139 0.7141 0.3325
v  0.0139 0.7350 -0.5432
v  0.0139 0.7012 -1.5559
v  0.0139 0.7234 -2.2807
v  0.0139 0.6925 -2.1783
v  0.0139 0.8441 -2.2801
v  0.0139 0.7268 2.9222
v  0.0139 0.7390 2.9980
v  -0.6873 0.5532 2.8582
v  -0.2054 0.0001 2.8582
v  -0.0717 0.0001 2.8565
v  0.0139 0.0001 2.9219
v  0.1737 0.0001 -2.2002
v  0.0139 0.1061 -2.2002
v  1.1005 0.0001 -2.2038
v  0.0139 0.1055 -2.2051
v  0.0139 0.1187 -2.2002
v  -0.8748 0.6592 3.3732
v  -1.3130 0.0001 3.3758
v  -1.1437 0.0001 3.5230
v  -0.7333 0.6199 3.5220
v  -1.4921 0.0001 3.6132
v  -1.4916 0.0001 3.7842
v  -0.9939 0.8657 3.7760
v  -0.9943 0.8615 3.6051
v  -1.4949 0.0001 4.3035
v  -1.4960 0.0001 4.4650
v  -0.9932 0.8936 4.4566
v  -0.9933 0.8865 4.2952
v  -0.6639 0.7050 6.1748
v  -0.5830 0.5953 4.5548
v  -0.7832 0.8227 6.7237
v  -0.8841 0.9231 7.0923
v  -1.0036 1.0401 7.4076
v  -1.2007 1.2270 7.7148
v  -0.6048 0.5340 8.7887
v  -1.1073 0.9497 3.8320
v  -1.1066 0.9670 4.2368
v  -1.5528 0.7659 -3.3407
v  -1.5210 0.7651 -3.5481
v  -2.2551 0.0001 -3.5816
v  -2.2513 0.0001 -3.3480
v  -1.0246 0.6500 -3.1704
v  -1.3799 0.7651 -4.3602
v  -0.9100 0.2049 -4.4057
v  -1.1373 0.0001 -4.4497
v  -2.2110 0.0001 -4.4655
v  -1.6820 0.8450 -3.6208
v  -1.5985 0.8470 -4.1032
v  -1.4027 0.7614 -4.1591
v  -2.2222 0.0001 -4.2569
v  -2.5020 0.0001 -4.2057
v  -0.9168 0.0001 4.5565
v  -1.6549 0.0001 4.2461
v  -0.9588 0.7138 -2.7287
v  -0.8503 0.3005 -4.7620
v  -1.1496 0.0001 -4.7873
v  -2.4946 0.0001 -3.6605
v  -1.4359 0.0001 -3.2152
v  -1.6523 0.0001 3.8412
v  -0.0196 0.8755 3.2188
v  -0.8881 0.6321 3.2198
v  -0.2642 0.8480 1.7891
v  -0.9555 0.5850 1.7913
v  -0.8108 0.5642 2.8582
v  -0.0985 0.7620 2.8565
v  -1.1960 0.0001 1.8026
v  -1.1396 0.0001 2.8660
v  -0.6833 0.8606 0.3305
v  -0.1247 0.9648 -0.4287
v  -1.0808 0.7478 -0.4323
v  -1.2698 0.0728 -0.4287
v  -1.2327 0.4023 0.3336
v  -0.6597 0.7725 -1.5746
v  -0.8657 0.5725 -2.2002
v  -1.2132 0.0001 -2.2039
v  -1.3200 0.0001 -1.8543
v  -1.3202 0.1350 -1.5790
v  -0.2654 0.6016 2.8565
v  -0.8206 0.2589 2.8582
v  -0.7721 0.3934 2.9234
v  -0.1600 0.6492 2.9218
v  -0.8946 0.0001 2.8619
v  -0.9516 0.0001 2.9288
v  -0.2771 0.7277 1.6828
v  -0.8633 0.4670 1.6851
v  -0.8352 0.5036 1.7913
v  -0.2297 0.7339 1.7890
v  -1.0238 0.0001 1.6957
v  -1.0422 0.0001 1.8024
v  -0.6097 0.8744 0.4323
v  -1.1985 0.4405 0.4353
v  -0.9875 0.6083 1.6851
v  -0.3181 0.9375 1.6828
v  -1.2190 0.0001 0.4467
v  -1.1770 0.0001 1.6961
v  -0.5968 0.7450 0.3305
v  -1.0780 0.3434 0.3336
v  -1.0480 0.3770 0.4353
v  -0.5323 0.7571 0.4323
v  -1.0650 0.0001 0.3440
v  -1.0656 0.0001 0.4464
v  -0.1191 0.7855 -0.5467
v  -0.9130 0.5225 -0.5504
v  -0.8700 0.5611 -0.4323
v  -0.0605 0.7835 -0.4287
v  -1.0399 0.0001 -0.5471
v  -1.0524 0.0001 -0.4287
v  -0.2015 1.0013 -0.5467
v  -0.5873 0.8566 -1.4672
v  -1.3265 0.1446 -1.4715
v  -1.1284 0.7327 -0.5504
v  -1.2934 0.0001 -1.4707
v  -1.2572 0.0001 -0.5676
v  -1.2598 0.0145 -0.5467
v  -0.5761 0.6679 -1.5746
v  -1.1546 0.1094 -1.5790
v  -1.1423 0.1565 -1.4715
v  -0.5355 0.6910 -1.4672
v  -1.1167 0.0001 -1.5782
v  -1.0970 0.0001 -1.4704
v  -1.1564 0.0001 -2.3124
v  -1.1740 0.0001 -2.2945
v  -1.1362 0.1686 -2.2051
v  -0.5910 0.6925 -2.2002
v  -0.7199 0.5906 -2.3077
v  -1.4049 0.0001 -2.6443
v  -1.3554 0.0001 -2.3322
v  -1.3490 0.0001 -2.3126
v  -0.8133 0.6982 -2.3077
v  -0.9278 0.7104 -2.6396
v  -0.1922 0.7492 2.9218
v  -0.8895 0.4478 2.9234
v  -0.8890 0.4658 2.9992
v  -0.1755 0.7618 2.9977
v  -1.0829 0.0001 2.9287
v  -1.1000 0.0001 3.0044
v  -1.0264 0.7684 -2.7287
v  -1.5238 0.0001 -2.7334
v  -1.5070 0.0001 -2.6444
v  -0.9933 0.7648 -2.6396
v  -0.8112 0.0001 2.8664
v  -0.0970 0.0001 2.9234
v  -0.0000 0.0001 2.9218
v  -1.2176 0.0001 0.3443
v  -1.0749 0.0001 -0.4287
v  -1.2223 0.0001 -0.5467
v  -1.2501 0.0001 -0.5463
v  -1.2734 0.0001 -1.5782
v  -0.0972 0.0001 -2.1695
v  -0.2621 0.0001 -2.2002
v  -0.0654 0.0001 -2.3077
v  -1.4207 0.0001 -2.7334
v  -0.1653 0.8314 3.0928
v  -0.1875 0.8144 2.9977
v  -0.9454 0.5238 3.0943
v  -0.9459 0.4997 2.9992
v  -0.1547 0.7780 3.0928
v  -0.8887 0.4886 3.0943
v  -1.1721 0.0001 3.0044
v  0.2332 0.0001 2.8582
v  0.7150 0.5532 2.8582
v  0.0995 0.0001 2.8565
v  -0.1460 0.0001 -2.2002
v  -1.0728 0.0001 -2.2038
v  5.5326 0.2160 -4.7485
v  5.5419 0.0001 -4.7332
v  5.5738 0.0001 -4.5153
v  7.5270 0.1202 -7.5461
v  7.0236 0.0001 -6.3171
v  7.5690 0.0001 -7.4999
v  1.2859 1.0192 -5.0309
v  1.2948 1.0667 -4.6934
v  2.2865 0.8434 -4.8973
v  2.2162 0.6615 -5.2809
v  1.3022 0.4210 -4.2646
v  2.3708 0.5459 -4.5555
v  4.6295 0.5754 -5.3575
v  4.5213 0.4833 -5.7032
v  4.4058 0.1672 -6.2016
v  1.1314 0.7520 -4.0462
v  1.1383 0.0001 -3.9921
v  2.3460 0.0001 -4.1974
v  2.3368 0.9168 -4.3672
v  2.9499 0.0001 -4.3329
v  4.5946 0.3245 -4.8693
v  4.5919 0.8894 -5.1651
v  1.0983 0.2348 -5.5226
v  0.2296 0.3786 -6.2077
v  0.2388 1.4907 -6.0017
v  1.1159 1.4431 -5.3139
v  2.5805 0.0001 -6.0189
v  2.1373 0.0609 -5.8289
v  2.1999 0.9829 -5.4596
v  4.3193 0.4035 -6.3410
v  4.1981 0.0001 -6.6749
v  5.9094 0.3764 -6.2288
v  5.6295 0.0001 -6.9808
v  5.2424 0.0001 -6.8530
v  5.7873 0.6265 -5.3347
v  6.0805 0.3196 -5.2061
v  6.7245 0.2459 -7.0566
v  6.1056 0.0001 -8.2123
v  5.4888 0.4856 -4.6780
v  5.5756 0.8863 -5.0127
v  4.5962 0.0626 -4.8445
v  1.1299 1.5913 -4.6433
v  0.2243 1.7142 -5.1904
v  0.2211 0.8396 -3.9982
v  5.6501 0.1029 -8.8640
v  5.5331 0.0001 -8.9028
v  5.3388 0.0001 -7.2433
v  5.3770 0.1253 -7.1215
v  7.0123 0.4614 -7.2405
v  6.8815 0.0001 -8.2851
v  5.5601 0.0001 -9.0601
v  5.8489 0.3895 -4.6936
v  5.7991 0.0001 -4.2314
v  2.1355 0.0001 -5.8391
v  1.0970 0.0001 -5.5204
v  5.5505 0.0001 -4.1525
v  1.2960 1.5688 -4.7038
v  1.2873 1.4828 -5.0475
v  2.2143 1.0762 -5.2694
v  4.4021 0.4651 -6.1808
v  5.5867 0.1829 -7.1069
v  6.0471 0.2096 -8.2991
v  6.7316 0.4505 -7.0280
v  5.9894 0.5290 -5.1060
v  5.7027 0.8201 -5.2354
v  4.6185 0.8828 -5.3189
v  2.3679 1.0339 -4.5433
v  1.3006 0.9698 -4.2530
v  5.5814 0.0001 -7.1131
v  6.0666 0.0001 -8.2837
v  0.2257 0.0001 -6.1840
v  5.6347 0.0001 -4.1767
v  4.3325 0.0001 -4.7411
v  0.0111 0.0001 -6.7297
v  0.0111 0.3345 -6.7329
v  0.0111 1.3411 -6.4466
v  0.0111 1.6634 -5.4820
v  0.0111 0.8984 -3.9532
v  -5.5106 0.2444 -4.7485
v  -5.5573 0.0001 -4.4833
v  -5.5212 0.0001 -4.7305
v  -7.5049 0.1811 -7.5461
v  -7.5689 0.0171 -7.4757
v  -6.7252 0.0070 -5.6429
v  -6.6820 0.0001 -8.4880
v  -7.3358 0.0001 -7.7420
v  -1.2636 1.0215 -5.0309
v  -2.1940 0.6693 -5.2809
v  -2.2643 0.8490 -4.8973
v  -1.2726 1.0687 -4.6934
v  -2.3486 0.5532 -4.5555
v  -1.2800 0.4245 -4.2646
v  -4.6072 0.5938 -5.3575
v  -4.4991 0.5051 -5.7032
v  -4.3835 0.2042 -6.2016
v  -1.1092 0.7533 -4.0462
v  -2.3146 0.9205 -4.3672
v  -2.3239 0.0001 -4.1959
v  -1.1161 0.0001 -3.9919
v  -2.8680 0.0001 -4.3134
v  -4.5697 0.8988 -5.1651
v  -4.5724 0.3470 -4.8693
v  -0.2166 1.4907 -6.0017
v  -0.2073 0.3799 -6.2077
v  -1.0761 0.2426 -5.5226
v  -1.0936 1.4435 -5.3139
v  -2.1777 0.9866 -5.4596
v  -2.1151 0.0813 -5.8289
v  -2.7889 0.0001 -6.1177
v  -4.1615 0.0001 -6.7144
v  -4.2971 0.4273 -6.3410
v  -5.5297 0.0001 -7.0940
v  -5.5611 0.0001 -7.1050
v  -5.8872 0.4119 -6.2288
v  -5.7652 0.6466 -5.3347
v  -6.0583 0.3535 -5.2061
v  -6.7022 0.2945 -7.0566
v  -5.6407 0.0001 -7.3150
v  -6.0457 0.0238 -8.2826
v  -5.5533 0.8966 -5.0127
v  -5.4668 0.5041 -4.6780
v  -4.5741 0.0932 -4.8445
v  -0.1989 0.8398 -3.9982
v  -0.2020 1.7142 -5.1904
v  -1.1077 1.5918 -4.6433
v  -5.6278 0.1166 -8.8640
v  -5.3548 0.1701 -7.1215
v  -5.2995 0.0001 -7.2979
v  -5.4943 0.0001 -8.9082
v  -6.9902 0.4951 -7.2405
v  -5.5317 0.0001 -9.0736
v  -6.5936 0.0001 -5.4382
v  -5.7745 0.0001 -4.2081
v  -5.8268 0.4122 -4.6936
v  -1.0749 0.0001 -5.5203
v  -2.1126 0.0001 -5.8429
v  -5.5303 0.0001 -4.1354
v  -1.2651 1.4833 -5.0475
v  -1.2738 1.5692 -4.7038
v  -2.1922 1.0793 -5.2694
v  -4.3800 0.4871 -6.1808
v  -5.5645 0.2254 -7.1069
v  -6.0250 0.2359 -8.2991
v  -6.7094 0.4843 -7.0280
v  -5.9672 0.5520 -5.1060
v  -5.6805 0.8328 -5.2354
v  -4.5964 0.8922 -5.3189
v  -2.3456 1.0374 -4.5433
v  -1.2785 0.9714 -4.2530
v  -5.5574 0.0001 -7.1152
v  -0.2035 0.0001 -6.1838
v  -5.6033 0.0001 -4.1546
v  -4.1939 0.0001 -4.6954
v  -7.5624 0.0001 -7.4828
v  1.3476 0.3039 -5.3938
v  1.3476 0.2603 -20.8575
v  -1.3163 0.2603 -20.8575
v  -1.3163 0.3039 -5.3938
v  3.0770 0.0001 -5.0882
v  3.0769 0.0001 -20.8362
v  1.3476 0.5870 -20.8591
v  1.3476 0.6451 -5.0882
v  1.3476 0.0067 -45.0165
v  0.0156 0.0270 -46.8467
v  -1.3163 0.0067 -45.0165
v  3.0752 0.0001 -47.2627
v  1.3476 0.2490 -45.0190
v  0.0156 0.2759 -46.8492
v  0.0156 0.0001 -54.0270
v  -1.0197 0.0001 -52.0055
v  -1.3163 0.2490 -45.0190
v  1.0508 0.0001 -52.0055
v  -1.3163 0.5870 -20.8591
v  -1.3163 0.6451 -5.0882
v  1.0620 0.0001 6.1760
v  1.2321 0.0001 6.7245
v  1.3758 0.0001 7.0928
v  1.5457 0.0001 7.4079
v  1.8253 0.0001 7.7150
v  0.8772 0.0001 8.7888
v  0.0139 0.0001 8.7888
v  0.0139 0.1089 2.8582
v  0.1086 0.0001 2.8582
v  0.0799 0.0001 -2.3077
v  1.3153 0.0001 3.2230
v  1.2541 0.0001 -0.4264
v  -0.4392 0.6289 2.8582
v  0.1366 0.0001 2.8565
v  0.0317 0.0001 2.9218
v  0.0139 0.0001 2.9233
v  0.0139 0.0001 -2.2785
v  1.2234 0.0001 3.0993
v  1.1499 0.0001 3.0993
v  0.4037 0.0001 2.8582
v  0.1383 0.0001 2.9234
v  -0.2281 0.6925 -2.1695
v  -0.1196 0.0001 -2.1695
v  -0.1113 0.0001 -2.2002
v  0.0039 0.0001 -2.2765
v  -0.0997 0.7438 -2.2765
v  -1.0343 0.0001 6.1760
v  -1.2043 0.0001 6.7245
v  -1.3481 0.0001 7.0928
v  -1.5179 0.0001 7.4079
v  -1.7976 0.0001 7.7150
v  -0.8495 0.0001 8.7888
v  -0.0809 0.0001 2.8582
v  -0.0522 0.0001 -2.3077
v  -1.2875 0.0001 3.2230
v  -1.2264 0.0001 -0.4264
v  -0.1089 0.0001 2.8565
v  0.4669 0.6289 2.8582
v  -0.0042 0.0001 2.9218
v  -1.1959 0.0001 3.0993
v  -1.1222 0.0001 3.0993
v  -0.3759 0.0001 2.8582
v  -0.1105 0.0001 2.9234
v  0.1473 0.0001 -2.1695
v  0.2559 0.6925 -2.1695
v  0.1391 0.0001 -2.2002
v  0.1273 0.7438 -2.2765
v  0.0238 0.0001 -2.2765
v  4.5958 0.0001 -4.8340
v  0.2220 0.0001 -3.8700
v  0.0111 0.0001 -3.7533
v  -4.5734 0.0001 -4.8284
v  -0.1999 0.0001 -3.8700
v  -6.7596 0.0001 -5.7269
v  -3.0456 0.0001 -20.8362
v  -3.0457 0.0001 -5.0882
v  -3.0439 0.0001 -47.2627
v  -1.3163 0.0001 -5.0882
v  1.3476 0.0001 -5.0882
v  0.9025 -0.6592 3.3732
v  0.7611 -0.6198 3.5220
v  1.0216 -0.8658 3.7760
v  1.0219 -0.8615 3.6051
v  1.0210 -0.8935 4.4566
v  1.0210 -0.8864 4.2952
v  0.6916 -0.7050 6.1748
v  0.0139 -0.9265 6.1744
v  0.0139 -0.7778 4.5543
v  0.6108 -0.5953 4.5548
v  0.8109 -0.8227 6.7237
v  0.0139 -1.0898 6.7235
v  0.9118 -0.9230 7.0923
v  0.0139 -1.2296 7.0921
v  1.0312 -1.0401 7.4076
v  0.0139 -1.3930 7.4074
v  1.2284 -1.2269 7.7148
v  0.0139 -1.6553 7.7148
v  0.6326 -0.5340 8.7887
v  0.0139 -0.7660 8.7886
v  0.0139 -0.8885 3.3723
v  0.0139 -0.8134 3.5217
v  0.0139 -1.1608 3.6022
v  0.0139 -1.1664 3.7732
v  0.0139 -1.2847 3.8288
v  1.1351 -0.9496 3.8320
v  1.1343 -0.9668 4.2368
v  0.0139 -1.3059 4.2336
v  0.0139 -1.1918 4.2924
v  0.0139 -1.2004 4.4538
v  1.5805 -0.7660 -3.3407
v  1.5488 -0.7652 -3.5481
v  0.0139 -1.0231 -3.2559
v  1.0522 -0.6499 -3.1704
v  0.0139 -0.9437 -3.1535
v  1.4076 -0.7649 -4.3602
v  0.9376 -0.2049 -4.4057
v  0.0139 -1.0919 -3.4688
v  1.7097 -0.8450 -3.6208
v  0.0139 -0.9987 -3.4242
v  1.6263 -0.8471 -4.1032
v  1.4305 -0.7613 -4.1591
v  0.9865 -0.7136 -2.7287
v  0.0139 -0.9579 -2.6953
v  0.8780 -0.3004 -4.7620
v  0.0139 -0.5398 -4.9115
v  0.0139 -1.0282 -3.9723
v  0.0139 -0.9139 -4.0651
v  0.0139 -0.9449 -4.3871
v  0.0139 -0.4426 -4.4868
v  0.0139 -0.8677 3.2189
v  0.0473 -0.8755 3.2188
v  0.9158 -0.6320 3.2198
v  0.2920 -0.8479 1.7891
v  0.9832 -0.5850 1.7913
v  0.8385 -0.5642 2.8582
v  0.1263 -0.7618 2.8565
v  0.7111 -0.8607 0.3305
v  0.0139 -0.8255 0.3325
v  0.0139 -0.9218 -0.2280
v  0.1524 -0.9647 -0.4287
v  1.1086 -0.7477 -0.4323
v  1.2975 -0.0728 -0.4287
v  1.2605 -0.4022 0.3336
v  0.6874 -0.7725 -1.5746
v  0.0139 -0.8106 -1.5559
v  0.0139 -0.8512 -2.1703
v  0.8935 -0.5724 -2.2002
v  1.3479 -0.1350 -1.5790
v  0.2929 -0.6016 2.8565
v  0.8483 -0.2589 2.8582
v  0.7999 -0.3934 2.9234
v  0.1877 -0.6490 2.9218
v  0.3049 -0.7276 1.6828
v  0.8911 -0.4669 1.6851
v  0.8629 -0.5035 1.7913
v  0.2574 -0.7339 1.7890
v  0.6375 -0.8744 0.4323
v  1.2262 -0.4405 0.4353
v  1.0153 -0.6082 1.6851
v  0.3456 -0.9374 1.6828
v  0.6245 -0.7449 0.3305
v  1.1057 -0.3435 0.3336
v  1.0758 -0.3769 0.4353
v  0.5601 -0.7570 0.4323
v  0.1468 -0.7855 -0.5467
v  0.9407 -0.5225 -0.5504
v  0.8977 -0.5612 -0.4323
v  0.0883 -0.7835 -0.4287
v  0.2292 -1.0013 -0.5467
v  0.0139 -0.9044 -0.5420
v  0.0139 -0.8977 -1.4512
v  0.6150 -0.8566 -1.4672
v  1.3542 -0.1446 -1.4715
v  1.1561 -0.7326 -0.5504
v  1.2876 -0.0145 -0.5467
v  0.6038 -0.6679 -1.5746
v  1.1824 -0.1094 -1.5790
v  1.1701 -0.1565 -1.4715
v  0.5633 -0.6909 -1.4672
v  1.1639 -0.1686 -2.2051
v  0.6188 -0.6924 -2.2002
v  0.7477 -0.5906 -2.3077
v  0.8411 -0.6981 -2.3077
v  0.9555 -0.7103 -2.6396
v  0.2199 -0.7491 2.9218
v  0.9171 -0.4478 2.9234
v  0.9168 -0.4658 2.9992
v  0.2033 -0.7618 2.9977
v  1.0541 -0.7684 -2.7287
v  1.0210 -0.7648 -2.6396
v  0.0139 -0.7330 2.8568
v  0.0139 -0.3293 2.8565
v  0.0139 -0.0839 2.8582
v  0.0139 -0.0813 2.8664
v  0.0139 -0.7862 1.7897
v  0.0139 -0.6798 1.7897
v  0.0139 -0.8253 0.4340
v  0.0139 -0.7140 0.4340
v  0.0139 -0.8979 -0.4256
v  0.0139 -0.7509 -0.4267
v  0.0139 -0.6981 -1.4502
v  0.0139 -0.7085 -2.1695
v  0.0139 -1.0295 -2.6953
v  0.0139 -0.9322 -2.6074
v  0.0139 -1.0020 -2.6074
v  0.1930 -0.8314 3.0928
v  0.0139 -0.8069 3.0931
v  0.0139 -0.7898 2.9980
v  0.2152 -0.8142 2.9977
v  0.9732 -0.5238 3.0943
v  0.9736 -0.4997 2.9992
v  0.0139 -0.7548 3.0931
v  0.1824 -0.7779 3.0928
v  0.9164 -0.4886 3.0943
v  0.0139 -0.6120 2.8572
v  0.0139 -0.6281 2.9222
v  0.0139 -0.6758 1.6836
v  0.0139 -0.8720 1.6836
v  0.0139 -0.7142 0.3325
v  0.0139 -0.7350 -0.5432
v  0.0139 -0.7012 -1.5559
v  0.0139 -0.7232 -2.2807
v  0.0139 -0.6924 -2.1783
v  0.0139 -0.8442 -2.2801
v  0.0139 -0.7268 2.9222
v  0.0139 -0.7390 2.9980
v  -0.6873 -0.5533 2.8582
v  0.0139 -0.1061 -2.2002
v  0.0139 -0.1055 -2.2051
v  0.0139 -0.1187 -2.2002
v  -0.8748 -0.6592 3.3732
v  -0.7333 -0.6198 3.5220
v  -0.9939 -0.8658 3.7760
v  -0.9943 -0.8615 3.6051
v  -0.9932 -0.8935 4.4566
v  -0.9933 -0.8864 4.2952
v  -0.6639 -0.7050 6.1748
v  -0.5830 -0.5953 4.5548
v  -0.7832 -0.8227 6.7237
v  -0.8841 -0.9230 7.0923
v  -1.0036 -1.0401 7.4076
v  -1.2007 -1.2269 7.7148
v  -0.6048 -0.5340 8.7887
v  -1.1066 -0.9668 4.2368
v  -1.1073 -0.9496 3.8320
v  -1.5528 -0.7660 -3.3407
v  -1.5210 -0.7652 -3.5481
v  -1.0246 -0.6499 -3.1704
v  -1.3799 -0.7649 -4.3602
v  -0.9100 -0.2049 -4.4057
v  -1.6820 -0.8450 -3.6208
v  -1.5985 -0.8471 -4.1032
v  -1.4027 -0.7613 -4.1591
v  -0.9588 -0.7136 -2.7287
v  -0.8503 -0.3004 -4.7620
v  -0.0196 -0.8755 3.2188
v  -0.8881 -0.6320 3.2198
v  -0.2642 -0.8479 1.7891
v  -0.0985 -0.7618 2.8565
v  -0.8108 -0.5642 2.8582
v  -0.9555 -0.5850 1.7913
v  -0.6833 -0.8607 0.3305
v  -1.0808 -0.7477 -0.4323
v  -0.1247 -0.9647 -0.4287
v  -1.2327 -0.4022 0.3336
v  -1.2698 -0.0728 -0.4287
v  -0.6597 -0.7725 -1.5746
v  -0.8657 -0.5724 -2.2002
v  -1.3202 -0.1350 -1.5790
v  -0.2654 -0.6016 2.8565
v  -0.1600 -0.6490 2.9218
v  -0.7721 -0.3934 2.9234
v  -0.8206 -0.2589 2.8582
v  -0.2771 -0.7276 1.6828
v  -0.2297 -0.7339 1.7890
v  -0.8352 -0.5035 1.7913
v  -0.8633 -0.4669 1.6851
v  -0.6097 -0.8744 0.4323
v  -0.3181 -0.9374 1.6828
v  -0.9875 -0.6082 1.6851
v  -1.1985 -0.4405 0.4353
v  -0.5968 -0.7449 0.3305
v  -0.5323 -0.7570 0.4323
v  -1.0480 -0.3769 0.4353
v  -1.0780 -0.3435 0.3336
v  -0.1191 -0.7855 -0.5467
v  -0.0605 -0.7835 -0.4287
v  -0.8700 -0.5612 -0.4323
v  -0.9130 -0.5225 -0.5504
v  -0.2015 -1.0013 -0.5467
v  -0.5873 -0.8566 -1.4672
v  -1.1284 -0.7326 -0.5504
v  -1.3265 -0.1446 -1.4715
v  -1.2598 -0.0145 -0.5467
v  -0.5761 -0.6679 -1.5746
v  -0.5355 -0.6909 -1.4672
v  -1.1423 -0.1565 -1.4715
v  -1.1546 -0.1094 -1.5790
v  -1.1362 -0.1686 -2.2051
v  -0.7199 -0.5906 -2.3077
v  -0.5910 -0.6924 -2.2002
v  -0.8133 -0.6981 -2.3077
v  -0.9278 -0.7103 -2.6396
v  -0.1922 -0.7491 2.9218
v  -0.1755 -0.7618 2.9977
v  -0.8890 -0.4658 2.9992
v  -0.8895 -0.4478 2.9234
v  -1.0264 -0.7684 -2.7287
v  -0.9933 -0.7648 -2.6396
v  -0.1653 -0.8314 3.0928
v  -0.1875 -0.8142 2.9977
v  -0.9454 -0.5238 3.0943
v  -0.9459 -0.4997 2.9992
v  -0.1547 -0.7779 3.0928
v  -0.8887 -0.4886 3.0943
v  0.7150 -0.5533 2.8582
v  5.5326 -0.2160 -4.7485
v  7.5270 -0.1201 -7.5461
v  1.2859 -1.0192 -5.0309
v  2.2162 -0.6614 -5.2809
v  2.2865 -0.8435 -4.8973
v  1.2948 -1.0666 -4.6934
v  2.3708 -0.5458 -4.5555
v  1.3022 -0.4211 -4.2646
v  4.6295 -0.5753 -5.3575
v  4.5213 -0.4832 -5.7032
v  4.4058 -0.1672 -6.2016
v  1.1314 -0.7520 -4.0462
v  2.3368 -0.9168 -4.3672
v  4.5919 -0.8895 -5.1651
v  4.5946 -0.3244 -4.8693
v  0.2388 -1.4906 -6.0017
v  0.2296 -0.3785 -6.2077
v  1.0983 -0.2348 -5.5226
v  1.1159 -1.4431 -5.3139
v  2.1999 -0.9829 -5.4596
v  2.1373 -0.0609 -5.8289
v  4.3193 -0.4035 -6.3410
v  5.9094 -0.3763 -6.2288
v  5.7873 -0.6265 -5.3347
v  6.0805 -0.3194 -5.2061
v  6.7245 -0.2459 -7.0566
v  5.5756 -0.8863 -5.0127
v  5.4888 -0.4854 -4.6780
v  4.5962 -0.0626 -4.8445
v  0.2211 -0.8396 -3.9982
v  0.2243 -1.7143 -5.1904
v  1.1299 -1.5914 -4.6433
v  5.6501 -0.1029 -8.8640
v  5.3770 -0.1253 -7.1215
v  7.0123 -0.4615 -7.2405
v  5.8489 -0.3896 -4.6936
v  1.2873 -1.4827 -5.0475
v  1.2960 -1.5688 -4.7038
v  2.2143 -1.0762 -5.2694
v  4.4021 -0.4651 -6.1808
v  5.5867 -0.1827 -7.1069
v  6.0471 -0.2096 -8.2991
v  6.7316 -0.4505 -7.0280
v  5.9894 -0.5290 -5.1060
v  5.7027 -0.8201 -5.2354
v  4.6185 -0.8827 -5.3189
v  2.3679 -1.0338 -4.5433
v  1.3006 -0.9697 -4.2530
v  0.0111 -0.3345 -6.7329
v  0.0111 -1.3411 -6.4466
v  0.0111 -1.6635 -5.4820
v  0.0111 -0.8984 -3.9532
v  -5.5106 -0.2444 -4.7485
v  -7.5049 -0.1809 -7.5461
v  -6.7252 -0.0070 -5.6429
v  -7.5689 -0.0170 -7.4757
v  -1.2636 -1.0215 -5.0309
v  -1.2726 -1.0685 -4.6934
v  -2.2643 -0.8490 -4.8973
v  -2.1940 -0.6693 -5.2809
v  -1.2800 -0.4245 -4.2646
v  -2.3486 -0.5533 -4.5555
v  -4.6072 -0.5938 -5.3575
v  -4.4991 -0.5052 -5.7032
v  -4.3835 -0.2042 -6.2016
v  -1.1092 -0.7533 -4.0462
v  -2.3146 -0.9204 -4.3672
v  -4.5724 -0.3471 -4.8693
v  -4.5697 -0.8988 -5.1651
v  -1.0761 -0.2426 -5.5226
v  -0.2073 -0.3799 -6.2077
v  -0.2166 -1.4906 -6.0017
v  -1.0936 -1.4434 -5.3139
v  -2.1151 -0.0813 -5.8289
v  -2.1777 -0.9866 -5.4596
v  -4.2971 -0.4272 -6.3410
v  -5.8872 -0.4119 -6.2288
v  -5.7652 -0.6464 -5.3347
v  -6.0583 -0.3535 -5.2061
v  -6.7022 -0.2944 -7.0566
v  -6.0457 -0.0238 -8.2826
v  -5.4668 -0.5039 -4.6780
v  -5.5533 -0.8965 -5.0127
v  -4.5741 -0.0932 -4.8445
v  -1.1077 -1.5918 -4.6433
v  -0.2020 -1.7143 -5.1904
v  -0.1989 -0.8397 -3.9982
v  -5.6278 -0.1166 -8.8640
v  -5.3548 -0.1700 -7.1215
v  -6.9902 -0.4951 -7.2405
v  -5.8268 -0.4121 -4.6936
v  -1.2738 -1.5692 -4.7038
v  -1.2651 -1.4833 -5.0475
v  -2.1922 -1.0793 -5.2694
v  -4.3800 -0.4870 -6.1808
v  -5.5645 -0.2254 -7.1069
v  -6.0250 -0.2358 -8.2991
v  -6.7094 -0.4843 -7.0280
v  -5.9672 -0.5520 -5.1060
v  -5.6805 -0.8328 -5.2354
v  -4.5964 -0.8923 -5.3189
v  -2.3456 -1.0373 -4.5433
v  -1.2785 -0.9714 -4.2530
v  -1.3163 -0.2603 -20.8575
v  1.3476 -0.2603 -20.8575
v  1.3476 -0.3038 -5.3938
v  -1.3163 -0.3038 -5.3938
v  1.3476 -0.5871 -20.8591
v  1.3476 -0.6452 -5.0882
v  -1.3163 -0.0067 -45.0165
v  0.0156 -0.0270 -46.8467
v  1.3476 -0.0067 -45.0165
v  1.3476 -0.2490 -45.0190
v  0.0156 -0.2758 -46.8492
v  -1.3163 -0.2490 -45.0190
v  -1.3163 -0.5871 -20.8591
v  -1.3163 -0.6452 -5.0882
v  0.0139 -0.1087 2.8582
v  -0.4392 -0.6289 2.8582
v  -0.2281 -0.6924 -2.1695
v  -0.0997 -0.7437 -2.2765
v  0.4669 -0.6289 2.8582
v  0.2559 -0.6924 -2.1695
v  0.1273 -0.7437 -2.2765
# 957 vertices

vn 0.6041 0.7487 0.2729
vn 0.4936 0.7553 -0.4310
vn 0.9433 0.0000 -0.3319
vn 0.9544 -0.0000 0.2984
vn 0.4970 0.5745 -0.6503
vn 0.7432 -0.0000 -0.6690
vn 0.8433 0.0000 -0.5375
vn 0.5482 0.6106 -0.5715
vn 0.5518 0.6208 0.5569
vn 0.8206 -0.0000 0.5714
vn 0.7508 0.0000 0.6605
vn 0.5159 0.5925 0.6187
vn 0.0000 0.7413 0.6711
vn 0.0000 0.9743 -0.2254
vn 0.6719 0.7101 -0.2105
vn 0.4768 0.5363 0.6965
vn -0.0000 0.9284 -0.3715
vn 0.6501 0.6721 -0.3544
vn -0.0000 0.8826 -0.4702
vn 0.6252 0.6376 -0.4502
vn 0.0000 0.7748 -0.6322
vn 0.5559 0.5599 -0.6144
vn -0.0000 1.0000 -0.0064
vn 0.6969 0.7172 -0.0064
vn -0.0000 0.4691 0.8831
vn 0.3585 0.3186 0.8775
vn 0.0000 0.9741 0.2260
vn 0.0000 0.8780 -0.4787
vn 0.0000 0.8057 -0.5923
vn -0.0000 0.7713 -0.6365
vn 0.5802 0.6510 0.4895
vn 0.5726 0.6266 -0.5286
vn -0.0000 0.8430 -0.5379
vn -0.0000 0.8815 0.4722
vn 0.0000 0.8121 0.5835
vn -0.0000 0.8369 0.5474
vn 0.5021 0.7223 0.4756
vn 0.8353 -0.0000 0.5497
vn 0.6669 -0.0000 0.7451
vn 0.4018 0.7068 0.5822
vn 0.0000 0.9598 0.2806
vn -0.0000 0.9300 0.3675
vn 0.5061 0.6120 0.6077
vn 0.3352 0.7100 -0.6193
vn 0.7805 0.0000 -0.6251
vn 0.4790 0.0000 -0.8778
vn 0.3776 0.5840 -0.7185
vn -0.0000 0.8700 0.4931
vn -0.0000 0.8707 0.4919
vn 0.4938 0.7350 0.4646
vn 0.3496 0.7536 -0.5567
vn 0.8392 -0.0000 -0.5438
vn 0.5793 0.0000 -0.8151
vn 0.2760 0.7275 -0.6282
vn 0.6838 -0.0000 0.7297
vn 0.8603 -0.0000 0.5097
vn 0.3226 0.4842 -0.8133
vn -0.0000 0.6087 -0.7934
vn 0.4884 0.7730 -0.4050
vn 0.8253 0.0000 -0.5647
vn 0.0000 0.0000 -1.0000
vn 0.0000 0.7929 -0.6094
vn 0.0000 0.8666 -0.4990
vn 0.0000 0.8941 -0.4479
vn -0.0000 0.8168 -0.5770
vn 0.0000 0.8136 -0.5814
vn 0.8700 0.0000 0.4930
vn 0.6227 0.0000 0.7825
vn 0.8590 -0.0000 -0.5120
vn 0.0074 0.9169 -0.3991
vn 0.0000 0.8720 -0.4894
vn 0.5791 0.7000 -0.4180
vn 0.0898 0.7962 -0.5983
vn -0.0138 0.7341 0.6789
vn 0.4717 0.5774 0.6664
vn 0.6086 0.5352 -0.5858
vn 0.7674 0.0000 0.6411
vn 0.7883 0.0000 -0.6153
vn 0.0000 0.9910 0.1339
vn 0.0000 0.6181 0.7861
vn 0.1802 0.7761 0.6044
vn 0.6956 0.5235 -0.4921
vn 0.0046 0.8467 -0.5320
vn 0.7342 0.3993 0.5492
vn 0.7964 -0.1763 -0.5785
vn 0.3013 0.7876 0.5375
vn 0.5608 0.5253 -0.6400
vn -0.0000 0.7998 -0.6003
vn -0.0000 0.6882 0.7255
vn 0.7913 0.3025 0.5314
vn 0.9778 0.0000 -0.2095
vn 0.6866 0.0000 -0.7270
vn 0.3996 0.6813 -0.6133
vn -0.0034 0.9329 0.3601
vn 0.5777 0.7805 0.2388
vn 0.7155 0.2378 -0.6568
vn 0.9319 0.0000 0.3628
vn 0.4731 -0.0000 -0.8810
vn 0.1348 0.5832 0.8011
vn -0.0033 0.5882 -0.8087
vn 0.3651 0.4018 -0.8398
vn 0.4856 0.3305 0.8093
vn 0.5453 -0.0000 -0.8383
vn 0.6980 -0.0000 0.7161
vn 0.2835 0.7330 -0.6183
vn 0.0734 0.7825 0.6183
vn 0.5814 0.5041 0.6387
vn 0.7439 0.3064 -0.5940
vn 0.7422 0.0000 0.6702
vn 0.7330 0.0000 -0.6802
vn 0.2474 0.4566 0.8546
vn 0.0964 0.5739 -0.8133
vn 0.5220 0.3127 -0.7936
vn 0.4945 0.1582 0.8547
vn 0.6910 0.0000 -0.7228
vn 0.7212 0.0000 0.6927
vn 0.0673 0.5611 0.8250
vn -0.1268 0.5602 -0.8186
vn 0.3259 0.4178 -0.8481
vn 0.4374 0.2753 0.8561
vn 0.5950 -0.0000 -0.8037
vn 0.6939 -0.0000 0.7201
vn -0.1383 0.8358 0.5314
vn 0.4167 0.6749 -0.6090
vn -0.0000 0.7255 -0.6882
vn 0.0000 0.5550 0.8318
vn 0.5780 0.6833 0.4462
vn 0.8251 0.0704 -0.5606
vn 0.9947 0.0000 0.1031
vn 0.6733 -0.0000 -0.7393
vn 0.7983 -0.0239 0.6018
vn 0.3342 0.4951 0.8020
vn 0.1498 0.5279 -0.8360
vn 0.4750 0.2079 -0.8551
vn 0.5227 0.0377 0.8517
vn 0.8072 -0.0000 -0.5903
vn 0.7010 0.0000 0.7132
vn 0.8093 0.4740 0.3470
vn 0.9902 0.0000 -0.1395
vn 0.4881 0.0000 -0.8728
vn 0.6223 0.5519 -0.5550
vn 0.1944 0.9208 0.3381
vn 0.6981 -0.0000 0.7160
vn 1.0000 0.0000 -0.0000
vn 0.4874 0.0000 0.8732
vn 0.3395 0.3608 0.8686
vn 0.3682 0.6063 0.7049
vn 0.1549 0.6975 -0.6996
vn 0.0634 0.5588 -0.8269
vn 0.3761 0.3705 -0.8493
vn 0.5615 0.4467 -0.6966
vn 0.5171 0.0000 -0.8559
vn 0.6996 -0.0000 -0.7146
vn 0.5622 0.6373 -0.5270
vn 0.3975 0.5722 0.7174
vn 0.7344 0.0000 0.6787
vn 0.8395 -0.0000 -0.5433
vn -0.0000 0.4173 0.9088
vn -0.0114 0.0025 0.9999
vn 0.0000 0.6787 0.7344
vn 0.0000 0.7180 -0.6961
vn 0.0010 0.0000 1.0000
vn -0.0058 -0.0000 1.0000
vn -0.0144 0.0000 0.9999
vn 0.0000 0.7410 -0.6715
vn 0.0000 0.6623 -0.7492
vn 0.6899 0.0000 0.7239
vn 0.0000 0.7265 -0.6872
vn 0.0000 0.6697 -0.7426
vn 0.0039 0.0000 -1.0000
vn -0.0000 0.7335 -0.6797
vn 0.0000 0.5034 -0.8640
vn -0.0042 0.0000 1.0000
vn 0.4158 0.0000 0.9094
vn 0.5645 0.0000 0.8254
vn 0.0000 0.7069 -0.7073
vn -0.1348 0.0000 -0.9909
vn 0.9184 0.0000 -0.3956
vn 0.0000 -0.0027 -1.0000
vn -0.2439 0.0000 -0.9698
vn 0.0000 0.8652 -0.5015
vn 0.5653 0.0000 -0.8249
vn -0.0000 0.6257 0.7801
vn 0.0000 0.5233 0.8522
vn 0.0754 0.8147 0.5749
vn 0.1446 0.6946 -0.7047
vn -0.0000 0.5943 -0.8042
vn 0.0000 0.7403 0.6722
vn 0.5745 0.6046 0.5517
vn 0.5516 0.4512 -0.7015
vn 0.2389 0.7707 0.5907
vn 0.0000 0.9399 0.3414
vn 0.6908 0.4560 0.5611
vn 0.6922 0.0000 -0.7217
vn -0.0001 0.9959 -0.0906
vn -0.0000 0.7700 0.6381
vn -0.0000 0.7627 0.6467
vn -0.0000 0.6640 0.7478
vn 0.0000 0.7201 0.6938
vn 0.0000 0.8284 0.5602
vn -0.0000 0.6865 0.7271
vn -0.0002 0.4177 -0.9086
vn 0.0007 0.9866 0.1629
vn 0.0000 0.6317 0.7752
vn -0.0000 0.6059 -0.7955
vn -0.0000 0.6698 -0.7425
vn 0.0017 0.0012 1.0000
vn 0.0124 0.0000 0.9999
vn 0.0000 0.0000 1.0000
vn 0.1225 0.0000 0.9925
vn -0.0000 0.4744 -0.8803
vn 0.2948 0.0000 0.9556
vn -0.0000 0.6569 0.7540
vn -0.3587 0.0735 0.9306
vn -0.6041 0.7487 0.2729
vn -0.9544 0.0000 0.2984
vn -0.9433 0.0000 -0.3319
vn -0.4936 0.7553 -0.4310
vn -0.8433 0.0000 -0.5375
vn -0.7432 -0.0000 -0.6690
vn -0.4970 0.5745 -0.6503
vn -0.5482 0.6106 -0.5715
vn -0.7508 -0.0000 0.6605
vn -0.8206 0.0000 0.5714
vn -0.5518 0.6208 0.5569
vn -0.5159 0.5925 0.6187
vn -0.6719 0.7101 -0.2105
vn -0.4768 0.5363 0.6965
vn -0.6501 0.6721 -0.3544
vn -0.6252 0.6376 -0.4502
vn -0.5559 0.5599 -0.6144
vn -0.6969 0.7172 -0.0064
vn -0.3585 0.3186 0.8775
vn -0.5726 0.6266 -0.5286
vn -0.5802 0.6510 0.4895
vn -0.5021 0.7223 0.4756
vn -0.4018 0.7068 0.5822
vn -0.6669 0.0000 0.7451
vn -0.8353 -0.0000 0.5497
vn -0.5061 0.6120 0.6077
vn -0.3352 0.7100 -0.6193
vn -0.3776 0.5840 -0.7185
vn -0.4790 0.0000 -0.8778
vn -0.7805 0.0000 -0.6251
vn -0.4938 0.7350 0.4646
vn -0.3496 0.7536 -0.5567
vn -0.2760 0.7275 -0.6282
vn -0.5793 0.0000 -0.8151
vn -0.8392 0.0000 -0.5438
vn -0.6838 0.0000 0.7297
vn -0.8603 0.0000 0.5097
vn -0.3226 0.4842 -0.8133
vn -0.4884 0.7730 -0.4050
vn -0.8253 0.0000 -0.5647
vn -0.8700 0.0000 0.4930
vn -0.6227 0.0000 0.7825
vn -0.8590 0.0000 -0.5120
vn -0.0074 0.9169 -0.3991
vn -0.5791 0.7000 -0.4180
vn -0.0898 0.7962 -0.5983
vn -0.6086 0.5352 -0.5858
vn -0.4717 0.5774 0.6664
vn 0.0138 0.7341 0.6789
vn -0.7883 0.0000 -0.6153
vn -0.7674 0.0000 0.6411
vn -0.1802 0.7761 0.6044
vn -0.0046 0.8467 -0.5320
vn -0.6956 0.5235 -0.4921
vn -0.7964 -0.1763 -0.5785
vn -0.7342 0.3993 0.5492
vn -0.3013 0.7876 0.5375
vn -0.5608 0.5253 -0.6400
vn -0.6866 0.0000 -0.7270
vn -0.9778 0.0000 -0.2095
vn -0.7913 0.3025 0.5314
vn -0.3996 0.6813 -0.6133
vn -0.7155 0.2378 -0.6569
vn -0.5777 0.7805 0.2389
vn 0.0034 0.9329 0.3601
vn -0.4731 -0.0000 -0.8810
vn -0.9319 -0.0000 0.3628
vn -0.1348 0.5832 0.8011
vn -0.4856 0.3305 0.8093
vn -0.3651 0.4018 -0.8398
vn 0.0033 0.5882 -0.8087
vn -0.6980 -0.0000 0.7161
vn -0.5453 0.0000 -0.8383
vn -0.2835 0.7330 -0.6183
vn -0.7439 0.3064 -0.5940
vn -0.5814 0.5041 0.6387
vn -0.0734 0.7825 0.6183
vn -0.7330 0.0000 -0.6802
vn -0.7422 0.0000 0.6702
vn -0.2474 0.4566 0.8546
vn -0.4945 0.1582 0.8547
vn -0.5220 0.3127 -0.7936
vn -0.0964 0.5739 -0.8132
vn -0.7212 0.0000 0.6927
vn -0.6911 0.0000 -0.7228
vn -0.0673 0.5611 0.8250
vn -0.4373 0.2753 0.8561
vn -0.3259 0.4178 -0.8481
vn 0.1268 0.5602 -0.8186
vn -0.6939 0.0000 0.7201
vn -0.5950 -0.0000 -0.8037
vn 0.1383 0.8358 0.5314
vn -0.4167 0.6749 -0.6090
vn -0.8251 0.0704 -0.5605
vn -0.5780 0.6833 0.4462
vn -0.6733 0.0000 -0.7394
vn -0.9947 0.0000 0.1031
vn -0.7983 -0.0239 0.6018
vn -0.3342 0.4951 0.8020
vn -0.5227 0.0377 0.8517
vn -0.4750 0.2079 -0.8551
vn -0.1498 0.5279 -0.8360
vn -0.7010 -0.0000 0.7132
vn -0.8072 -0.0000 -0.5903
vn -0.4881 -0.0000 -0.8728
vn -0.9902 -0.0000 -0.1395
vn -0.8093 0.4740 0.3470
vn -0.1944 0.9208 0.3381
vn -0.6223 0.5519 -0.5550
vn -0.4874 -0.0000 0.8732
vn -0.6981 0.0000 0.7160
vn -0.3682 0.6063 0.7049
vn -0.3395 0.3608 0.8686
vn -0.1549 0.6975 -0.6996
vn -0.5615 0.4467 -0.6966
vn -0.3761 0.3705 -0.8493
vn -0.0634 0.5588 -0.8269
vn -0.6996 0.0000 -0.7146
vn -0.5171 0.0000 -0.8559
vn -0.5622 0.6373 -0.5270
vn -0.8395 -0.0000 -0.5433
vn -0.7344 0.0000 0.6787
vn -0.3975 0.5722 0.7174
vn 0.0114 0.0025 0.9999
vn -0.0010 0.0000 1.0000
vn 0.0144 0.0000 0.9999
vn 0.0058 -0.0000 1.0000
vn -0.6899 0.0000 0.7239
vn -0.0039 0.0000 -1.0000
vn 0.0042 0.0000 1.0000
vn -0.4158 0.0000 0.9094
vn -0.5646 0.0000 0.8254
vn -0.9184 0.0000 -0.3956
vn 0.1348 0.0000 -0.9909
vn 0.2439 0.0000 -0.9698
vn -0.5653 0.0000 -0.8249
vn -0.0754 0.8147 0.5749
vn -0.1446 0.6946 -0.7047
vn -0.5745 0.6046 0.5517
vn -0.5516 0.4512 -0.7015
vn -0.2389 0.7707 0.5907
vn -0.6908 0.4560 0.5611
vn -0.6922 0.0000 -0.7217
vn -0.0124 0.0000 0.9999
vn -0.0017 0.0012 1.0000
vn -0.1225 -0.0000 0.9925
vn -0.2948 0.0000 0.9556
vn -0.6935 -0.1385 0.7070
vn -0.7120 0.0000 0.7022
vn -1.0000 0.0000 -0.0082
vn 0.8212 0.5166 -0.2425
vn 0.8652 -0.0000 0.5015
vn 0.9993 -0.0000 -0.0385
vn 0.7501 0.4928 0.4410
vn 0.9202 0.3583 0.1577
vn 0.2530 0.9610 0.1116
vn 0.4180 0.8259 0.3784
vn 0.4582 0.8306 -0.3164
vn -0.1889 0.9098 -0.3696
vn -0.1375 0.6740 -0.7258
vn -0.0401 0.8927 -0.4488
vn 0.3712 0.8896 0.2661
vn 0.1512 0.2825 0.9473
vn 0.1498 0.0000 0.9887
vn 0.1930 0.0000 0.9812
vn 0.2094 0.5069 0.8362
vn 0.2239 0.0000 0.9746
vn -0.0039 0.2553 0.9669
vn 0.0471 0.8911 0.4513
vn 0.2057 0.0690 -0.9762
vn 0.8060 0.0292 -0.5912
vn 0.3761 0.7294 -0.5714
vn 0.3500 0.7080 -0.6134
vn -0.3758 -0.0000 -0.9267
vn -0.2928 0.2344 -0.9270
vn 0.0506 0.6338 -0.7718
vn -0.0904 0.7869 -0.6104
vn -0.4122 0.0000 -0.9111
vn -0.1407 0.9138 -0.3810
vn -0.7862 0.0000 -0.6180
vn 0.7871 -0.0000 0.6168
vn 0.5063 0.7085 -0.4916
vn -0.2297 0.8028 -0.5502
vn -0.7907 0.6121 0.0089
vn -0.9050 -0.0000 0.4255
vn -0.5140 0.3678 0.7750
vn 0.2914 0.8910 0.3482
vn 0.1099 0.1097 0.9879
vn 0.0453 0.8634 0.5024
vn -0.2435 0.9528 0.1816
vn 0.2164 0.4506 0.8661
vn -0.0819 0.8981 -0.4321
vn -0.9895 0.0000 -0.1448
vn -0.9006 -0.0000 -0.4347
vn -0.3897 0.7839 -0.4833
vn 0.3725 0.9272 -0.0381
vn 0.5358 -0.0000 -0.8444
vn -0.4203 0.0000 -0.9074
vn 0.6747 0.4866 0.5550
vn 0.5487 0.0000 0.8360
vn -0.3349 0.0000 -0.9422
vn 0.1764 -0.0000 -0.9843
vn -0.4730 0.0000 0.8811
vn 0.6840 0.7105 0.1652
vn 0.6225 0.7794 -0.0712
vn 0.4723 0.7371 0.4834
vn 0.4783 0.7445 0.4657
vn 0.5560 0.7270 0.4029
vn -0.2588 -0.3706 0.8920
vn -0.6199 0.7799 -0.0871
vn 0.8774 0.4737 0.0759
vn 0.4747 0.7594 -0.4450
vn -0.0527 0.6894 -0.7224
vn -0.0872 0.9269 -0.3649
vn 0.6501 0.5598 0.5139
vn 0.7941 0.0000 0.6078
vn 0.0081 0.0000 1.0000
vn 0.7939 0.0000 -0.6081
vn 0.2896 0.0000 0.9572
vn 0.2874 0.0000 0.9578
vn -0.0001 0.0000 -1.0000
vn 0.0000 0.1007 -0.9949
vn 0.0000 0.4854 -0.8743
vn 0.0000 0.9821 -0.1885
vn 0.0003 0.6013 0.7990
vn 0.6934 -0.1429 0.7063
vn 0.9998 0.0000 -0.0181
vn 0.7120 0.0000 0.7022
vn -0.8025 0.5398 -0.2541
vn -0.9995 0.0052 -0.0308
vn -0.8372 0.1239 0.5326
vn -0.4963 0.0000 -0.8681
vn -0.7521 0.0000 -0.6591
vn -0.7488 0.4950 0.4408
vn -0.4100 0.8283 0.3818
vn -0.2479 0.9620 0.1140
vn -0.9196 0.3596 0.1586
vn 0.1934 0.9088 -0.3697
vn -0.4569 0.8314 -0.3161
vn 0.1394 0.6794 -0.7204
vn 0.0420 0.9006 -0.4327
vn -0.3620 0.8882 0.2829
vn -0.1506 0.2827 0.9473
vn -0.2080 0.5077 0.8360
vn -0.1886 -0.0000 0.9821
vn -0.1492 -0.0000 0.9888
vn -0.2164 0.0000 0.9763
vn -0.0448 0.8927 0.4484
vn 0.0059 0.2617 0.9651
vn -0.3760 0.7294 -0.5715
vn -0.8059 0.0290 -0.5913
vn -0.2050 0.0692 -0.9763
vn -0.3490 0.7085 -0.6134
vn -0.0476 0.6371 -0.7693
vn 0.2953 0.2389 -0.9250
vn 0.3978 -0.0000 -0.9175
vn 0.4288 0.0000 -0.9034
vn 0.0913 0.7989 -0.5945
vn -0.7689 -0.0000 0.6394
vn 0.7964 0.0000 -0.6047
vn 0.1395 0.9221 -0.3608
vn -0.4970 0.7224 -0.4808
vn 0.2453 0.8011 -0.5460
vn 0.7961 0.6051 0.0123
vn -0.9014 0.0000 0.4329
vn 0.0243 0.6207 0.7837
vn -0.2871 0.8925 0.3479
vn 0.4961 0.3753 0.7829
vn -0.1088 0.1131 0.9876
vn -0.2158 0.4507 0.8662
vn 0.2437 0.9527 0.1815
vn -0.0450 0.8636 0.5022
vn 0.0718 0.8875 -0.4551
vn 0.3738 0.7985 -0.4719
vn 0.9049 -0.0000 -0.4256
vn 0.9848 0.0000 -0.1738
vn -0.3496 0.9361 -0.0382
vn 0.4228 -0.0000 -0.9062
vn -0.8328 0.0000 0.5536
vn -0.5249 -0.0000 0.8512
vn -0.6660 0.4927 0.5601
vn -0.1746 -0.0000 -0.9846
vn 0.3376 -0.0000 -0.9413
vn 0.4861 0.0000 0.8739
vn -0.6215 0.7802 -0.0706
vn -0.6838 0.7108 0.1649
vn -0.4689 0.7376 0.4858
vn -0.4727 0.7424 0.4747
vn -0.5582 0.7267 0.4004
vn 0.1102 -0.4254 0.8983
vn 0.6158 0.7833 -0.0852
vn -0.8710 0.4839 0.0852
vn -0.4653 0.7681 -0.4399
vn 0.0545 0.6908 -0.7210
vn 0.0896 0.9267 -0.3649
vn -0.6484 0.5611 0.5145
vn -0.7934 0.0000 0.6086
vn -0.7939 0.0000 -0.6081
vn -0.2692 0.0000 0.9631
vn -0.2816 -0.0000 0.9595
vn -0.9586 0.0000 -0.2849
vn -0.6199 0.7027 -0.3491
vn -0.7081 0.7061 -0.0055
vn 0.7082 0.7060 -0.0055
vn 0.6198 0.7028 -0.3491
vn 0.8365 0.0000 0.5479
vn -0.5598 0.8286 -0.0086
vn -0.1011 0.8468 0.5222
vn -0.7158 0.6589 0.2311
vn 0.0000 0.5599 0.8286
vn 0.7158 0.6589 0.2311
vn 0.9614 0.0000 -0.2750
vn -0.5267 0.8295 0.1856
vn -0.0000 0.9527 0.3039
vn -0.8944 0.0000 -0.4473
vn 0.5267 0.8295 0.1856
vn 0.8944 0.0000 -0.4473
vn 0.5598 0.8286 -0.0086
vn 0.1011 0.8468 0.5222
vn 0.9815 -0.0000 -0.1912
vn 0.9429 0.0000 -0.3329
vn 0.9048 0.0000 -0.4258
vn 0.8052 0.0000 -0.5930
vn 1.0000 0.0000 -0.0066
vn 0.4854 0.0000 0.8743
vn -0.0000 0.0000 1.0000
vn 0.0106 -0.9237 -0.3829
vn -0.9990 0.0000 0.0451
vn 0.2974 0.0000 0.9548
vn 0.8804 -0.0000 -0.4742
vn 0.5847 0.0000 -0.8112
vn -0.0023 -0.0017 -1.0000
vn -0.0310 0.0000 -0.9995
vn -0.0405 -0.0000 -0.9992
vn 0.8417 -0.0000 0.5399
vn 0.9127 -0.0000 0.4086
vn 0.0063 -0.0000 -1.0000
vn 0.0131 0.0000 -0.9999
vn 0.0362 0.0048 0.9993
vn 0.9655 0.0000 0.2605
vn -0.3300 0.0000 -0.9440
vn -0.0377 -0.0045 -0.9993
vn -0.9815 -0.0000 -0.1912
vn -0.9429 0.0000 -0.3329
vn -0.9048 0.0000 -0.4258
vn -0.8052 -0.0000 -0.5930
vn -1.0000 0.0000 -0.0066
vn -0.4854 -0.0000 0.8743
vn 0.9990 0.0000 0.0451
vn -0.2974 0.0000 0.9548
vn -0.8804 0.0000 -0.4742
vn -0.5847 0.0000 -0.8112
vn 0.0310 0.0000 -0.9995
vn 0.0023 -0.0017 -1.0000
vn 0.0405 0.0000 -0.9992
vn -0.8417 0.0000 0.5399
vn -0.9127 0.0000 0.4087
vn -0.0063 -0.0000 -1.0000
vn -0.0131 0.0000 -0.9999
vn -0.9655 0.0000 0.2605
vn -0.0362 0.0048 0.9993
vn 0.0377 -0.0045 -0.9993
vn 0.3300 0.0000 -0.9440
vn 0.1194 -0.0000 0.9929
vn 0.3179 0.0000 0.9481
vn 0.0001 0.0000 1.0000
vn -0.1199 0.0000 0.9928
vn -0.3178 0.0000 0.9482
vn -0.9082 -0.0000 0.4185
vn -1.0000 0.0000 -0.0000
vn -0.8365 0.0000 0.5479
vn -0.9614 0.0000 -0.2750
vn 0.6041 -0.7487 0.2729
vn 0.4936 -0.7553 -0.4310
vn 0.4970 -0.5745 -0.6503
vn 0.5482 -0.6106 -0.5715
vn 0.5518 -0.6208 0.5569
vn 0.5159 -0.5925 0.6187
vn 0.6719 -0.7101 -0.2105
vn 0.0000 -0.9743 -0.2254
vn 0.0000 -0.7413 0.6711
vn 0.4768 -0.5363 0.6965
vn 0.6501 -0.6721 -0.3544
vn -0.0000 -0.9284 -0.3715
vn 0.6252 -0.6376 -0.4502
vn -0.0000 -0.8826 -0.4702
vn 0.5559 -0.5599 -0.6144
vn 0.0000 -0.7748 -0.6322
vn 0.6969 -0.7172 -0.0064
vn -0.0000 -1.0000 -0.0064
vn 0.3585 -0.3186 0.8775
vn -0.0000 -0.4691 0.8831
vn 0.0000 -0.9741 0.2260
vn 0.0000 -0.8780 -0.4787
vn 0.0000 -0.8057 -0.5923
vn -0.0000 -0.7713 -0.6365
vn -0.0000 -0.8430 -0.5379
vn 0.5726 -0.6266 -0.5286
vn 0.5802 -0.6510 0.4895
vn -0.0000 -0.8815 0.4722
vn 0.0000 -0.8121 0.5835
vn -0.0000 -0.8369 0.5474
vn 0.5021 -0.7223 0.4756
vn 0.4018 -0.7068 0.5822
vn 0.0000 -0.9598 0.2806
vn 0.5061 -0.6120 0.6077
vn -0.0000 -0.9300 0.3675
vn 0.3352 -0.7100 -0.6193
vn 0.3776 -0.5840 -0.7185
vn -0.0000 -0.8700 0.4931
vn 0.4938 -0.7350 0.4646
vn -0.0000 -0.8707 0.4919
vn 0.3496 -0.7536 -0.5567
vn 0.2760 -0.7275 -0.6282
vn 0.3226 -0.4842 -0.8133
vn -0.0000 -0.6087 -0.7934
vn 0.4884 -0.7730 -0.4050
vn 0.0000 -0.7929 -0.6094
vn 0.0000 -0.8666 -0.4990
vn 0.0000 -0.8941 -0.4479
vn -0.0000 -0.8168 -0.5770
vn 0.0000 -0.8136 -0.5814
vn 0.0000 -0.8720 -0.4894
vn 0.0074 -0.9169 -0.3991
vn 0.5791 -0.7000 -0.4180
vn 0.0898 -0.7962 -0.5983
vn 0.6086 -0.5352 -0.5858
vn 0.4717 -0.5774 0.6664
vn -0.0138 -0.7341 0.6789
vn 0.1802 -0.7761 0.6044
vn 0.0000 -0.6181 0.7861
vn 0.0000 -0.9910 0.1339
vn 0.0046 -0.8467 -0.5320
vn 0.6956 -0.5235 -0.4921
vn 0.7964 0.1763 -0.5785
vn 0.7342 -0.3993 0.5492
vn 0.3013 -0.7876 0.5375
vn -0.0000 -0.6882 0.7255
vn -0.0000 -0.7998 -0.6003
vn 0.5608 -0.5253 -0.6400
vn 0.7913 -0.3025 0.5314
vn 0.3996 -0.6813 -0.6133
vn 0.7155 -0.2378 -0.6568
vn 0.5777 -0.7805 0.2388
vn -0.0034 -0.9329 0.3601
vn 0.1348 -0.5832 0.8011
vn 0.4856 -0.3305 0.8093
vn 0.3651 -0.4018 -0.8398
vn -0.0033 -0.5882 -0.8087
vn 0.2835 -0.7330 -0.6183
vn 0.7439 -0.3064 -0.5940
vn 0.5814 -0.5041 0.6387
vn 0.0734 -0.7825 0.6183
vn 0.2474 -0.4566 0.8546
vn 0.4945 -0.1582 0.8547
vn 0.5220 -0.3127 -0.7936
vn 0.0964 -0.5739 -0.8133
vn 0.0673 -0.5611 0.8250
vn 0.4374 -0.2753 0.8561
vn 0.3259 -0.4178 -0.8481
vn -0.1268 -0.5602 -0.8186
vn -0.1383 -0.8358 0.5314
vn 0.0000 -0.5550 0.8318
vn -0.0000 -0.7255 -0.6882
vn 0.4167 -0.6749 -0.6090
vn 0.8251 -0.0704 -0.5606
vn 0.5780 -0.6833 0.4462
vn 0.7983 0.0239 0.6018
vn 0.3342 -0.4951 0.8020
vn 0.5227 -0.0377 0.8517
vn 0.4750 -0.2079 -0.8551
vn 0.1498 -0.5279 -0.8360
vn 0.8093 -0.4740 0.3470
vn 0.1944 -0.9208 0.3381
vn 0.6223 -0.5519 -0.5550
vn 0.3682 -0.6063 0.7049
vn 0.3395 -0.3608 0.8686
vn 0.1549 -0.6975 -0.6996
vn 0.5615 -0.4467 -0.6966
vn 0.3761 -0.3705 -0.8493
vn 0.0634 -0.5588 -0.8269
vn 0.5622 -0.6373 -0.5270
vn 0.3975 -0.5722 0.7174
vn -0.0000 -0.4173 0.9088
vn -0.0114 -0.0025 0.9999
vn 0.0000 -0.6787 0.7344
vn 0.0000 -0.7180 -0.6961
vn 0.0000 -0.6623 -0.7492
vn 0.0000 -0.7410 -0.6715
vn 0.0000 -0.6697 -0.7426
vn 0.0000 -0.7265 -0.6872
vn 0.0000 -0.5034 -0.8640
vn -0.0000 -0.7335 -0.6797
vn 0.0000 -0.7069 -0.7073
vn 0.0000 0.0027 -1.0000
vn 0.0000 -0.8652 -0.5015
vn 0.0000 -0.5233 0.8522
vn -0.0000 -0.6257 0.7801
vn 0.0754 -0.8147 0.5749
vn 0.0000 -0.7403 0.6722
vn -0.0000 -0.5943 -0.8042
vn 0.1446 -0.6946 -0.7047
vn 0.5745 -0.6046 0.5517
vn 0.5516 -0.4512 -0.7015
vn 0.0000 -0.9399 0.3414
vn 0.2389 -0.7707 0.5907
vn 0.6908 -0.4560 0.5611
vn -0.0001 -0.9959 -0.0906
vn -0.0000 -0.7700 0.6381
vn -0.0000 -0.7627 0.6467
vn -0.0000 -0.6640 0.7478
vn 0.0000 -0.7201 0.6938
vn 0.0000 -0.8284 0.5602
vn -0.0000 -0.6865 0.7271
vn -0.0002 -0.4177 -0.9086
vn 0.0007 -0.9866 0.1629
vn 0.0000 -0.6317 0.7752
vn -0.0000 -0.6059 -0.7955
vn -0.0000 -0.6698 -0.7425
vn 0.0017 -0.0012 1.0000
vn -0.0000 -0.4744 -0.8803
vn -0.0000 -0.6569 0.7540
vn -0.3587 -0.0735 0.9306
vn -0.6041 -0.7487 0.2729
vn -0.4936 -0.7553 -0.4310
vn -0.4970 -0.5745 -0.6503
vn -0.5482 -0.6106 -0.5715
vn -0.5518 -0.6208 0.5569
vn -0.5159 -0.5925 0.6187
vn -0.6719 -0.7101 -0.2105
vn -0.4768 -0.5363 0.6965
vn -0.6501 -0.6721 -0.3544
vn -0.6252 -0.6376 -0.4502
vn -0.5559 -0.5599 -0.6144
vn -0.6969 -0.7172 -0.0064
vn -0.3585 -0.3186 0.8775
vn -0.5802 -0.6510 0.4895
vn -0.5726 -0.6266 -0.5286
vn -0.5021 -0.7223 0.4756
vn -0.4018 -0.7068 0.5822
vn -0.5061 -0.6120 0.6077
vn -0.3352 -0.7100 -0.6193
vn -0.3776 -0.5840 -0.7185
vn -0.4938 -0.7350 0.4646
vn -0.3496 -0.7536 -0.5567
vn -0.2760 -0.7275 -0.6282
vn -0.3226 -0.4842 -0.8133
vn -0.4884 -0.7730 -0.4050
vn -0.0074 -0.9169 -0.3991
vn -0.5791 -0.7000 -0.4180
vn -0.0898 -0.7962 -0.5983
vn 0.0138 -0.7341 0.6789
vn -0.4717 -0.5774 0.6664
vn -0.6086 -0.5352 -0.5858
vn -0.1802 -0.7761 0.6044
vn -0.6956 -0.5235 -0.4921
vn -0.0046 -0.8467 -0.5320
vn -0.7342 -0.3993 0.5492
vn -0.7964 0.1763 -0.5785
vn -0.3013 -0.7876 0.5375
vn -0.5608 -0.5253 -0.6400
vn -0.7913 -0.3025 0.5314
vn -0.3996 -0.6813 -0.6133
vn 0.0034 -0.9329 0.3601
vn -0.5777 -0.7805 0.2389
vn -0.7155 -0.2378 -0.6569
vn -0.1348 -0.5832 0.8011
vn 0.0033 -0.5882 -0.8087
vn -0.3651 -0.4018 -0.8398
vn -0.4856 -0.3305 0.8093
vn -0.2835 -0.7330 -0.6183
vn -0.0734 -0.7825 0.6183
vn -0.5814 -0.5041 0.6387
vn -0.7439 -0.3064 -0.5940
vn -0.2474 -0.4566 0.8546
vn -0.0964 -0.5739 -0.8132
vn -0.5220 -0.3127 -0.7936
vn -0.4945 -0.1582 0.8547
vn -0.0673 -0.5611 0.8250
vn 0.1268 -0.5602 -0.8186
vn -0.3259 -0.4178 -0.8481
vn -0.4373 -0.2753 0.8561
vn 0.1383 -0.8358 0.5314
vn -0.4167 -0.6749 -0.6090
vn -0.5780 -0.6833 0.4462
vn -0.8251 -0.0704 -0.5605
vn -0.7983 0.0239 0.6018
vn -0.3342 -0.4951 0.8020
vn -0.1498 -0.5279 -0.8360
vn -0.4750 -0.2079 -0.8551
vn -0.5227 -0.0377 0.8517
vn -0.8093 -0.4740 0.3470
vn -0.6223 -0.5519 -0.5550
vn -0.1944 -0.9208 0.3381
vn -0.3682 -0.6063 0.7049
vn -0.3395 -0.3608 0.8686
vn -0.1549 -0.6975 -0.6996
vn -0.0634 -0.5588 -0.8269
vn -0.3761 -0.3705 -0.8493
vn -0.5615 -0.4467 -0.6966
vn -0.5622 -0.6373 -0.5270
vn -0.3975 -0.5722 0.7174
vn 0.0114 -0.0025 0.9999
vn -0.0754 -0.8147 0.5749
vn -0.1446 -0.6946 -0.7047
vn -0.5745 -0.6046 0.5517
vn -0.5516 -0.4512 -0.7015
vn -0.2389 -0.7707 0.5907
vn -0.6908 -0.4560 0.5611
vn -0.0017 -0.0012 1.0000
vn -0.6935 0.1385 0.7070
vn 0.8212 -0.5166 -0.2425
vn 0.7501 -0.4928 0.4410
vn 0.4180 -0.8259 0.3784
vn 0.2530 -0.9610 0.1116
vn 0.9202 -0.3583 0.1577
vn -0.1889 -0.9098 -0.3696
vn 0.4582 -0.8306 -0.3164
vn -0.1375 -0.6740 -0.7258
vn -0.0401 -0.8927 -0.4488
vn 0.3712 -0.8896 0.2661
vn 0.1512 -0.2825 0.9473
vn 0.2094 -0.5069 0.8362
vn 0.0471 -0.8911 0.4513
vn -0.0039 -0.2553 0.9669
vn 0.3761 -0.7294 -0.5714
vn 0.8060 -0.0292 -0.5912
vn 0.2057 -0.0690 -0.9762
vn 0.3500 -0.7080 -0.6134
vn 0.0506 -0.6338 -0.7718
vn -0.2928 -0.2344 -0.9270
vn -0.0904 -0.7869 -0.6104
vn -0.1407 -0.9138 -0.3810
vn 0.5063 -0.7085 -0.4916
vn -0.2297 -0.8028 -0.5502
vn -0.7907 -0.6121 0.0089
vn 0.2914 -0.8910 0.3482
vn -0.5140 -0.3678 0.7750
vn 0.1099 -0.1097 0.9879
vn 0.2164 -0.4506 0.8661
vn -0.2435 -0.9528 0.1816
vn 0.0453 -0.8634 0.5024
vn -0.0819 -0.8981 -0.4321
vn -0.3897 -0.7839 -0.4833
vn 0.3725 -0.9272 -0.0381
vn 0.6747 -0.4866 0.5550
vn 0.6225 -0.7794 -0.0712
vn 0.6840 -0.7105 0.1652
vn 0.4723 -0.7371 0.4834
vn 0.4783 -0.7445 0.4657
vn 0.5560 -0.7270 0.4029
vn -0.2588 0.3706 0.8920
vn -0.6199 -0.7799 -0.0871
vn 0.8774 -0.4737 0.0759
vn 0.4747 -0.7594 -0.4450
vn -0.0527 -0.6894 -0.7224
vn -0.0872 -0.9269 -0.3649
vn 0.6501 -0.5598 0.5139
vn 0.0000 -0.1007 -0.9949
vn 0.0000 -0.4854 -0.8743
vn 0.0000 -0.9821 -0.1885
vn 0.0003 -0.6013 0.7990
vn 0.6934 0.1429 0.7063
vn -0.8025 -0.5398 -0.2541
vn -0.8372 -0.1239 0.5326
vn -0.9995 -0.0052 -0.0308
vn -0.7488 -0.4950 0.4408
vn -0.9196 -0.3596 0.1586
vn -0.2479 -0.9620 0.1140
vn -0.4100 -0.8283 0.3818
vn -0.4569 -0.8314 -0.3161
vn 0.1934 -0.9088 -0.3697
vn 0.1394 -0.6794 -0.7204
vn 0.0420 -0.9006 -0.4327
vn -0.3620 -0.8882 0.2829
vn -0.1506 -0.2827 0.9473
vn -0.2080 -0.5077 0.8360
vn 0.0059 -0.2617 0.9651
vn -0.0448 -0.8927 0.4484
vn -0.2050 -0.0692 -0.9763
vn -0.8059 -0.0290 -0.5913
vn -0.3760 -0.7294 -0.5715
vn -0.3490 -0.7085 -0.6134
vn 0.2953 -0.2389 -0.9250
vn -0.0476 -0.6371 -0.7693
vn 0.0913 -0.7989 -0.5945
vn 0.1395 -0.9221 -0.3608
vn -0.4970 -0.7224 -0.4808
vn 0.2453 -0.8011 -0.5460
vn 0.7961 -0.6051 0.0123
vn 0.0243 -0.6207 0.7837
vn 0.4961 -0.3753 0.7829
vn -0.2871 -0.8925 0.3479
vn -0.1088 -0.1131 0.9876
vn -0.0450 -0.8636 0.5022
vn 0.2437 -0.9527 0.1815
vn -0.2158 -0.4507 0.8662
vn 0.0718 -0.8875 -0.4551
vn 0.3738 -0.7985 -0.4719
vn -0.3496 -0.9361 -0.0382
vn -0.6660 -0.4927 0.5601
vn -0.6838 -0.7108 0.1649
vn -0.6215 -0.7802 -0.0706
vn -0.4689 -0.7376 0.4858
vn -0.4727 -0.7424 0.4747
vn -0.5582 -0.7267 0.4004
vn 0.1102 0.4254 0.8983
vn 0.6158 -0.7833 -0.0852
vn -0.8710 -0.4839 0.0852
vn -0.4653 -0.7681 -0.4399
vn 0.0545 -0.6908 -0.7210
vn 0.0896 -0.9267 -0.3649
vn -0.6484 -0.5611 0.5145
vn 0.7082 -0.7060 -0.0055
vn -0.7081 -0.7061 -0.0055
vn -0.6199 -0.7027 -0.3491
vn 0.6198 -0.7028 -0.3491
vn -0.5598 -0.8286 -0.0086
vn -0.1011 -0.8468 0.5222
vn 0.7158 -0.6589 0.2311
vn 0.0000 -0.5599 0.8286
vn -0.7158 -0.6589 0.2311
vn -0.5267 -0.8295 0.1856
vn -0.0000 -0.9527 0.3039
vn 0.5267 -0.8295 0.1856
vn 0.5598 -0.8286 -0.0086
vn 0.1011 -0.8468 0.5222
vn 0.0106 0.9237 -0.3829
vn -0.0023 0.0017 -1.0000
vn 0.0362 -0.0048 0.9993
vn -0.0377 0.0045 -0.9993
vn 0.0023 0.0017 -1.0000
vn -0.0362 -0.0048 0.9993
vn 0.0377 0.0045 -0.9993
# 948 vertex normals

vt 0.2054 0.3050 0.0000
vt 0.2035 0.3068 0.0000
vt 0.1978 0.3000 0.0000
vt 0.1987 0.2973 0.0000
vt 0.0268 0.4707 0.0000
vt 0.0133 0.4716 0.0000
vt 0.0140 0.4696 0.0000
vt 0.0258 0.4687 0.0000
vt 0.4403 0.0334 0.0000
vt 0.4540 0.0325 0.0000
vt 0.4533 0.0344 0.0000
vt 0.4412 0.0352 0.0000
vt 0.2124 0.0531 0.0000
vt 0.2051 0.0346 0.0000
vt 0.2133 0.0316 0.0000
vt 0.2195 0.0505 0.0000
vt 0.3202 0.0880 0.0000
vt 0.3169 0.0800 0.0000
vt 0.3231 0.0768 0.0000
vt 0.3270 0.0863 0.0000
vt 0.3273 0.0745 0.0000
vt 0.3317 0.0851 0.0000
vt 0.0354 0.2886 0.0000
vt 0.0281 0.2798 0.0000
vt 0.0308 0.2765 0.0000
vt 0.0393 0.2867 0.0000
vt 0.0340 0.2727 0.0000
vt 0.0439 0.2847 0.0000
vt 0.3761 0.0636 0.0000
vt 0.3689 0.0791 0.0000
vt 0.3620 0.0780 0.0000
vt 0.3573 0.0622 0.0000
vt 0.2054 0.3169 0.0000
vt 0.2033 0.3162 0.0000
vt 0.0343 0.4595 0.0000
vt 0.0363 0.4602 0.0000
vt 0.3552 0.3907 0.0000
vt 0.3600 0.3881 0.0000
vt 0.3694 0.3973 0.0000
vt 0.3677 0.4018 0.0000
vt 0.4326 0.0445 0.0000
vt 0.4307 0.0437 0.0000
vt 0.0429 0.3479 0.0000
vt 0.0528 0.3579 0.0000
vt 0.0500 0.3590 0.0000
vt 0.0420 0.3503 0.0000
vt 0.2214 0.1112 0.0000
vt 0.2217 0.1096 0.0000
vt 0.2348 0.1082 0.0000
vt 0.2410 0.1112 0.0000
vt 0.0568 0.0889 0.0000
vt 0.0618 0.1018 0.0000
vt 0.0499 0.0978 0.0000
vt 0.0487 0.0931 0.0000
vt 0.2439 0.1867 0.0000
vt 0.2437 0.1855 0.0000
vt 0.2617 0.1794 0.0000
vt 0.2640 0.1802 0.0000
vt 0.0618 0.0876 0.0000
vt 0.0675 0.1037 0.0000
vt 0.0641 0.1026 0.0000
vt 0.0588 0.0874 0.0000
vt 0.3140 0.2606 0.0000
vt 0.3234 0.2603 0.0000
vt 0.3247 0.2644 0.0000
vt 0.3118 0.2644 0.0000
vt 0.4462 0.4751 0.0000
vt 0.4482 0.4692 0.0000
vt 0.4564 0.4709 0.0000
vt 0.4585 0.4778 0.0000
vt 0.4331 0.3915 0.0000
vt 0.4330 0.3787 0.0000
vt 0.4346 0.3782 0.0000
vt 0.4346 0.3926 0.0000
vt 0.4204 0.0880 0.0000
vt 0.4197 0.0897 0.0000
vt 0.4076 0.0872 0.0000
vt 0.4070 0.0852 0.0000
vt 0.0985 0.4284 0.0000
vt 0.1036 0.4290 0.0000
vt 0.1043 0.4408 0.0000
vt 0.0985 0.4432 0.0000
vt 0.0225 0.3500 0.0000
vt 0.0217 0.3479 0.0000
vt 0.0449 0.0933 0.0000
vt 0.0462 0.0966 0.0000
vt 0.0357 0.0931 0.0000
vt 0.0376 0.0876 0.0000
vt 0.2391 0.0678 0.0000
vt 0.2590 0.0676 0.0000
vt 0.2596 0.0738 0.0000
vt 0.2387 0.0738 0.0000
vt 0.0419 0.0747 0.0000
vt 0.0406 0.0784 0.0000
vt 0.0387 0.0842 0.0000
vt 0.0425 0.0729 0.0000
vt 0.4389 0.4645 0.0000
vt 0.4440 0.4629 0.0000
vt 0.4285 0.0999 0.0000
vt 0.4270 0.1004 0.0000
vt 0.2244 0.0739 0.0000
vt 0.2240 0.0673 0.0000
vt 0.2413 0.1015 0.0000
vt 0.2513 0.1034 0.0000
vt 0.2689 0.1687 0.0000
vt 0.2720 0.1682 0.0000
vt 0.3541 0.3746 0.0000
vt 0.3584 0.3762 0.0000
vt 0.1370 0.1619 0.0000
vt 0.1366 0.1639 0.0000
vt 0.1364 0.1639 0.0000
vt 0.1468 0.1690 0.0000
vt 0.1454 0.1703 0.0000
vt 0.4295 0.1513 0.0000
vt 0.4265 0.1603 0.0000
vt 0.4197 0.1614 0.0000
vt 0.4163 0.1491 0.0000
vt 0.4152 0.1653 0.0000
vt 0.4057 0.1541 0.0000
vt 0.3959 0.0405 0.0000
vt 0.3998 0.0351 0.0000
vt 0.4064 0.0366 0.0000
vt 0.4138 0.0433 0.0000
vt 0.3977 0.0433 0.0000
vt 0.4120 0.0317 0.0000
vt 0.4225 0.0352 0.0000
vt 0.3494 0.4369 0.0000
vt 0.3532 0.4441 0.0000
vt 0.3452 0.4474 0.0000
vt 0.3396 0.4409 0.0000
vt 0.3633 0.4390 0.0000
vt 0.3635 0.4426 0.0000
vt 0.3606 0.4450 0.0000
vt 0.1541 0.4235 0.0000
vt 0.1546 0.4211 0.0000
vt 0.1579 0.4269 0.0000
vt 0.1588 0.4285 0.0000
vt 0.1615 0.4294 0.0000
vt 0.1614 0.4298 0.0000
vt 0.4939 0.2464 0.0000
vt 0.4952 0.2456 0.0000
vt 0.4952 0.2539 0.0000
vt 0.4938 0.2541 0.0000
vt 0.4914 0.2602 0.0000
vt 0.4906 0.2591 0.0000
vt 0.1945 0.3856 0.0000
vt 0.1842 0.3782 0.0000
vt 0.1870 0.3713 0.0000
vt 0.2029 0.3755 0.0000
vt 0.1878 0.3650 0.0000
vt 0.2054 0.3678 0.0000
vt 0.4461 0.4030 0.0000
vt 0.4468 0.4017 0.0000
vt 0.4523 0.4069 0.0000
vt 0.4521 0.4082 0.0000
vt 0.4564 0.4072 0.0000
vt 0.4566 0.4084 0.0000
vt 0.1207 0.4667 0.0000
vt 0.1206 0.4683 0.0000
vt 0.1109 0.4645 0.0000
vt 0.1106 0.4629 0.0000
vt 0.1046 0.4656 0.0000
vt 0.1038 0.4644 0.0000
vt 0.3342 0.3665 0.0000
vt 0.3299 0.3791 0.0000
vt 0.3255 0.3761 0.0000
vt 0.3307 0.3643 0.0000
vt 0.3447 0.3775 0.0000
vt 0.3375 0.3869 0.0000
vt 0.3458 0.3906 0.0000
vt 0.3382 0.3880 0.0000
vt 0.3461 0.3904 0.0000
vt 0.4334 0.4824 0.0000
vt 0.4347 0.4816 0.0000
vt 0.4347 0.4919 0.0000
vt 0.4333 0.4922 0.0000
vt 0.4335 0.4941 0.0000
vt 0.4326 0.4930 0.0000
vt 0.3397 0.1597 0.0000
vt 0.3423 0.1601 0.0000
vt 0.3422 0.1603 0.0000
vt 0.3342 0.1655 0.0000
vt 0.3317 0.1655 0.0000
vt 0.1955 0.4448 0.0000
vt 0.1956 0.4445 0.0000
vt 0.1966 0.4410 0.0000
vt 0.2054 0.4494 0.0000
vt 0.2015 0.4519 0.0000
vt 0.4947 0.4822 0.0000
vt 0.4956 0.4819 0.0000
vt 0.4956 0.4916 0.0000
vt 0.4946 0.4915 0.0000
vt 0.4918 0.4971 0.0000
vt 0.4913 0.4963 0.0000
vt 0.3767 0.4513 0.0000
vt 0.3755 0.4512 0.0000
vt 0.3838 0.4420 0.0000
vt 0.3842 0.4430 0.0000
vt 0.1772 0.4103 0.0000
vt 0.1713 0.4102 0.0000
vt 0.1776 0.4087 0.0000
vt 0.1677 0.4101 0.0000
vt 0.1749 0.3983 0.0000
vt 0.1675 0.4101 0.0000
vt 0.1668 0.3982 0.0000
vt 0.1667 0.3934 0.0000
vt 0.1634 0.4224 0.0000
vt 0.1633 0.4230 0.0000
vt 0.4773 0.0127 0.0000
vt 0.4714 0.0075 0.0000
vt 0.4723 0.0063 0.0000
vt 0.4791 0.0123 0.0000
vt 0.4684 0.0070 0.0000
vt 0.4689 0.0058 0.0000
vt 0.3613 0.2395 0.0000
vt 0.3535 0.2392 0.0000
vt 0.3529 0.2370 0.0000
vt 0.3620 0.2370 0.0000
vt 0.3493 0.2435 0.0000
vt 0.3476 0.2426 0.0000
vt 0.4057 0.0350 0.0000
vt 0.4104 0.0307 0.0000
vt 0.4121 0.0282 0.0000
vt 0.4140 0.0291 0.0000
vt 0.4550 0.2394 0.0000
vt 0.4475 0.2418 0.0000
vt 0.4469 0.2401 0.0000
vt 0.4554 0.2375 0.0000
vt 0.4440 0.2474 0.0000
vt 0.4429 0.2466 0.0000
vt 0.3152 0.4440 0.0000
vt 0.3151 0.4442 0.0000
vt 0.3079 0.4449 0.0000
vt 0.3063 0.4419 0.0000
vt 0.3148 0.4415 0.0000
vt 0.3031 0.4539 0.0000
vt 0.3011 0.4527 0.0000
vt 0.3033 0.4549 0.0000
vt 0.3016 0.4545 0.0000
vt 0.3841 0.1646 0.0000
vt 0.3819 0.1663 0.0000
vt 0.3761 0.1579 0.0000
vt 0.3779 0.1547 0.0000
vt 0.3696 0.1582 0.0000
vt 0.3690 0.1561 0.0000
vt 0.3690 0.1556 0.0000
vt 0.3689 0.1558 0.0000
vt 0.1529 0.4444 0.0000
vt 0.1527 0.4460 0.0000
vt 0.1429 0.4457 0.0000
vt 0.1417 0.4440 0.0000
vt 0.1423 0.4470 0.0000
vt 0.1409 0.4456 0.0000
vt 0.3847 0.2417 0.0000
vt 0.3855 0.2515 0.0000
vt 0.3837 0.2525 0.0000
vt 0.3832 0.2400 0.0000
vt 0.3903 0.2562 0.0000
vt 0.3886 0.2580 0.0000
vt 0.3342 0.1756 0.0000
vt 0.3364 0.1762 0.0000
vt 0.3348 0.1852 0.0000
vt 0.3343 0.1870 0.0000
vt 0.3245 0.1804 0.0000
vt 0.2447 0.2435 0.0000
vt 0.2508 0.2370 0.0000
vt 0.2532 0.2501 0.0000
vt 0.3766 0.4643 0.0000
vt 0.3776 0.4519 0.0000
vt 0.3775 0.4641 0.0000
vt 0.3846 0.4442 0.0000
vt 0.0855 0.4463 0.0000
vt 0.0859 0.4454 0.0000
vt 0.0916 0.4567 0.0000
vt 0.0908 0.4569 0.0000
vt 0.4672 0.1471 0.0000
vt 0.4664 0.1480 0.0000
vt 0.4648 0.1465 0.0000
vt 0.4654 0.1455 0.0000
vt 0.4717 0.1566 0.0000
vt 0.4706 0.1571 0.0000
vt 0.0742 0.1635 0.0000
vt 0.0763 0.1651 0.0000
vt 0.0745 0.1657 0.0000
vt 0.0738 0.1637 0.0000
vt 0.0854 0.1634 0.0000
vt 0.0856 0.1657 0.0000
vt 0.0464 0.4706 0.0000
vt 0.0564 0.4706 0.0000
vt 0.0559 0.4712 0.0000
vt 0.0465 0.4713 0.0000
vt 0.0613 0.4752 0.0000
vt 0.0605 0.4755 0.0000
vt 0.4911 0.0760 0.0000
vt 0.4919 0.0761 0.0000
vt 0.4844 0.0831 0.0000
vt 0.4841 0.0825 0.0000
vt 0.4823 0.0836 0.0000
vt 0.4821 0.0830 0.0000
vt 0.4338 0.1550 0.0000
vt 0.4274 0.1603 0.0000
vt 0.3949 0.0424 0.0000
vt 0.1560 0.4157 0.0000
vt 0.1559 0.4180 0.0000
vt 0.4928 0.2432 0.0000
vt 0.4938 0.2425 0.0000
vt 0.1824 0.3888 0.0000
vt 0.1836 0.3812 0.0000
vt 0.4430 0.3957 0.0000
vt 0.4443 0.3954 0.0000
vt 0.1223 0.4681 0.0000
vt 0.1211 0.4690 0.0000
vt 0.4307 0.4762 0.0000
vt 0.4317 0.4753 0.0000
vt 0.3301 0.1715 0.0000
vt 0.3299 0.1725 0.0000
vt 0.2054 0.4630 0.0000
vt 0.2015 0.4619 0.0000
vt 0.4938 0.4801 0.0000
vt 0.4945 0.4796 0.0000
vt 0.3755 0.4647 0.0000
vt 0.2026 0.2554 0.0000
vt 0.1941 0.2532 0.0000
vt 0.1999 0.2464 0.0000
vt 0.2016 0.2464 0.0000
vt 0.2026 0.2505 0.0000
vt 0.1635 0.4223 0.0000
vt 0.3653 0.2395 0.0000
vt 0.3642 0.2416 0.0000
vt 0.4006 0.0339 0.0000
vt 0.3837 0.1675 0.0000
vt 0.3818 0.1681 0.0000
vt 0.1590 0.4500 0.0000
vt 0.1580 0.4509 0.0000
vt 0.3371 0.1751 0.0000
vt 0.3371 0.1774 0.0000
vt 0.3363 0.1636 0.0000
vt 0.3388 0.1627 0.0000
vt 0.3371 0.1772 0.0000
vt 0.3451 0.1701 0.0000
vt 0.3370 0.1772 0.0000
vt 0.0442 0.4718 0.0000
vt 0.0445 0.4724 0.0000
vt 0.1984 0.3264 0.0000
vt 0.1884 0.3287 0.0000
vt 0.1893 0.3260 0.0000
vt 0.1979 0.3239 0.0000
vt 0.0262 0.4383 0.0000
vt 0.0269 0.4364 0.0000
vt 0.0363 0.4461 0.0000
vt 0.0342 0.4469 0.0000
vt 0.4410 0.0659 0.0000
vt 0.4403 0.0678 0.0000
vt 0.4307 0.0578 0.0000
vt 0.4327 0.0571 0.0000
vt 0.1971 0.0380 0.0000
vt 0.2054 0.0560 0.0000
vt 0.3121 0.0729 0.0000
vt 0.3173 0.0682 0.0000
vt 0.3209 0.0649 0.0000
vt 0.0181 0.2743 0.0000
vt 0.0193 0.2700 0.0000
vt 0.0204 0.2652 0.0000
vt 0.3742 0.0835 0.0000
vt 0.3889 0.0774 0.0000
vt 0.3826 0.3967 0.0000
vt 0.3844 0.4018 0.0000
vt 0.0052 0.3613 0.0000
vt 0.0075 0.3626 0.0000
vt 0.0068 0.3743 0.0000
vt 0.0039 0.3753 0.0000
vt 0.2033 0.1039 0.0000
vt 0.2101 0.1034 0.0000
vt 0.0213 0.0770 0.0000
vt 0.0253 0.0853 0.0000
vt 0.0215 0.0883 0.0000
vt 0.0094 0.0843 0.0000
vt 0.2228 0.1867 0.0000
vt 0.2247 0.1853 0.0000
vt 0.0181 0.0729 0.0000
vt 0.0207 0.0745 0.0000
vt 0.0073 0.0836 0.0000
vt 0.0039 0.0825 0.0000
vt 0.3314 0.2553 0.0000
vt 0.3354 0.2573 0.0000
vt 0.4389 0.4516 0.0000
vt 0.4476 0.4425 0.0000
vt 0.4497 0.4493 0.0000
vt 0.4440 0.4553 0.0000
vt 0.4259 0.3680 0.0000
vt 0.4265 0.3662 0.0000
vt 0.4285 0.1143 0.0000
vt 0.4191 0.1242 0.0000
vt 0.4184 0.1222 0.0000
vt 0.4270 0.1132 0.0000
vt 0.1087 0.4538 0.0000
vt 0.1118 0.4493 0.0000
vt 0.0282 0.0878 0.0000
vt 0.0252 0.0896 0.0000
vt 0.1189 0.0741 0.0000
vt 0.1195 0.0679 0.0000
vt 0.1394 0.0680 0.0000
vt 0.1399 0.0740 0.0000
vt 0.1545 0.0674 0.0000
vt 0.1542 0.0741 0.0000
vt 0.1966 0.0929 0.0000
vt 0.2066 0.0948 0.0000
vt 0.2114 0.1778 0.0000
vt 0.2145 0.1773 0.0000
vt 0.3916 0.3888 0.0000
vt 0.3960 0.3905 0.0000
vt 0.1362 0.1638 0.0000
vt 0.1250 0.1621 0.0000
vt 0.1254 0.1640 0.0000
vt 0.4367 0.1598 0.0000
vt 0.4367 0.1732 0.0000
vt 0.4251 0.1678 0.0000
vt 0.4273 0.1613 0.0000
vt 0.4301 0.1828 0.0000
vt 0.4206 0.1716 0.0000
vt 0.3953 0.0283 0.0000
vt 0.3927 0.0404 0.0000
vt 0.3852 0.0269 0.0000
vt 0.3866 0.0150 0.0000
vt 0.3959 0.0212 0.0000
vt 0.3341 0.4500 0.0000
vt 0.3407 0.4548 0.0000
vt 0.3405 0.4623 0.0000
vt 0.3376 0.4647 0.0000
vt 0.3341 0.4641 0.0000
vt 0.1577 0.4156 0.0000
vt 0.1629 0.4152 0.0000
vt 0.1616 0.4159 0.0000
vt 0.1567 0.4166 0.0000
vt 0.1655 0.4152 0.0000
vt 0.1654 0.4157 0.0000
vt 0.4902 0.2411 0.0000
vt 0.4829 0.2388 0.0000
vt 0.4835 0.2375 0.0000
vt 0.4914 0.2402 0.0000
vt 0.4771 0.2401 0.0000
vt 0.4763 0.2390 0.0000
vt 0.1719 0.3821 0.0000
vt 0.1670 0.3698 0.0000
vt 0.1834 0.3708 0.0000
vt 0.1839 0.3782 0.0000
vt 0.1670 0.3618 0.0000
vt 0.1845 0.3645 0.0000
vt 0.4430 0.3877 0.0000
vt 0.4465 0.3806 0.0000
vt 0.4471 0.3818 0.0000
vt 0.4441 0.3887 0.0000
vt 0.4505 0.3786 0.0000
vt 0.4507 0.3798 0.0000
vt 0.1230 0.4702 0.0000
vt 0.1230 0.4810 0.0000
vt 0.1217 0.4801 0.0000
vt 0.1215 0.4697 0.0000
vt 0.1193 0.4868 0.0000
vt 0.1185 0.4856 0.0000
vt 0.3266 0.3633 0.0000
vt 0.3204 0.3748 0.0000
vt 0.3096 0.3743 0.0000
vt 0.3114 0.3633 0.0000
vt 0.3093 0.3753 0.0000
vt 0.3017 0.3727 0.0000
vt 0.3016 0.3724 0.0000
vt 0.4250 0.4724 0.0000
vt 0.4154 0.4709 0.0000
vt 0.4159 0.4696 0.0000
vt 0.4260 0.4714 0.0000
vt 0.4144 0.4714 0.0000
vt 0.4135 0.4703 0.0000
vt 0.3443 0.1615 0.0000
vt 0.3441 0.1620 0.0000
vt 0.3421 0.1635 0.0000
vt 0.3343 0.1667 0.0000
vt 0.3351 0.1645 0.0000
vt 0.1860 0.4768 0.0000
vt 0.1871 0.4733 0.0000
vt 0.1871 0.4730 0.0000
vt 0.1961 0.4703 0.0000
vt 0.1980 0.4744 0.0000
vt 0.4922 0.4784 0.0000
vt 0.4837 0.4746 0.0000
vt 0.4840 0.4737 0.0000
vt 0.4929 0.4777 0.0000
vt 0.4780 0.4756 0.0000
vt 0.4774 0.4748 0.0000
vt 0.3843 0.4749 0.0000
vt 0.3952 0.4773 0.0000
vt 0.3955 0.4783 0.0000
vt 0.3834 0.4756 0.0000
vt 0.1776 0.4119 0.0000
vt 0.1749 0.4221 0.0000
vt 0.1669 0.4223 0.0000
vt 0.1669 0.4270 0.0000
vt 0.1636 0.4217 0.0000
vt 0.1635 0.4222 0.0000
vt 0.4660 0.0039 0.0000
vt 0.4659 0.0054 0.0000
vt 0.4580 0.0054 0.0000
vt 0.4570 0.0039 0.0000
vt 0.3748 0.2478 0.0000
vt 0.3727 0.2486 0.0000
vt 0.3677 0.2426 0.0000
vt 0.3693 0.2406 0.0000
vt 0.3736 0.2554 0.0000
vt 0.3720 0.2546 0.0000
vt 0.3977 0.0219 0.0000
vt 0.3971 0.0284 0.0000
vt 0.3967 0.0181 0.0000
vt 0.3986 0.0190 0.0000
vt 0.4379 0.2524 0.0000
vt 0.4396 0.2525 0.0000
vt 0.4396 0.2603 0.0000
vt 0.4379 0.2613 0.0000
vt 0.3032 0.4659 0.0000
vt 0.3093 0.4696 0.0000
vt 0.3093 0.4699 0.0000
vt 0.3079 0.4720 0.0000
vt 0.3004 0.4679 0.0000
vt 0.3004 0.4560 0.0000
vt 0.3027 0.4557 0.0000
vt 0.3856 0.1697 0.0000
vt 0.3856 0.1814 0.0000
vt 0.3824 0.1796 0.0000
vt 0.3828 0.1695 0.0000
vt 0.3776 0.1854 0.0000
vt 0.3773 0.1850 0.0000
vt 0.3767 0.1829 0.0000
vt 0.3774 0.1854 0.0000
vt 0.1643 0.4562 0.0000
vt 0.1643 0.4674 0.0000
vt 0.1627 0.4662 0.0000
vt 0.1627 0.4564 0.0000
vt 0.1627 0.4682 0.0000
vt 0.1614 0.4668 0.0000
vt 0.3942 0.2627 0.0000
vt 0.3952 0.2608 0.0000
vt 0.4050 0.2613 0.0000
vt 0.4067 0.2627 0.0000
vt 0.3386 0.1769 0.0000
vt 0.3407 0.1776 0.0000
vt 0.3462 0.1870 0.0000
vt 0.0170 0.2496 0.0000
vt 0.0079 0.2440 0.0000
vt 0.0209 0.2416 0.0000
vt 0.3846 0.4739 0.0000
vt 0.3948 0.4760 0.0000
vt 0.0908 0.4687 0.0000
vt 0.0916 0.4693 0.0000
vt 0.4632 0.1445 0.0000
vt 0.4627 0.1456 0.0000
vt 0.4526 0.1445 0.0000
vt 0.4527 0.1457 0.0000
vt 0.0733 0.1638 0.0000
vt 0.0727 0.1663 0.0000
vt 0.0644 0.1704 0.0000
vt 0.0656 0.1725 0.0000
vt 0.0356 0.4797 0.0000
vt 0.0348 0.4796 0.0000
vt 0.0419 0.4725 0.0000
vt 0.0422 0.4730 0.0000
vt 0.0354 0.4859 0.0000
vt 0.0346 0.4863 0.0000
vt 0.4706 0.0840 0.0000
vt 0.4803 0.0840 0.0000
vt 0.4804 0.0847 0.0000
vt 0.4702 0.0847 0.0000
vt 0.0450 0.1851 0.0000
vt 0.0518 0.1792 0.0000
vt 0.0540 0.1878 0.0000
vt 0.0450 0.1867 0.0000
vt 0.0491 0.1878 0.0000
vt 0.3382 0.1758 0.0000
vt 0.3431 0.1644 0.0000
vt 0.3226 0.0410 0.0000
vt 0.3223 0.0384 0.0000
vt 0.3250 0.0379 0.0000
vt 0.2056 0.1617 0.0000
vt 0.1984 0.1473 0.0000
vt 0.2071 0.1612 0.0000
vt 0.4961 0.4296 0.0000
vt 0.4917 0.4287 0.0000
vt 0.4988 0.4173 0.0000
vt 0.5036 0.4197 0.0000
vt 0.4845 0.4223 0.0000
vt 0.4945 0.4134 0.0000
vt 0.5151 0.3913 0.0000
vt 0.5186 0.3943 0.0000
vt 0.5249 0.3986 0.0000
vt 0.1185 0.0493 0.0000
vt 0.1197 0.0401 0.0000
vt 0.1346 0.0418 0.0000
vt 0.1333 0.0532 0.0000
vt 0.1420 0.0428 0.0000
vt 0.1625 0.0508 0.0000
vt 0.1618 0.0585 0.0000
vt 0.1706 0.2584 0.0000
vt 0.1723 0.2445 0.0000
vt 0.1858 0.2457 0.0000
vt 0.1856 0.2588 0.0000
vt 0.1675 0.2780 0.0000
vt 0.1683 0.2720 0.0000
vt 0.1805 0.2718 0.0000
vt 0.1740 0.2993 0.0000
vt 0.1675 0.2995 0.0000
vt 0.5326 0.3826 0.0000
vt 0.5406 0.3907 0.0000
vt 0.5369 0.3929 0.0000
vt 0.5214 0.3790 0.0000
vt 0.5220 0.3735 0.0000
vt 0.5460 0.3769 0.0000
vt 0.5568 0.3887 0.0000
vt 0.1737 0.0538 0.0000
vt 0.1736 0.0600 0.0000
vt 0.3117 0.0445 0.0000
vt 0.3110 0.0413 0.0000
vt 0.3234 0.0443 0.0000
vt 0.1193 0.1426 0.0000
vt 0.1085 0.1492 0.0000
vt 0.1079 0.1309 0.0000
vt 0.1193 0.1302 0.0000
vt 0.1200 0.1509 0.0000
vt 0.1085 0.1591 0.0000
vt 0.1696 0.3348 0.0000
vt 0.1676 0.3351 0.0000
vt 0.1675 0.3157 0.0000
vt 0.1695 0.3147 0.0000
vt 0.1975 0.1598 0.0000
vt 0.2009 0.1733 0.0000
vt 0.1880 0.1870 0.0000
vt 0.1880 0.1841 0.0000
vt 0.1797 0.1309 0.0000
vt 0.1811 0.1236 0.0000
vt 0.1675 0.2720 0.0000
vt 0.1676 0.2584 0.0000
vt 0.3294 0.0371 0.0000
vt 0.1214 0.1430 0.0000
vt 0.1216 0.1473 0.0000
vt 0.1343 0.1486 0.0000
vt 0.1348 0.1511 0.0000
vt 0.1637 0.1553 0.0000
vt 0.1632 0.1575 0.0000
vt 0.1804 0.1639 0.0000
vt 0.1779 0.1649 0.0000
vt 0.1904 0.1759 0.0000
vt 0.1938 0.1578 0.0000
vt 0.1808 0.1364 0.0000
vt 0.1761 0.1388 0.0000
vt 0.1740 0.1363 0.0000
vt 0.1632 0.1421 0.0000
vt 0.1626 0.1402 0.0000
vt 0.1347 0.1370 0.0000
vt 0.1342 0.1344 0.0000
vt 0.1214 0.1339 0.0000
vt 0.4964 0.4342 0.0000
vt 0.4928 0.4350 0.0000
vt 0.3019 0.4275 0.0000
vt 0.3146 0.4254 0.0000
vt 0.3136 0.4305 0.0000
vt 0.3009 0.4332 0.0000
vt 0.3451 0.4248 0.0000
vt 0.3443 0.4284 0.0000
vt 0.3586 0.4249 0.0000
vt 0.3639 0.4259 0.0000
vt 0.3635 0.4281 0.0000
vt 0.3796 0.4282 0.0000
vt 0.3793 0.4308 0.0000
vt 0.3806 0.4282 0.0000
vt 0.3971 0.4314 0.0000
vt 0.3974 0.4339 0.0000
vt 0.4217 0.4318 0.0000
vt 0.4233 0.4345 0.0000
vt 0.4271 0.4332 0.0000
vt 0.4286 0.4357 0.0000
vt 0.4413 0.4301 0.0000
vt 0.4421 0.4339 0.0000
vt 0.4711 0.4259 0.0000
vt 0.4720 0.4319 0.0000
vt 0.4857 0.4290 0.0000
vt 0.1677 0.2447 0.0000
vt 0.1757 0.0465 0.0000
vt 0.1768 0.0466 0.0000
vt 0.1784 0.0541 0.0000
vt 0.2902 0.0443 0.0000
vt 0.3075 0.0411 0.0000
vt 0.1678 0.2376 0.0000
vt 0.1716 0.2376 0.0000
vt 0.1838 0.2398 0.0000
vt 0.1053 0.1523 0.0000
vt 0.1055 0.1646 0.0000
vt 0.1052 0.1308 0.0000
vt 0.3053 0.1779 0.0000
vt 0.3091 0.1801 0.0000
vt 0.3061 0.1807 0.0000
vt 0.0060 0.1610 0.0000
vt 0.0041 0.1597 0.0000
vt 0.0161 0.1387 0.0000
vt 0.0109 0.1754 0.0000
vt 0.0053 0.1647 0.0000
vt 0.1159 0.3577 0.0000
vt 0.1194 0.3463 0.0000
vt 0.1242 0.3486 0.0000
vt 0.1189 0.3609 0.0000
vt 0.1298 0.3497 0.0000
vt 0.1281 0.3636 0.0000
vt 0.1338 0.3195 0.0000
vt 0.1292 0.3187 0.0000
vt 0.1221 0.3164 0.0000
vt 0.0908 0.0461 0.0000
vt 0.0757 0.0464 0.0000
vt 0.0767 0.0353 0.0000
vt 0.0917 0.0369 0.0000
vt 0.0700 0.0343 0.0000
vt 0.0464 0.0461 0.0000
vt 0.0475 0.0385 0.0000
vt 0.2973 0.1184 0.0000
vt 0.2838 0.1196 0.0000
vt 0.2821 0.1057 0.0000
vt 0.2971 0.1053 0.0000
vt 0.2919 0.0923 0.0000
vt 0.2800 0.0921 0.0000
vt 0.2788 0.0830 0.0000
vt 0.2786 0.0645 0.0000
vt 0.2856 0.0646 0.0000
vt 0.1185 0.2982 0.0000
vt 0.1184 0.2978 0.0000
vt 0.1315 0.2999 0.0000
vt 0.1408 0.3069 0.0000
vt 0.1448 0.3033 0.0000
vt 0.1280 0.2858 0.0000
vt 0.1181 0.2956 0.0000
vt 0.1111 0.2846 0.0000
vt 0.0344 0.0435 0.0000
vt 0.0361 0.0374 0.0000
vt 0.2945 0.1818 0.0000
vt 0.2939 0.1787 0.0000
vt 0.3049 0.1746 0.0000
vt 0.1026 0.1310 0.0000
vt 0.1021 0.1492 0.0000
vt 0.0911 0.1427 0.0000
vt 0.0914 0.1302 0.0000
vt 0.1024 0.1592 0.0000
vt 0.0908 0.1512 0.0000
vt 0.2802 0.0297 0.0000
vt 0.2810 0.0493 0.0000
vt 0.2783 0.0481 0.0000
vt 0.2780 0.0295 0.0000
vt 0.0138 0.1589 0.0000
vt 0.0219 0.1839 0.0000
vt 0.0216 0.1870 0.0000
vt 0.0177 0.1362 0.0000
vt 0.0282 0.1215 0.0000
vt 0.0301 0.1290 0.0000
vt 0.2791 0.1057 0.0000
vt 0.2790 0.0921 0.0000
vt 0.3134 0.1793 0.0000
vt 0.0889 0.1476 0.0000
vt 0.0890 0.1431 0.0000
vt 0.0762 0.1526 0.0000
vt 0.0765 0.1500 0.0000
vt 0.0481 0.1591 0.0000
vt 0.0476 0.1568 0.0000
vt 0.0332 0.1655 0.0000
vt 0.0308 0.1644 0.0000
vt 0.0200 0.1755 0.0000
vt 0.0175 0.1568 0.0000
vt 0.0293 0.1345 0.0000
vt 0.0360 0.1343 0.0000
vt 0.0339 0.1368 0.0000
vt 0.0474 0.1386 0.0000
vt 0.0467 0.1404 0.0000
vt 0.0763 0.1336 0.0000
vt 0.0757 0.1361 0.0000
vt 0.0891 0.1338 0.0000
vt 0.1111 0.3597 0.0000
vt 0.1128 0.3631 0.0000
vt 0.1114 0.3470 0.0000
vt 0.1164 0.3455 0.0000
vt 0.1123 0.3173 0.0000
vt 0.1158 0.3165 0.0000
vt 0.1164 0.2986 0.0000
vt 0.1193 0.2990 0.0000
vt 0.1192 0.2994 0.0000
vt 0.1205 0.2828 0.0000
vt 0.1230 0.2837 0.0000
vt 0.1198 0.2965 0.0000
vt 0.1263 0.2654 0.0000
vt 0.1283 0.2669 0.0000
vt 0.1381 0.2425 0.0000
vt 0.1396 0.2452 0.0000
vt 0.1396 0.2375 0.0000
vt 0.1411 0.2399 0.0000
vt 0.1385 0.4203 0.0000
vt 0.1350 0.4071 0.0000
vt 0.1387 0.4064 0.0000
vt 0.1414 0.4206 0.0000
vt 0.1250 0.3791 0.0000
vt 0.1309 0.3774 0.0000
vt 0.1217 0.3659 0.0000
vt 0.2792 0.1194 0.0000
vt 0.0345 0.0294 0.0000
vt 0.0354 0.0296 0.0000
vt 0.0315 0.0367 0.0000
vt 0.2898 0.1840 0.0000
vt 0.2733 0.1873 0.0000
vt 0.2831 0.1265 0.0000
vt 0.2793 0.1265 0.0000
vt 0.2953 0.1243 0.0000
vt 0.0039 0.1597 0.0000
vt 0.5140 0.2294 0.0000
vt 0.3239 0.2285 0.0000
vt 0.3239 0.1957 0.0000
vt 0.5144 0.1971 0.0000
vt 0.2945 0.2375 0.0000
vt 0.2922 0.4294 0.0000
vt 0.2700 0.4294 0.0000
vt 0.2720 0.2372 0.0000
vt 0.0265 0.2294 0.0000
vt 0.0039 0.2131 0.0000
vt 0.0264 0.1966 0.0000
vt 0.2888 0.7514 0.0000
vt 0.2679 0.7239 0.0000
vt 0.2515 0.7461 0.0000
vt 0.2509 0.8336 0.0000
vt 0.2384 0.8089 0.0000
vt 0.2353 0.7237 0.0000
vt 0.2637 0.8091 0.0000
vt 0.6822 0.1449 0.0000
vt 0.5136 0.2020 0.0000
vt 0.6820 0.1409 0.0000
vt 0.5127 0.2248 0.0000
vt 0.6863 0.2659 0.0000
vt 0.6863 0.2699 0.0000
vt 0.9796 0.2181 0.0000
vt 0.9803 0.2210 0.0000
vt 0.9932 0.1971 0.0000
vt 0.9961 0.1969 0.0000
vt 0.9779 0.1767 0.0000
vt 0.9785 0.1738 0.0000
vt 0.2226 0.0289 0.0000
vt 0.2275 0.0481 0.0000
vt 0.3217 0.0975 0.0000
vt 0.3287 0.0975 0.0000
vt 0.3335 0.0975 0.0000
vt 0.0386 0.3006 0.0000
vt 0.0430 0.3006 0.0000
vt 0.0480 0.3006 0.0000
vt 0.3569 0.0818 0.0000
vt 0.3423 0.0747 0.0000
vt 0.3070 0.3055 0.0000
vt 0.3150 0.3055 0.0000
vt 0.3118 0.3142 0.0000
vt 0.3019 0.3105 0.0000
vt 0.1078 0.4185 0.0000
vt 0.1101 0.4246 0.0000
vt 0.0495 0.0977 0.0000
vt 0.3072 0.2547 0.0000
vt 0.3029 0.2560 0.0000
vt 0.4247 0.4004 0.0000
vt 0.4253 0.4024 0.0000
vt 0.3427 0.1588 0.0000
vt 0.1664 0.4101 0.0000
vt 0.1669 0.4090 0.0000
vt 0.4775 0.0193 0.0000
vt 0.4793 0.0200 0.0000
vt 0.0757 0.4427 0.0000
vt 0.0754 0.4415 0.0000
vt 0.1052 0.4094 0.0000
vt 0.0967 0.4029 0.0000
vt 0.1052 0.3936 0.0000
vt 0.1487 0.1798 0.0000
vt 0.1468 0.1791 0.0000
vt 0.4233 0.0337 0.0000
vt 0.3655 0.4408 0.0000
vt 0.3460 0.3907 0.0000
vt 0.1572 0.4341 0.0000
vt 0.1465 0.4317 0.0000
vt 0.1517 0.4276 0.0000
vt 0.1599 0.4351 0.0000
vt 0.1599 0.4353 0.0000
vt 0.0214 0.2938 0.0000
vt 0.0227 0.2960 0.0000
vt 0.0134 0.2975 0.0000
vt 0.0133 0.2973 0.0000
vt 0.4599 0.2405 0.0000
vt 0.4588 0.2420 0.0000
vt 0.3156 0.4422 0.0000
vt 0.3847 0.2391 0.0000
vt 0.3864 0.2407 0.0000
vt 0.3224 0.1720 0.0000
vt 0.0949 0.3928 0.0000
vt 0.1052 0.3927 0.0000
vt 0.4705 0.1642 0.0000
vt 0.4694 0.1635 0.0000
vt 0.0928 0.1695 0.0000
vt 0.0903 0.1703 0.0000
vt 0.4916 0.0694 0.0000
vt 0.4924 0.0690 0.0000
vt 0.1605 0.4331 0.0000
vt 0.0139 0.2987 0.0000
vt 0.0227 0.3053 0.0000
vt 0.0186 0.3096 0.0000
vt 0.0962 0.2450 0.0000
vt 0.0862 0.2432 0.0000
vt 0.0924 0.2391 0.0000
vt 0.0948 0.2375 0.0000
vt 0.0984 0.2453 0.0000
vt 0.0982 0.2456 0.0000
vt 0.2534 0.2512 0.0000
vt 0.2447 0.2540 0.0000
vt 0.2447 0.2526 0.0000
vt 0.1979 0.0597 0.0000
vt 0.1884 0.0423 0.0000
vt 0.3050 0.0664 0.0000
vt 0.3089 0.0606 0.0000
vt 0.3115 0.0566 0.0000
vt 0.0057 0.2733 0.0000
vt 0.0051 0.2690 0.0000
vt 0.0039 0.2641 0.0000
vt 0.3734 0.0897 0.0000
vt 0.3889 0.0972 0.0000
vt 0.3211 0.3108 0.0000
vt 0.3216 0.3179 0.0000
vt 0.1217 0.4548 0.0000
vt 0.1199 0.4499 0.0000
vt 0.0225 0.0887 0.0000
vt 0.3340 0.2467 0.0000
vt 0.3382 0.2454 0.0000
vt 0.4140 0.3653 0.0000
vt 0.4134 0.3633 0.0000
vt 0.1668 0.4114 0.0000
vt 0.4534 0.0102 0.0000
vt 0.4517 0.0095 0.0000
vt 0.0837 0.4763 0.0000
vt 0.0840 0.4775 0.0000
vt 0.1052 0.3918 0.0000
vt 0.0966 0.3827 0.0000
vt 0.1050 0.3760 0.0000
vt 0.1169 0.1692 0.0000
vt 0.1187 0.1699 0.0000
vt 0.3875 0.0135 0.0000
vt 0.3355 0.4665 0.0000
vt 0.3014 0.3726 0.0000
vt 0.1667 0.4110 0.0000
vt 0.1524 0.4101 0.0000
vt 0.0132 0.2971 0.0000
vt 0.0207 0.2914 0.0000
vt 0.4421 0.2647 0.0000
vt 0.4432 0.2632 0.0000
vt 0.3089 0.4717 0.0000
vt 0.4077 0.2612 0.0000
vt 0.4059 0.2595 0.0000
vt 0.3526 0.1812 0.0000
vt 0.4463 0.1488 0.0000
vt 0.4473 0.1495 0.0000
vt 0.0622 0.1798 0.0000
vt 0.0647 0.1790 0.0000
vt 0.4658 0.0795 0.0000
vt 0.4650 0.0799 0.0000
vt 0.1663 0.4124 0.0000
vt 0.0080 0.2850 0.0000
vt 0.0139 0.2850 0.0000
vt 0.0127 0.2959 0.0000
vt 0.3365 0.1790 0.0000
vt 0.3284 0.1750 0.0000
vt 0.0084 0.2528 0.0000
vt 0.0071 0.2533 0.0000
vt 0.0067 0.2442 0.0000
vt 0.3109 0.0405 0.0000
vt 0.1676 0.3370 0.0000
vt 0.1787 0.0468 0.0000
vt 0.1072 0.0491 0.0000
vt 0.1086 0.0388 0.0000
vt 0.1044 0.0494 0.0000
vt 0.1057 0.0385 0.0000
vt 0.2947 0.1830 0.0000
vt 0.2779 0.0274 0.0000
vt 0.0325 0.0292 0.0000
vt 0.1029 0.0382 0.0000
vt 0.1018 0.0485 0.0000
vt 0.0154 0.1396 0.0000
vt 0.2365 0.2370 0.0000
vt 0.2363 0.4292 0.0000
vt 0.2140 0.4289 0.0000
vt 0.2140 0.2370 0.0000
vt 0.2140 0.7510 0.0000
vt 0.0965 0.1125 0.0000
vt 0.0965 0.1203 0.0000
vt 0.0755 0.1125 0.0000
vt 0.1290 0.1203 0.0000
vt 0.1290 0.1125 0.0000
vt 0.1501 0.1125 0.0000
vt 0.1888 0.2996 0.0000
vt 0.1892 0.3021 0.0000
vt 0.0039 0.4618 0.0000
vt 0.0060 0.4610 0.0000
vt 0.4636 0.0425 0.0000
vt 0.4617 0.0432 0.0000
vt 0.2321 0.0269 0.0000
vt 0.2407 0.0255 0.0000
vt 0.2431 0.0452 0.0000
vt 0.2356 0.0464 0.0000
vt 0.3202 0.1070 0.0000
vt 0.3270 0.1087 0.0000
vt 0.3231 0.1183 0.0000
vt 0.3169 0.1150 0.0000
vt 0.3317 0.1099 0.0000
vt 0.3273 0.1205 0.0000
vt 0.0354 0.3125 0.0000
vt 0.0393 0.3144 0.0000
vt 0.0308 0.3246 0.0000
vt 0.0281 0.3213 0.0000
vt 0.0439 0.3164 0.0000
vt 0.0340 0.3284 0.0000
vt 0.3571 0.0881 0.0000
vt 0.3622 0.0928 0.0000
vt 0.3545 0.1081 0.0000
vt 0.3418 0.0942 0.0000
vt 0.1818 0.3091 0.0000
vt 0.1838 0.3098 0.0000
vt 0.0059 0.4484 0.0000
vt 0.0039 0.4477 0.0000
vt 0.3806 0.3678 0.0000
vt 0.3675 0.3684 0.0000
vt 0.3656 0.3633 0.0000
vt 0.3823 0.3633 0.0000
vt 0.4618 0.0558 0.0000
vt 0.4636 0.0566 0.0000
vt 0.0515 0.3720 0.0000
vt 0.0493 0.3707 0.0000
vt 0.2264 0.0852 0.0000
vt 0.2446 0.0924 0.0000
vt 0.2378 0.0929 0.0000
vt 0.2261 0.0867 0.0000
vt 0.0501 0.1091 0.0000
vt 0.0461 0.1008 0.0000
vt 0.2395 0.1593 0.0000
vt 0.2607 0.1593 0.0000
vt 0.2588 0.1607 0.0000
vt 0.2397 0.1605 0.0000
vt 0.0533 0.1131 0.0000
vt 0.0508 0.1115 0.0000
vt 0.3097 0.2461 0.0000
vt 0.3057 0.2441 0.0000
vt 0.3164 0.2370 0.0000
vt 0.3177 0.2412 0.0000
vt 0.4671 0.4687 0.0000
vt 0.4621 0.4649 0.0000
vt 0.4128 0.3977 0.0000
vt 0.4122 0.3994 0.0000
vt 0.4042 0.3875 0.0000
vt 0.4057 0.3870 0.0000
vt 0.3975 0.0951 0.0000
vt 0.3990 0.0962 0.0000
vt 0.1213 0.4196 0.0000
vt 0.1312 0.4306 0.0000
vt 0.1253 0.4327 0.0000
vt 0.1179 0.4235 0.0000
vt 0.0350 0.3853 0.0000
vt 0.0343 0.3832 0.0000
vt 0.0432 0.0985 0.0000
vt 0.0339 0.0986 0.0000
vt 0.1893 0.0775 0.0000
vt 0.1893 0.0713 0.0000
vt 0.2090 0.0694 0.0000
vt 0.2101 0.0753 0.0000
vt 0.0296 0.1115 0.0000
vt 0.0308 0.1078 0.0000
vt 0.0328 0.1020 0.0000
vt 0.0290 0.1133 0.0000
vt 0.4621 0.4573 0.0000
vt 0.4671 0.4558 0.0000
vt 0.3990 0.1091 0.0000
vt 0.3975 0.1095 0.0000
vt 0.1286 0.1872 0.0000
vt 0.1293 0.1852 0.0000
vt 0.1294 0.1853 0.0000
vt 0.1407 0.1872 0.0000
vt 0.1404 0.1853 0.0000
vt 0.3990 0.1771 0.0000
vt 0.3990 0.1637 0.0000
vt 0.4106 0.1691 0.0000
vt 0.4085 0.1756 0.0000
vt 0.4154 0.0189 0.0000
vt 0.4109 0.0121 0.0000
vt 0.4148 0.0067 0.0000
vt 0.4180 0.0068 0.0000
vt 0.4255 0.0203 0.0000
vt 0.4241 0.0321 0.0000
vt 0.4148 0.0260 0.0000
vt 0.3669 0.4573 0.0000
vt 0.3614 0.4664 0.0000
vt 0.3559 0.4599 0.0000
vt 0.3603 0.4525 0.0000
vt 0.3669 0.4433 0.0000
vt 0.1709 0.4283 0.0000
vt 0.1642 0.4300 0.0000
vt 0.1659 0.4291 0.0000
vt 0.1716 0.4260 0.0000
vt 0.4778 0.2577 0.0000
vt 0.4849 0.2603 0.0000
vt 0.4842 0.2616 0.0000
vt 0.4767 0.2586 0.0000
vt 0.2005 0.3474 0.0000
vt 0.2054 0.3597 0.0000
vt 0.1890 0.3588 0.0000
vt 0.1885 0.3514 0.0000
vt 0.4641 0.3993 0.0000
vt 0.4607 0.4064 0.0000
vt 0.4600 0.4052 0.0000
vt 0.4630 0.3983 0.0000
vt 0.1000 0.4810 0.0000
vt 0.1000 0.4702 0.0000
vt 0.1014 0.4711 0.0000
vt 0.1015 0.4815 0.0000
vt 0.3208 0.4001 0.0000
vt 0.3168 0.3991 0.0000
vt 0.3220 0.3873 0.0000
vt 0.3271 0.3886 0.0000
vt 0.3379 0.3891 0.0000
vt 0.3361 0.4001 0.0000
vt 0.3458 0.3910 0.0000
vt 0.4219 0.4921 0.0000
vt 0.4316 0.4936 0.0000
vt 0.4311 0.4949 0.0000
vt 0.4210 0.4931 0.0000
vt 0.3445 0.1614 0.0000
vt 0.3474 0.1713 0.0000
vt 0.3454 0.1697 0.0000
vt 0.1866 0.4475 0.0000
vt 0.1846 0.4433 0.0000
vt 0.4771 0.4936 0.0000
vt 0.4855 0.4974 0.0000
vt 0.4852 0.4983 0.0000
vt 0.4764 0.4943 0.0000
vt 0.3951 0.4454 0.0000
vt 0.3960 0.4446 0.0000
vt 0.1565 0.4104 0.0000
vt 0.1561 0.4088 0.0000
vt 0.1624 0.4105 0.0000
vt 0.1588 0.3985 0.0000
vt 0.1660 0.4105 0.0000
vt 0.1661 0.4106 0.0000
vt 0.4650 0.0256 0.0000
vt 0.4651 0.0242 0.0000
vt 0.4730 0.0242 0.0000
vt 0.4740 0.0256 0.0000
vt 0.4621 0.0237 0.0000
vt 0.4625 0.0225 0.0000
vt 0.3464 0.2503 0.0000
vt 0.3485 0.2494 0.0000
vt 0.3535 0.2554 0.0000
vt 0.3519 0.2575 0.0000
vt 0.4130 0.0253 0.0000
vt 0.4136 0.0188 0.0000
vt 0.4641 0.2528 0.0000
vt 0.4624 0.2527 0.0000
vt 0.4624 0.2449 0.0000
vt 0.4641 0.2439 0.0000
vt 0.4591 0.2586 0.0000
vt 0.4580 0.2578 0.0000
vt 0.3213 0.4479 0.0000
vt 0.3166 0.4419 0.0000
vt 0.3241 0.4459 0.0000
vt 0.3241 0.4579 0.0000
vt 0.3217 0.4582 0.0000
vt 0.3229 0.4593 0.0000
vt 0.3212 0.4589 0.0000
vt 0.3607 0.1714 0.0000
vt 0.3607 0.1597 0.0000
vt 0.3639 0.1615 0.0000
vt 0.3635 0.1717 0.0000
vt 0.3687 0.1557 0.0000
vt 0.1394 0.4575 0.0000
vt 0.1394 0.4463 0.0000
vt 0.1410 0.4475 0.0000
vt 0.1410 0.4573 0.0000
vt 0.3981 0.2375 0.0000
vt 0.3972 0.2394 0.0000
vt 0.3874 0.2390 0.0000
vt 0.3856 0.2375 0.0000
vt 0.4038 0.2422 0.0000
vt 0.4021 0.2440 0.0000
vt 0.3400 0.1686 0.0000
vt 0.3288 0.1663 0.0000
vt 0.3405 0.1668 0.0000
vt 0.2588 0.2410 0.0000
vt 0.3947 0.4464 0.0000
vt 0.4027 0.4560 0.0000
vt 0.4018 0.4562 0.0000
vt 0.0686 0.4503 0.0000
vt 0.0686 0.4621 0.0000
vt 0.0678 0.4623 0.0000
vt 0.0678 0.4497 0.0000
vt 0.4536 0.1685 0.0000
vt 0.4514 0.1675 0.0000
vt 0.4520 0.1665 0.0000
vt 0.4541 0.1673 0.0000
vt 0.4642 0.1685 0.0000
vt 0.4640 0.1673 0.0000
vt 0.0817 0.1857 0.0000
vt 0.0813 0.1858 0.0000
vt 0.0806 0.1838 0.0000
vt 0.0824 0.1832 0.0000
vt 0.0907 0.1789 0.0000
vt 0.0895 0.1769 0.0000
vt 0.0603 0.4817 0.0000
vt 0.0611 0.4819 0.0000
vt 0.0540 0.4889 0.0000
vt 0.0536 0.4884 0.0000
vt 0.4867 0.0649 0.0000
vt 0.4771 0.0649 0.0000
vt 0.4770 0.0642 0.0000
vt 0.4872 0.0642 0.0000
vt 0.4753 0.0659 0.0000
vt 0.4751 0.0653 0.0000
vt 0.4020 0.1819 0.0000
vt 0.4083 0.1766 0.0000
vt 0.4158 0.0048 0.0000
vt 0.1733 0.4208 0.0000
vt 0.1722 0.4227 0.0000
vt 0.4754 0.2556 0.0000
vt 0.4744 0.2563 0.0000
vt 0.1899 0.3408 0.0000
vt 0.1887 0.3484 0.0000
vt 0.4641 0.3913 0.0000
vt 0.4629 0.3915 0.0000
vt 0.1007 0.4831 0.0000
vt 0.1019 0.4822 0.0000
vt 0.4163 0.4883 0.0000
vt 0.4153 0.4891 0.0000
vt 0.3461 0.1786 0.0000
vt 0.3458 0.1791 0.0000
vt 0.1772 0.4547 0.0000
vt 0.1811 0.4559 0.0000
vt 0.4755 0.4919 0.0000
vt 0.4747 0.4924 0.0000
vt 0.4038 0.4556 0.0000
vt 0.1941 0.2397 0.0000
vt 0.2026 0.2375 0.0000
vt 0.2026 0.2424 0.0000
vt 0.3559 0.2586 0.0000
vt 0.3570 0.2564 0.0000
vt 0.4101 0.0133 0.0000
vt 0.3626 0.1736 0.0000
vt 0.3645 0.1731 0.0000
vt 0.1447 0.4637 0.0000
vt 0.1457 0.4628 0.0000
vt 0.3377 0.1767 0.0000
vt 0.3376 0.1769 0.0000
vt 0.3337 0.1629 0.0000
vt 0.3286 0.1712 0.0000
vt 0.3377 0.1770 0.0000
vt 0.0516 0.4896 0.0000
vt 0.0514 0.4890 0.0000
vt 0.1818 0.3210 0.0000
vt 0.1836 0.3192 0.0000
vt 0.0134 0.4372 0.0000
vt 0.0144 0.4392 0.0000
vt 0.4541 0.0669 0.0000
vt 0.4531 0.0651 0.0000
vt 0.2493 0.0247 0.0000
vt 0.2507 0.0445 0.0000
vt 0.3121 0.1221 0.0000
vt 0.3173 0.1268 0.0000
vt 0.3209 0.1301 0.0000
vt 0.0181 0.3269 0.0000
vt 0.0193 0.3311 0.0000
vt 0.0204 0.3359 0.0000
vt 0.3690 0.0942 0.0000
vt 0.3733 0.1096 0.0000
vt 0.3949 0.3744 0.0000
vt 0.3901 0.3769 0.0000
vt 0.0138 0.3853 0.0000
vt 0.0147 0.3830 0.0000
vt 0.2131 0.0882 0.0000
vt 0.2068 0.0852 0.0000
vt 0.0146 0.0973 0.0000
vt 0.0227 0.0931 0.0000
vt 0.2217 0.1666 0.0000
vt 0.2195 0.1658 0.0000
vt 0.0095 0.0986 0.0000
vt 0.0125 0.0989 0.0000
vt 0.3271 0.2409 0.0000
vt 0.3293 0.2370 0.0000
vt 0.4599 0.4451 0.0000
vt 0.4578 0.4511 0.0000
vt 0.4057 0.3741 0.0000
vt 0.4042 0.3731 0.0000
vt 0.4057 0.1214 0.0000
vt 0.4063 0.1197 0.0000
vt 0.1308 0.4453 0.0000
vt 0.1254 0.4441 0.0000
vt 0.0266 0.0928 0.0000
vt 0.1695 0.0695 0.0000
vt 0.1684 0.0754 0.0000
vt 0.1291 0.1851 0.0000
vt 0.1190 0.1799 0.0000
vt 0.1204 0.1785 0.0000
vt 0.4063 0.1856 0.0000
vt 0.4093 0.1766 0.0000
vt 0.4161 0.1755 0.0000
vt 0.4195 0.1878 0.0000
vt 0.4043 0.0106 0.0000
vt 0.3969 0.0039 0.0000
vt 0.4130 0.0039 0.0000
vt 0.3988 0.0155 0.0000
vt 0.3882 0.0120 0.0000
vt 0.3517 0.4704 0.0000
vt 0.3479 0.4632 0.0000
vt 0.3377 0.4683 0.0000
vt 0.1719 0.4198 0.0000
vt 0.1722 0.4212 0.0000
vt 0.1685 0.4180 0.0000
vt 0.1677 0.4165 0.0000
vt 0.4742 0.2526 0.0000
vt 0.4730 0.2534 0.0000
vt 0.4726 0.2453 0.0000
vt 0.4741 0.2451 0.0000
vt 0.1778 0.3439 0.0000
vt 0.1880 0.3514 0.0000
vt 0.1853 0.3582 0.0000
vt 0.1694 0.3541 0.0000
vt 0.4610 0.3840 0.0000
vt 0.4603 0.3853 0.0000
vt 0.4549 0.3801 0.0000
vt 0.4550 0.3787 0.0000
vt 0.1024 0.4844 0.0000
vt 0.1025 0.4828 0.0000
vt 0.1121 0.4867 0.0000
vt 0.1125 0.4883 0.0000
vt 0.3133 0.3969 0.0000
vt 0.3176 0.3843 0.0000
vt 0.3028 0.3859 0.0000
vt 0.3100 0.3765 0.0000
vt 0.3014 0.3730 0.0000
vt 0.4136 0.4821 0.0000
vt 0.4123 0.4829 0.0000
vt 0.4123 0.4726 0.0000
vt 0.4137 0.4723 0.0000
vt 0.3444 0.1644 0.0000
vt 0.3484 0.1702 0.0000
vt 0.3473 0.1721 0.0000
vt 0.1811 0.4659 0.0000
vt 0.1772 0.4683 0.0000
vt 0.4746 0.4897 0.0000
vt 0.4737 0.4901 0.0000
vt 0.4737 0.4804 0.0000
vt 0.4746 0.4804 0.0000
vt 0.4027 0.4690 0.0000
vt 0.4038 0.4691 0.0000
vt 0.1560 0.4120 0.0000
vt 0.1587 0.4223 0.0000
vt 0.4536 0.0168 0.0000
vt 0.4595 0.0221 0.0000
vt 0.4586 0.0232 0.0000
vt 0.4519 0.0172 0.0000
vt 0.3599 0.2586 0.0000
vt 0.3677 0.2589 0.0000
vt 0.3683 0.2611 0.0000
vt 0.3592 0.2611 0.0000
vt 0.4051 0.0122 0.0000
vt 0.4003 0.0166 0.0000
vt 0.4470 0.2657 0.0000
vt 0.4545 0.2634 0.0000
vt 0.4551 0.2650 0.0000
vt 0.4465 0.2677 0.0000
vt 0.3165 0.4689 0.0000
vt 0.3182 0.4719 0.0000
vt 0.3096 0.4724 0.0000
vt 0.3213 0.4599 0.0000
vt 0.3233 0.4612 0.0000
vt 0.3622 0.1765 0.0000
vt 0.3644 0.1748 0.0000
vt 0.3702 0.1832 0.0000
vt 0.3685 0.1864 0.0000
vt 0.3773 0.1855 0.0000
vt 0.1508 0.4693 0.0000
vt 0.1510 0.4677 0.0000
vt 0.1608 0.4680 0.0000
vt 0.1620 0.4697 0.0000
vt 0.4077 0.2585 0.0000
vt 0.4068 0.2487 0.0000
vt 0.4087 0.2477 0.0000
vt 0.4092 0.2602 0.0000
vt 0.3504 0.1728 0.0000
vt 0.0144 0.2355 0.0000
vt 0.4018 0.4684 0.0000
vt 0.0739 0.4727 0.0000
vt 0.0735 0.4736 0.0000
vt 0.4495 0.1659 0.0000
vt 0.4504 0.1650 0.0000
vt 0.4450 0.1563 0.0000
vt 0.4462 0.1559 0.0000
vt 0.0809 0.1860 0.0000
vt 0.0788 0.1844 0.0000
vt 0.0695 0.1860 0.0000
vt 0.0693 0.1837 0.0000
vt 0.0495 0.4908 0.0000
vt 0.0395 0.4908 0.0000
vt 0.0399 0.4902 0.0000
vt 0.0494 0.4902 0.0000
vt 0.4663 0.0729 0.0000
vt 0.4655 0.0728 0.0000
vt 0.4729 0.0658 0.0000
vt 0.4733 0.0664 0.0000
vt 0.0361 0.1878 0.0000
vt 0.0383 0.1792 0.0000
vt 0.0410 0.1878 0.0000
vt 0.3217 0.0359 0.0000
vt 0.0533 0.2390 0.0000
vt 0.0538 0.2375 0.0000
vt 0.0682 0.2454 0.0000
vt 0.4832 0.3633 0.0000
vt 0.4997 0.3683 0.0000
vt 0.4962 0.3723 0.0000
vt 0.4832 0.3674 0.0000
vt 0.4932 0.3774 0.0000
vt 0.4844 0.3723 0.0000
vt 0.5162 0.3953 0.0000
vt 0.5193 0.3917 0.0000
vt 0.5252 0.3869 0.0000
vt 0.1207 0.0309 0.0000
vt 0.1360 0.0307 0.0000
vt 0.1648 0.0316 0.0000
vt 0.1637 0.0393 0.0000
vt 0.1496 0.2455 0.0000
vt 0.1631 0.2444 0.0000
vt 0.1647 0.2584 0.0000
vt 0.1496 0.2585 0.0000
vt 0.1546 0.2716 0.0000
vt 0.1668 0.2720 0.0000
vt 0.1610 0.2993 0.0000
vt 0.5347 0.4018 0.0000
vt 0.5243 0.4073 0.0000
vt 0.5257 0.4128 0.0000
vt 0.5493 0.4040 0.0000
vt 0.1767 0.0329 0.0000
vt 0.1754 0.0390 0.0000
vt 0.3107 0.0397 0.0000
vt 0.3102 0.0365 0.0000
vt 0.3212 0.0325 0.0000
vt 0.0850 0.3360 0.0000
vt 0.0667 0.3356 0.0000
vt 0.0732 0.3246 0.0000
vt 0.0857 0.3247 0.0000
vt 0.0568 0.3360 0.0000
vt 0.0648 0.3242 0.0000
vt 0.1657 0.3349 0.0000
vt 0.1656 0.3148 0.0000
vt 0.0423 0.2437 0.0000
vt 0.0558 0.2469 0.0000
vt 0.0314 0.2565 0.0000
vt 0.0284 0.2565 0.0000
vt 0.0926 0.2619 0.0000
vt 0.0854 0.2635 0.0000
vt 0.0683 0.3224 0.0000
vt 0.0728 0.3225 0.0000
vt 0.0636 0.3096 0.0000
vt 0.0662 0.3100 0.0000
vt 0.0574 0.2815 0.0000
vt 0.0597 0.2810 0.0000
vt 0.0505 0.2666 0.0000
vt 0.0515 0.2642 0.0000
vt 0.0396 0.2541 0.0000
vt 0.0580 0.2506 0.0000
vt 0.0799 0.2627 0.0000
vt 0.0800 0.2695 0.0000
vt 0.0776 0.2674 0.0000
vt 0.0760 0.2809 0.0000
vt 0.0742 0.2803 0.0000
vt 0.0820 0.3097 0.0000
vt 0.0794 0.3092 0.0000
vt 0.0821 0.3225 0.0000
vt 0.4830 0.3667 0.0000
vt 0.4794 0.3682 0.0000
vt 0.4764 0.3719 0.0000
vt 0.4714 0.3724 0.0000
vt 0.4783 0.4016 0.0000
vt 0.4749 0.4032 0.0000
vt 0.4837 0.4202 0.0000
vt 0.4816 0.4214 0.0000
vt 0.4792 0.4164 0.0000
vt 0.4930 0.4333 0.0000
vt 0.4915 0.4350 0.0000
vt 0.5097 0.4314 0.0000
vt 0.4934 0.4357 0.0000
vt 0.5085 0.4292 0.0000
vt 0.5242 0.4104 0.0000
vt 0.5215 0.4080 0.0000
vt 0.5133 0.3979 0.0000
vt 0.4894 0.3822 0.0000
vt 0.4806 0.3739 0.0000
vt 0.1800 0.0397 0.0000
vt 0.1639 0.2375 0.0000
vt 0.1517 0.2396 0.0000
vt 0.0636 0.3389 0.0000
vt 0.0514 0.3391 0.0000
vt 0.0852 0.3386 0.0000
vt 0.3065 0.1836 0.0000
vt 0.0539 0.4377 0.0000
vt 0.0763 0.4279 0.0000
vt 0.0552 0.4396 0.0000
vt 0.0503 0.4383 0.0000
vt 0.0396 0.4323 0.0000
vt 0.1103 0.3630 0.0000
vt 0.1067 0.3634 0.0000
vt 0.1099 0.3499 0.0000
vt 0.1151 0.3496 0.0000
vt 0.1022 0.3596 0.0000
vt 0.1042 0.3488 0.0000
vt 0.1062 0.3205 0.0000
vt 0.1108 0.3199 0.0000
vt 0.1179 0.3179 0.0000
vt 0.0929 0.0278 0.0000
vt 0.0782 0.0239 0.0000
vt 0.0492 0.0257 0.0000
vt 0.0501 0.0182 0.0000
vt 0.2760 0.1057 0.0000
vt 0.2746 0.1197 0.0000
vt 0.2611 0.1187 0.0000
vt 0.2610 0.1057 0.0000
vt 0.2779 0.0921 0.0000
vt 0.2660 0.0926 0.0000
vt 0.2715 0.0648 0.0000
vt 0.1058 0.3019 0.0000
vt 0.0978 0.3100 0.0000
vt 0.0942 0.3073 0.0000
vt 0.1064 0.2878 0.0000
vt 0.1224 0.2839 0.0000
vt 0.0381 0.0223 0.0000
vt 0.0387 0.0162 0.0000
vt 0.2956 0.1873 0.0000
vt 0.2949 0.1842 0.0000
vt 0.3073 0.1868 0.0000
vt 0.0735 0.3526 0.0000
vt 0.0668 0.3420 0.0000
vt 0.0851 0.3413 0.0000
vt 0.0858 0.3528 0.0000
vt 0.0653 0.3536 0.0000
vt 0.0569 0.3421 0.0000
vt 0.2757 0.0297 0.0000
vt 0.2757 0.0494 0.0000
vt 0.0561 0.4299 0.0000
vt 0.0284 0.4210 0.0000
vt 0.0316 0.4209 0.0000
vt 0.0862 0.4140 0.0000
vt 0.0938 0.4159 0.0000
vt 0.0788 0.4263 0.0000
vt 0.0732 0.3547 0.0000
vt 0.0689 0.3551 0.0000
vt 0.0678 0.3677 0.0000
vt 0.0652 0.3681 0.0000
vt 0.0606 0.3967 0.0000
vt 0.0583 0.3961 0.0000
vt 0.0517 0.4130 0.0000
vt 0.0508 0.4105 0.0000
vt 0.0399 0.4231 0.0000
vt 0.0583 0.4263 0.0000
vt 0.0806 0.4148 0.0000
vt 0.0784 0.4101 0.0000
vt 0.0809 0.4081 0.0000
vt 0.0750 0.3972 0.0000
vt 0.0768 0.3966 0.0000
vt 0.0792 0.3683 0.0000
vt 0.0817 0.3678 0.0000
vt 0.0821 0.3549 0.0000
vt 0.1126 0.3674 0.0000
vt 0.1060 0.3679 0.0000
vt 0.1127 0.3514 0.0000
vt 0.1175 0.3531 0.0000
vt 0.1155 0.3191 0.0000
vt 0.1188 0.3203 0.0000
vt 0.1221 0.3000 0.0000
vt 0.1237 0.2823 0.0000
vt 0.1045 0.2863 0.0000
vt 0.0918 0.3076 0.0000
vt 0.0964 0.3124 0.0000
vt 0.1025 0.3211 0.0000
vt 0.0983 0.3484 0.0000
vt 0.0997 0.3623 0.0000
vt 0.0335 0.0214 0.0000
vt 0.2754 0.1266 0.0000
vt 0.2632 0.1246 0.0000
vt 0.0553 0.4398 0.0000
vt 0.6637 0.0997 0.0000
vt 0.6637 0.1325 0.0000
vt 0.4733 0.1323 0.0000
vt 0.4733 0.0999 0.0000
vt 0.4946 0.3324 0.0000
vt 0.4944 0.3547 0.0000
vt 0.3024 0.3548 0.0000
vt 0.3024 0.3323 0.0000
vt 0.9613 0.0995 0.0000
vt 0.9839 0.1159 0.0000
vt 0.9613 0.1323 0.0000
vt 0.7891 0.3335 0.0000
vt 0.8165 0.3548 0.0000
vt 0.8745 0.3050 0.0000
vt 0.8990 0.3178 0.0000
vt 0.8115 0.3173 0.0000
vt 0.7893 0.3010 0.0000
vt 0.8743 0.3303 0.0000
vt 0.3194 0.0177 0.0000
vt 0.3202 0.0138 0.0000
vt 0.4732 0.1048 0.0000
vt 0.4747 0.1279 0.0000
vt 0.2986 0.1550 0.0000
vt 0.2993 0.1511 0.0000
vt 0.0154 0.0512 0.0000
vt 0.0167 0.0485 0.0000
vt 0.0039 0.0243 0.0000
vt 0.0067 0.0250 0.0000
vt 0.0246 0.0039 0.0000
vt 0.0247 0.0069 0.0000
vt 0.3085 0.3230 0.0000
vt 0.3024 0.3177 0.0000
vt 0.1673 0.4110 0.0000
vt 0.1139 0.4027 0.0000
vt 0.1055 0.4094 0.0000
vt 0.1708 0.4329 0.0000
vt 0.1732 0.4391 0.0000
vt 0.1628 0.4357 0.0000
vt 0.0059 0.3032 0.0000
vt 0.0052 0.3008 0.0000
vt 0.1155 0.3926 0.0000
vt 0.0126 0.3096 0.0000
vt 0.1068 0.2469 0.0000
vt 0.1068 0.2543 0.0000
vt 0.0998 0.2469 0.0000
vt 0.1068 0.2440 0.0000
vt 0.2620 0.2495 0.0000
vt 0.2625 0.2508 0.0000
vt 0.2590 0.0441 0.0000
vt 0.2590 0.0244 0.0000
vt 0.3050 0.1287 0.0000
vt 0.3089 0.1344 0.0000
vt 0.3115 0.1385 0.0000
vt 0.0057 0.3278 0.0000
vt 0.0051 0.3321 0.0000
vt 0.0039 0.3371 0.0000
vt 0.3165 0.3230 0.0000
vt 0.1136 0.3825 0.0000
vt 0.1792 0.4177 0.0000
vt 0.0039 0.2986 0.0000
vt 0.0039 0.2894 0.0000
vt 0.3450 0.1819 0.0000
vt 0.0039 0.2355 0.0000
vt 0.0053 0.2355 0.0000
vt 0.1096 0.0285 0.0000
vt 0.1069 0.0276 0.0000
vt 0.1042 0.0279 0.0000
vt 0.0753 0.4286 0.0000
vt 0.4948 0.2764 0.0000
vt 0.4948 0.2987 0.0000
vt 0.3026 0.2968 0.0000
vt 0.3029 0.2743 0.0000
vt 0.8168 0.2799 0.0000
vt 0.0965 0.1046 0.0000
vt 0.1290 0.1046 0.0000
# 1663 texture coords

o krwioprzysiega001
g krwioprzysiega001
s off
f 1/1/1 2/2/2 3/3/3 4/4/4 
f 5/5/5 6/6/6 7/7/7 8/8/8 
f 9/9/9 10/10/10 11/11/11 12/12/12 
f 13/13/13 14/14/14 15/15/15 16/16/16 
f 15/17/15 14/18/14 17/19/17 18/20/18 
f 18/20/18 17/19/17 19/21/19 20/22/20 
f 20/23/20 19/24/19 21/25/21 22/26/22 
f 22/26/22 21/25/21 23/27/23 24/28/24 
f 23/29/23 25/30/25 26/31/26 24/32/24 
f 2/2/2 1/1/1 27/33/27 28/34/28 
f 5/5/5 8/8/8 29/35/29 30/36/30 
f 31/37/31 32/38/32 33/39/33 34/40/34 
f 9/9/9 12/12/12 35/41/35 36/42/36 
f 37/43/37 38/44/38 39/45/39 40/46/40 
f 41/47/41 42/48/42 43/49/43 37/50/37 
f 44/51/44 45/52/45 46/53/46 47/54/47 
f 48/55/48 49/56/49 40/57/40 50/58/50 
f 51/59/51 52/60/52 53/61/53 54/62/54 
f 2/63/2 28/64/28 29/65/29 8/66/8 
f 9/67/9 16/68/16 55/69/55 10/70/10 
f 5/71/5 30/72/30 33/73/33 32/74/32 
f 31/75/31 12/76/12 11/77/11 56/78/56 
f 57/79/57 43/80/43 42/81/42 58/82/58 
f 40/46/40 49/83/49 41/84/41 37/43/37 
f 59/85/59 60/86/60 61/87/61 62/88/62 
f 51/89/51 63/90/63 48/91/48 50/92/50 
f 64/93/64 54/62/54 44/51/44 65/94/65 
f 66/95/66 47/54/47 59/85/59 62/88/62 
f 65/94/65 44/51/44 47/54/47 66/95/66 
f 63/96/63 51/59/51 54/62/54 64/93/64 
f 16/68/16 9/67/9 36/97/36 13/98/13 
f 12/76/12 31/75/31 34/99/34 35/100/35 
f 50/92/50 67/101/67 52/102/52 51/89/51 
f 37/50/37 43/49/43 68/103/68 38/104/38 
f 50/58/50 40/57/40 39/105/39 67/106/67 
f 32/38/32 31/37/31 56/107/56 69/108/69 
s 1
f 27/109/27 70/110/70 71/111/71 
s 2
f 1/112/1 72/113/72 70/110/70 27/109/27 
f 73/114/73 74/115/74 75/116/75 76/117/76 
f 76/117/76 75/116/75 77/118/77 78/119/78 
s 1
f 79/120/79 80/121/80 81/122/81 82/123/82 83/124/83 
s 2
f 82/123/82 81/122/81 84/125/84 85/126/85 
s 1
f 86/127/86 87/128/87 88/129/88 89/130/89 
f 90/131/90 91/132/91 92/133/92 87/128/87 86/127/86 
s 2
f 93/134/93 94/135/94 95/136/95 96/137/96 
f 96/137/96 95/136/95 97/138/97 98/139/98 
f 99/140/99 100/141/100 101/142/101 102/143/102 
f 102/143/102 101/142/101 103/144/103 104/145/104 
f 105/146/105 106/147/106 107/148/107 108/149/108 
f 108/149/108 107/148/107 109/150/109 110/151/110 
f 111/152/111 112/153/112 113/154/113 114/155/114 
f 114/155/114 113/154/113 115/156/115 116/157/116 
s 1
f 117/158/117 118/159/118 119/160/119 120/161/120 
s 2
f 120/161/120 119/160/119 121/162/121 122/163/122 
s 1
f 123/164/123 124/165/124 125/166/125 126/167/126 
f 124/165/124 123/164/123 127/168/127 128/169/128 
s 2
f 129/170/129 130/171/130 128/169/128 127/168/127 131/172/131 
s 1
f 132/173/132 133/174/133 134/175/134 135/176/135 
s 2
f 135/176/135 134/175/134 136/177/136 137/178/137 
s 1
f 138/179/138 139/180/139 140/181/140 141/182/141 142/183/142 
f 143/184/143 144/185/144 145/186/145 146/187/146 147/188/147 
s 2
f 148/189/148 149/190/149 150/191/150 151/192/151 
f 151/192/151 150/191/150 152/193/152 153/194/153 
s 1
f 154/195/154 155/196/155 156/197/156 157/198/157 
s 4
f 158/199/158 159/200/159 74/201/74 
f 74/201/74 159/200/159 160/202/160 75/203/75 
f 160/202/160 161/204/161 162/205/162 77/206/77 75/203/75 
f 94/135/94 163/207/163 164/208/164 95/136/95 
f 101/209/101 100/210/100 73/211/73 76/212/76 
f 100/210/100 165/213/165 166/214/166 73/211/73 
f 99/215/99 102/216/102 107/217/107 106/218/106 
f 102/216/102 104/219/104 109/220/109 107/217/107 
f 81/122/81 111/221/111 114/222/114 84/125/84 
f 114/222/114 116/223/116 167/224/167 84/125/84 
f 113/225/113 112/226/112 105/227/105 108/228/108 
f 112/226/112 168/229/168 169/230/169 105/227/105 
f 170/231/170 121/232/121 119/233/119 82/234/82 85/235/85 
f 119/233/119 118/236/118 83/237/83 82/234/82 
f 118/236/118 171/238/171 172/239/172 83/237/83 
f 123/240/123 117/241/117 120/242/120 127/243/127 
f 122/244/122 173/245/173 131/246/131 127/243/127 120/242/120 
f 131/246/131 173/245/173 174/247/174 
f 86/248/86 132/249/132 135/250/135 90/251/90 
f 135/250/135 137/252/137 175/253/175 90/251/90 
f 134/254/134 133/255/133 124/256/124 128/257/128 
f 133/255/133 176/258/176 125/259/125 124/256/124 
f 177/260/177 178/261/178 179/262/179 88/263/88 87/264/87 
f 141/265/141 140/266/140 180/267/180 
f 181/268/181 154/195/154 57/269/57 58/270/58 
f 154/195/154 157/198/157 182/271/182 57/269/57 
f 146/272/146 155/273/155 183/274/183 184/275/184 
s 1
f 185/276/185 186/277/186 187/278/187 188/279/188 
s 2
f 189/280/189 190/281/190 186/277/186 185/276/185 
s 1
f 70/282/70 191/283/191 192/284/192 71/285/71 
s 2
f 72/286/72 193/287/193 191/283/191 70/282/70 
s 4
f 186/288/186 190/289/190 150/290/150 149/291/149 
f 190/289/190 194/292/194 152/293/152 150/290/150 
f 193/294/193 189/295/189 185/296/185 191/297/191 
f 191/297/191 185/296/185 188/298/188 192/299/192 
s 1
f 166/300/166 158/301/158 74/115/74 73/114/73 
f 172/302/172 79/120/79 83/124/83 
f 195/303/195 196/304/196 94/135/94 93/134/93 
f 197/305/197 165/306/165 100/141/100 99/140/99 
f 169/307/169 198/308/198 106/147/106 105/146/105 
f 199/309/199 168/310/168 112/153/112 111/152/111 
f 200/311/200 171/312/171 118/159/118 117/158/117 
f 201/313/201 176/314/176 133/174/133 132/173/132 
f 202/315/202 203/316/203 142/183/142 141/182/141 
f 184/317/184 204/318/204 147/188/147 146/187/146 
f 205/319/205 206/320/206 149/190/149 148/189/148 
f 181/268/181 183/321/183 155/196/155 154/195/154 
s 4
f 158/322/158 207/323/207 208/324/208 209/325/208 159/326/159 
f 196/304/196 210/327/209 163/207/163 94/135/94 
f 198/328/198 197/329/197 99/215/99 106/218/106 
f 80/121/80 199/330/199 111/221/111 81/122/81 
f 126/331/126 200/332/200 117/241/117 123/240/123 
f 89/333/89 201/334/201 132/249/132 86/248/86 
f 211/335/210 212/336/211 179/262/179 178/261/178 
f 212/336/211 211/335/210 213/337/212 138/338/138 214/339/213 
f 214/339/213 138/338/138 142/340/142 215/341/214 
f 187/342/187 186/288/186 149/291/149 206/343/206 
s off
f 216/344/215 217/345/216 218/346/217 219/347/218 
f 220/348/219 221/349/220 222/350/221 223/351/222 
f 224/352/223 225/353/224 226/354/225 227/355/226 
f 228/356/227 14/14/14 13/13/13 229/357/228 
f 228/358/227 230/359/229 17/19/17 14/18/14 
f 230/359/229 231/360/230 19/21/19 17/19/17 
f 231/361/230 232/362/231 21/25/21 19/24/19 
f 232/362/231 233/363/232 23/27/23 21/25/21 
f 234/364/233 25/30/25 23/29/23 233/365/232 
f 27/33/27 216/344/215 219/347/218 28/34/28 
f 29/35/29 223/351/222 222/350/221 30/36/30 
f 33/39/33 235/366/234 236/367/235 34/40/34 
f 35/41/35 227/355/226 226/354/225 36/42/36 
f 237/368/236 238/369/237 239/370/238 240/371/239 
f 41/47/41 237/372/236 241/373/240 42/48/42 
f 242/374/241 243/375/242 244/376/243 245/377/244 
f 48/55/48 246/378/245 238/379/237 49/56/49 
f 247/380/246 248/381/247 249/382/248 250/383/249 
f 219/384/218 223/385/222 29/65/29 28/64/28 
f 226/386/225 225/387/224 251/388/250 229/389/228 
f 222/390/221 235/391/234 33/73/33 30/72/30 
f 236/392/235 252/393/251 224/394/223 227/395/226 
f 253/396/252 58/82/58 42/81/42 241/397/240 
f 41/84/41 49/83/49 238/369/237 237/368/236 
f 254/398/253 62/88/62 61/87/61 255/399/254 
f 48/400/48 63/401/63 247/402/246 246/403/245 
f 64/93/64 65/94/65 242/374/241 248/381/247 
f 66/95/66 62/88/62 254/398/253 243/375/242 
f 65/94/65 66/95/66 243/375/242 242/374/241 
f 63/96/63 64/93/64 248/381/247 247/380/246 
f 229/389/228 13/98/13 36/97/36 226/386/225 
f 227/395/226 35/100/35 34/99/34 236/392/235 
f 250/404/249 256/405/255 246/403/245 247/402/246 
f 237/372/236 240/406/239 257/407/256 241/373/240 
f 246/378/245 256/408/255 239/409/238 238/379/237 
f 235/366/234 258/410/257 252/411/251 236/367/235 
s 1
f 27/109/27 71/111/71 259/412/258 
s 2
f 216/413/215 27/109/27 259/412/258 260/414/259 
f 261/415/260 262/416/261 263/417/262 264/418/263 
f 262/416/261 265/419/264 266/420/265 263/417/262 
s 1
f 267/421/266 80/121/80 79/120/79 268/422/267 269/423/268 
s 2
f 269/423/268 270/424/269 271/425/270 267/421/266 
s 1
f 272/426/271 89/130/89 88/129/88 273/427/272 
f 274/428/273 275/429/274 276/430/275 272/426/271 273/427/272 
s 2
f 277/431/276 278/432/277 279/433/278 280/434/279 
f 278/432/277 281/435/280 282/436/281 279/433/278 
f 283/437/282 284/438/283 285/439/284 286/440/285 
f 284/438/283 287/441/286 288/442/287 285/439/284 
f 289/443/288 290/444/289 291/445/290 292/446/291 
f 290/444/289 293/447/292 294/448/293 291/445/290 
f 295/449/294 296/450/295 297/451/296 298/452/297 
f 296/450/295 299/453/298 300/454/299 297/451/296 
s 1
f 301/455/300 302/456/301 303/457/302 304/458/303 
s 2
f 302/456/301 305/459/304 306/460/305 303/457/302 
s 1
f 307/461/306 126/167/126 125/166/125 308/462/307 
f 308/462/307 309/463/308 310/464/309 307/461/306 
s 2
f 309/463/308 311/465/310 312/466/311 313/467/312 310/464/309 
s 1
f 314/468/313 315/469/314 316/470/315 317/471/316 
s 2
f 315/469/314 318/472/317 319/473/318 316/470/315 
s 1
f 320/474/319 321/475/320 322/476/321 323/477/322 324/478/323 
f 325/479/324 326/480/144 327/481/325 328/482/326 329/483/327 
s 2
f 330/484/328 331/485/329 332/486/330 333/487/331 
f 331/485/329 334/488/332 335/489/333 332/486/330 
s 1
f 336/490/334 337/491/335 338/492/336 339/493/337 
s 4
f 158/199/158 264/494/263 159/200/338 
f 264/494/263 263/495/262 160/202/160 159/200/338 
f 340/496/339 161/204/161 160/202/160 263/495/262 266/497/265 
f 341/498/340 342/499/341 280/434/279 279/433/278 
f 261/500/260 286/501/285 285/502/284 262/503/261 
f 166/214/166 165/213/165 286/501/285 261/500/260 
f 291/504/290 284/505/283 283/506/282 292/507/291 
f 294/508/293 287/509/286 284/505/283 291/504/290 
f 267/421/266 271/425/270 296/510/295 295/511/294 
f 343/512/342 299/513/298 296/510/295 271/425/270 
f 289/514/288 298/515/297 297/516/296 290/517/289 
f 169/230/169 168/229/168 298/515/297 289/514/288 
f 303/518/302 306/519/305 344/520/343 270/521/269 269/522/268 
f 268/523/267 304/524/303 303/518/302 269/522/268 
f 172/239/172 171/238/171 304/524/303 268/523/267 
f 307/525/306 310/526/309 302/527/301 301/528/300 
f 313/529/312 345/530/344 305/531/304 302/527/301 310/526/309 
f 313/529/312 346/532/345 345/530/344 
f 272/533/271 276/534/275 315/535/314 314/536/313 
f 347/537/346 318/538/317 315/535/314 276/534/275 
f 308/539/307 317/540/316 316/541/315 309/542/308 
f 125/259/125 176/258/176 317/540/316 308/539/307 
f 179/262/179 348/543/347 349/544/348 273/545/272 88/263/88 
f 324/546/323 350/547/349 320/548/319 
f 253/549/252 336/490/334 181/268/181 58/270/58 
f 351/550/350 337/491/335 336/490/334 253/549/252 
f 329/551/327 184/275/184 183/274/183 339/552/337 
s 1
f 352/553/351 188/279/188 187/278/187 353/554/352 
s 2
f 354/555/353 352/553/351 353/554/352 355/556/354 
s 1
f 259/557/258 71/285/71 192/284/192 356/558/355 
s 2
f 260/559/259 259/557/258 356/558/355 357/560/356 
s 4
f 332/561/330 355/562/354 353/563/352 333/564/331 
f 335/565/333 358/566/357 355/562/354 332/561/330 
f 357/567/356 356/568/355 352/569/351 354/570/353 
f 356/568/355 192/299/192 188/298/188 352/569/351 
s 1
f 166/300/166 261/415/260 264/418/263 158/301/158 
f 172/302/172 268/422/267 79/120/79 
f 195/303/195 277/431/276 280/434/279 196/304/196 
f 197/305/197 283/437/282 286/440/285 165/306/165 
f 169/307/169 289/443/288 292/446/291 198/308/198 
f 199/309/199 295/449/294 298/452/297 168/310/168 
f 200/311/200 301/455/300 304/458/303 171/312/171 
f 201/313/201 314/468/313 317/471/316 176/314/176 
f 202/315/202 324/478/323 323/477/322 203/316/203 
f 184/317/184 329/483/327 328/482/326 204/318/204 
f 205/319/205 330/484/328 333/487/331 206/320/206 
f 181/268/181 336/490/334 339/493/337 183/321/183 
s 4
f 359/571/358 360/572/359 158/573/158 361/574/358 
f 159/575/338 361/574/358 158/573/158 
f 196/304/196 280/434/279 342/499/341 210/327/209 
f 198/328/198 292/507/291 283/506/282 197/329/197 
f 80/121/80 267/421/266 295/511/294 199/330/199 
f 126/331/126 307/525/306 301/528/300 200/332/200 
f 89/333/89 272/533/271 314/536/313 201/334/201 
f 348/543/347 179/262/179 212/336/211 362/576/360 
f 363/577/361 362/576/360 212/336/211 214/339/213 322/476/321 
f 323/477/322 322/476/321 214/339/213 215/341/214 
f 333/564/331 353/563/352 187/342/187 206/343/206 
s off
f 364/578/362 365/579/363 366/580/364 
f 367/581/365 368/582/366 369/583/367 
f 370/584/368 371/585/369 372/586/370 373/587/371 
f 371/585/369 374/588/372 375/589/373 372/586/370 
f 376/590/374 377/591/375 372/586/370 375/589/373 
f 377/591/375 378/592/376 373/587/371 372/586/370 
f 379/593/377 380/594/378 381/595/379 382/596/380 
f 382/596/380 381/595/379 383/597/381 384/598/382 385/599/383 
f 386/600/384 387/601/385 388/602/386 389/603/387 
f 390/604/388 391/605/389 392/606/390 393/607/391 394/608/392 
f 386/600/384 389/603/387 392/606/390 391/605/389 
f 395/609/393 396/610/394 397/611/395 378/592/376 377/591/375 
f 377/591/375 376/590/374 398/612/396 395/609/393 
f 399/613/397 400/614/398 395/609/393 398/612/396 
f 400/614/398 401/615/399 396/610/394 395/609/393 
f 385/599/383 384/598/382 402/616/400 403/617/401 
f 384/618/382 404/619/402 364/578/362 402/620/400 
f 405/621/403 406/622/404 407/623/405 379/624/377 
f 389/625/387 388/626/386 406/622/404 405/621/403 
f 408/627/406 409/628/407 410/629/408 411/630/409 
f 412/631/410 367/581/365 413/632/411 414/633/412 408/634/406 
f 368/582/366 367/581/365 412/631/410 415/635/413 416/636/414 
f 391/605/389 417/637/415 418/638/416 386/600/384 
f 402/620/400 364/578/362 366/580/364 419/639/417 
f 405/621/403 420/640/418 421/641/419 389/625/387 
f 421/641/419 422/642/420 392/643/390 389/625/387 
f 392/643/390 422/642/420 423/644/421 393/645/391 
f 423/644/421 424/646/422 411/647/409 393/645/391 
f 411/647/409 424/646/422 425/648/423 408/634/406 
f 412/631/410 408/634/406 425/648/423 426/649/424 
f 412/631/410 426/649/424 427/650/425 415/635/413 
f 427/650/425 428/651/426 403/652/401 415/635/413 
f 403/652/401 428/651/426 429/653/427 385/654/383 
f 385/654/383 429/653/427 430/655/428 382/656/380 
f 382/656/380 430/655/428 431/657/429 379/624/377 
f 431/657/429 420/640/418 405/621/403 379/624/377 
s 1
f 371/585/369 370/584/368 421/658/419 420/659/418 
s 2
f 370/660/368 373/661/371 422/662/420 421/663/419 
f 373/661/371 378/664/376 423/665/421 422/662/420 
f 397/666/395 432/667/430 424/668/422 423/665/421 378/664/376 
f 424/668/422 432/667/430 433/669/431 425/670/423 
s 1
f 401/671/399 400/672/398 426/673/424 425/670/423 433/669/431 
f 426/673/424 400/672/398 399/674/397 427/675/425 
s 2
f 427/675/425 399/674/397 398/676/396 428/677/426 
f 428/677/426 398/676/396 376/678/374 429/679/427 
f 429/679/427 376/678/374 375/680/373 430/681/428 
f 375/680/373 374/588/372 431/682/429 430/681/428 
s 1
f 431/682/429 374/588/372 371/585/369 420/659/418 
s off
f 386/600/384 418/638/416 434/683/432 387/601/385 
f 402/616/400 419/684/417 435/685/433 415/686/413 403/617/401 
f 411/630/409 410/629/408 394/608/392 393/607/391 
f 384/618/382 383/687/381 436/688/434 404/619/402 
f 387/601/385 434/683/432 437/689/435 438/690/436 
f 439/691/437 388/602/386 387/601/385 438/690/436 
f 440/692/438 406/622/404 388/626/386 439/693/437 
f 441/694/439 407/623/405 406/622/404 440/692/438 
f 442/695/440 443/696/441 444/697/442 
f 445/698/443 446/699/444 447/700/445 
f 445/698/443 448/701/446 449/702/447 446/699/444 
f 450/703/448 451/704/449 452/705/450 453/706/451 
f 453/706/451 452/705/450 454/707/452 455/708/453 
f 456/709/454 454/707/452 452/705/450 457/710/455 
f 457/710/455 452/705/450 451/704/449 458/711/456 
f 459/712/457 460/713/458 461/714/459 462/715/460 
f 463/716/461 461/714/459 460/713/458 464/717/462 465/718/463 
f 466/719/464 467/720/465 468/721/466 469/722/467 
f 470/723/468 471/724/469 472/725/470 473/726/471 474/727/472 
f 468/721/466 471/724/469 470/723/468 469/722/467 
f 475/728/473 476/729/474 477/730/475 457/710/455 458/711/456 
f 457/710/455 477/730/475 478/731/476 456/709/454 
f 479/732/477 478/731/476 477/730/475 480/733/478 
f 477/730/475 476/729/474 481/734/479 482/735/480 480/733/478 
f 464/717/462 483/736/481 484/737/482 465/718/463 
f 442/695/440 485/738/483 465/739/463 484/740/482 
f 486/741/484 487/742/485 488/743/486 459/744/457 
f 487/742/485 466/745/464 469/746/467 488/743/486 
f 489/747/487 490/748/488 491/749/489 492/750/490 
f 448/701/446 445/698/443 493/751/491 489/752/487 494/753/492 
f 447/700/445 495/754/493 496/755/494 497/756/495 493/751/491 445/698/443 
f 471/724/469 468/721/466 498/757/496 499/758/497 
f 484/740/482 500/759/498 443/696/441 442/695/440 
f 488/743/486 469/746/467 501/760/499 502/761/500 
f 470/762/468 503/763/501 501/760/499 469/746/467 
f 470/762/468 474/764/472 504/765/502 503/763/501 
f 490/766/488 505/767/503 504/765/502 474/764/472 
f 490/766/488 489/752/487 506/768/504 505/767/503 
f 506/768/504 489/752/487 493/751/491 507/769/505 
f 493/751/491 497/756/495 508/770/506 507/769/505 
f 483/771/481 509/772/507 508/770/506 497/756/495 
f 483/771/481 464/773/462 510/774/508 509/772/507 
f 464/773/462 460/775/458 511/776/509 510/774/508 
f 460/775/458 459/744/457 512/777/510 511/776/509 
f 488/743/486 502/761/500 512/777/510 459/744/457 
s 1
f 501/778/499 450/703/448 453/706/451 502/779/500 
s 2
f 503/780/501 451/781/449 450/703/448 501/778/499 
f 504/782/502 458/783/456 451/781/449 503/780/501 
f 505/784/503 513/785/511 475/786/473 458/783/456 504/782/502 
f 506/787/504 482/788/480 481/789/479 513/785/511 505/784/503 
s 1
f 506/787/504 507/790/505 480/791/478 482/788/480 
f 507/790/505 508/792/506 479/793/477 480/791/478 
s 2
f 508/792/506 509/794/507 478/795/476 479/793/477 
f 509/796/507 510/797/508 456/798/454 478/799/476 
f 510/797/508 511/800/509 454/801/452 456/798/454 
f 512/802/510 455/708/453 454/801/452 511/800/509 
s 1
f 512/802/510 502/779/500 453/706/451 455/708/453 
s off
f 468/721/466 467/720/465 514/803/512 498/757/496 
f 515/804/513 500/805/498 484/737/482 483/736/481 497/806/495 
f 490/748/488 474/727/472 473/726/471 491/749/489 
f 465/739/463 485/738/483 516/807/514 463/808/461 
f 438/809/436 437/810/435 514/803/512 467/720/465 
f 439/811/437 438/809/436 467/720/465 466/719/464 
f 440/692/438 439/693/437 466/745/464 487/742/485 
f 441/694/439 440/692/438 487/742/485 486/741/484 
f 446/699/444 449/702/447 517/812/515 
f 518/813/516 519/814/517 520/815/518 521/816/519 
f 522/817/520 523/818/144 524/819/521 525/820/522 
f 526/821/523 527/822/524 528/823/525 520/815/518 519/814/517 
f 523/818/144 529/824/526 530/825/527 524/819/521 
f 531/826/528 532/827/61 533/828/529 534/829/530 
f 530/825/527 529/824/526 535/830/531 
f 531/826/528 530/825/527 535/830/531 532/827/61 
f 536/831/532 537/832/533 521/816/519 520/833/518 
f 525/834/522 518/813/516 521/816/519 537/832/533 
f 524/835/521 519/836/517 518/813/516 525/834/522 
f 530/837/527 526/838/523 519/836/517 524/835/521 
f 531/839/528 527/840/524 526/838/523 530/837/527 
f 534/841/530 528/842/525 527/840/524 531/839/528 
f 536/831/532 520/833/518 528/842/525 534/841/530 
f 16/16/16 15/15/15 538/843/534 55/844/55 
f 538/845/534 15/17/15 18/20/18 539/846/535 
f 539/846/535 18/20/18 20/22/20 540/847/536 
f 540/848/536 20/23/20 22/26/22 541/849/537 
f 541/849/537 22/26/22 24/28/24 542/850/538 
f 24/32/24 26/31/26 543/851/539 542/852/538 
f 26/853/26 25/854/25 544/855/540 543/856/539 
f 43/80/43 57/79/57 182/857/182 68/858/68 
f 44/51/44 54/62/54 53/61/53 45/52/45 
f 60/86/60 59/85/59 47/54/47 46/859/46 
f 3/860/3 2/63/2 8/66/8 7/861/7 
f 6/862/6 5/71/5 32/74/32 69/863/69 
s 2
f 139/180/139 138/179/138 213/864/212 
s 4
f 545/865/541 546/866/542 162/205/162 161/204/161 
f 103/867/103 101/209/101 76/212/76 78/868/78 
f 155/273/155 146/272/146 145/869/145 156/870/156 
f 143/871/143 147/872/147 547/873/543 
s 2
f 72/113/72 1/112/1 4/874/4 548/875/544 
f 85/126/85 84/125/84 167/224/167 549/876/545 
f 91/132/91 90/131/90 175/877/175 
f 129/170/129 131/172/131 174/878/174 
s 4
f 545/879/541 550/880/546 195/881/195 93/134/93 551/882/547 546/883/542 
f 205/884/205 148/885/148 552/886/548 553/887/61 
f 97/138/97 95/136/95 164/208/164 
f 113/225/113 108/228/108 110/888/110 115/889/115 
f 170/231/170 85/235/85 549/890/545 
f 134/254/134 128/257/128 130/891/130 136/892/136 
f 177/260/177 87/264/87 92/893/92 
f 547/873/543 147/872/147 204/894/204 554/895/540 
s 2
f 190/281/190 189/280/189 555/896/549 194/897/194 
f 193/287/193 72/286/72 548/898/544 556/899/550 
s 4
f 189/295/189 193/294/193 556/900/550 555/901/549 
f 93/134/93 96/137/96 557/902/551 551/882/547 
f 557/902/551 96/137/96 98/139/98 
f 558/903/552 151/904/151 153/905/153 
f 148/885/148 151/904/151 558/903/552 552/886/548 
f 215/906/214 142/907/142 203/908/203 559/909/553 560/910/554 561/911/554 
f 562/912/555 563/913/556 202/914/202 141/265/141 180/267/180 
s off
f 228/356/227 229/357/228 251/915/250 564/916/557 
f 230/359/229 228/358/227 564/917/557 565/918/558 
f 231/360/230 230/359/229 565/918/558 566/919/559 
f 232/362/231 231/361/230 566/920/559 567/921/560 
f 233/363/232 232/362/231 567/921/560 568/922/561 
f 569/923/562 234/364/233 233/365/232 568/924/561 
f 544/855/540 25/854/25 234/925/233 569/926/562 
f 351/927/350 253/396/252 241/397/240 257/928/256 
f 249/382/248 248/381/247 242/374/241 245/377/244 
f 243/375/242 254/398/253 255/399/254 244/929/243 
f 223/385/222 219/384/218 218/930/217 220/931/219 
f 235/391/234 222/390/221 221/932/220 258/933/257 
s 2
f 363/577/361 322/476/321 321/475/320 
s 4
f 161/204/161 340/496/339 570/934/563 545/865/541 
f 262/503/261 285/502/284 288/935/287 265/936/264 
f 325/937/324 329/551/327 339/552/337 338/938/336 
f 571/939/564 328/940/326 327/941/325 
s 2
f 217/942/216 216/413/215 260/414/259 572/943/565 
f 343/512/342 271/425/270 270/424/269 573/944/566 
f 347/945/346 276/430/275 275/429/274 
f 346/946/345 313/467/312 312/466/311 
s 4
f 574/947/567 277/431/276 195/303/195 
f 195/303/195 575/948/568 545/865/541 
f 574/947/567 195/303/195 545/865/541 
f 574/947/567 545/865/541 570/934/563 
f 576/949/569 330/950/328 205/884/205 553/887/61 
f 341/498/340 279/433/278 282/436/281 
f 293/951/292 290/517/289 297/516/296 300/952/299 
f 573/953/566 270/521/269 344/520/343 
f 311/954/310 309/542/308 316/541/315 319/955/318 
f 274/956/273 273/545/272 349/544/348 
f 204/894/204 328/940/326 571/939/564 554/895/540 
s 2
f 577/957/570 354/555/353 355/556/354 358/958/357 
f 572/959/565 260/559/259 357/560/356 578/960/571 
s 4
f 578/961/571 357/567/356 354/570/353 577/962/570 
f 579/963/572 278/432/277 277/431/276 574/947/567 
f 281/435/280 278/432/277 579/963/572 
f 334/964/332 331/965/329 580/966/573 
f 580/966/573 331/965/329 330/950/328 576/949/569 
f 581/967/574 582/968/575 203/316/203 
f 203/316/203 323/477/322 215/341/214 
f 581/967/574 203/316/203 215/341/214 
f 581/967/574 215/341/214 583/967/574 
f 350/547/349 324/546/323 202/969/202 584/970/576 585/971/577 
s off
f 586/972/578 404/619/402 436/688/434 
f 409/628/407 408/627/406 414/973/412 
f 417/637/415 391/605/389 390/604/388 
f 416/974/414 415/686/413 435/685/433 
f 413/632/411 367/581/365 369/583/367 
f 365/579/363 364/578/362 404/619/402 586/972/578 
f 379/593/377 407/975/405 587/976/579 380/594/378 
f 407/975/405 441/977/439 588/978/580 587/976/579 
f 516/807/514 485/738/483 589/979/581 
f 494/980/492 489/747/487 492/750/490 
f 472/725/470 471/724/469 499/758/497 
f 515/804/513 497/806/495 496/981/494 
f 485/738/483 442/695/440 444/697/442 589/979/581 
f 590/982/582 486/983/484 459/712/457 462/715/460 
f 588/978/580 441/977/439 486/983/484 590/982/582 
f 591/984/583 447/700/445 446/699/444 517/812/515 
f 495/754/493 447/700/445 591/984/583 
f 537/985/533 536/986/532 592/987/584 593/988/585 
f 592/987/584 536/986/532 534/829/530 594/989/586 
f 594/989/586 534/829/530 533/828/529 
f 595/990/209 537/991/533 593/992/585 
f 525/993/522 537/991/533 595/990/209 596/994/540 
f 522/995/520 525/993/522 596/994/540 
f 597/996/587 4/4/4 3/3/3 598/997/588 
f 7/7/7 6/6/6 599/998/589 600/999/590 
f 11/11/11 10/10/10 601/1000/591 602/1001/592 
f 603/1002/593 604/1003/594 605/1004/595 606/1005/596 
f 603/1006/593 607/1007/597 608/1008/598 604/1009/594 
f 607/1007/597 609/1010/599 610/1011/600 608/1008/598 
f 609/1012/599 611/1013/601 612/1014/602 610/1015/600 
f 611/1013/601 613/1016/603 614/1017/604 612/1014/602 
f 615/1018/605 616/1019/606 614/1020/604 613/1021/603 
f 617/1022/607 597/996/587 598/997/588 618/1023/608 
f 619/1024/609 600/999/590 599/998/589 620/1025/610 
f 621/1026/611 622/1027/612 623/1028/613 624/1029/614 
f 625/1030/615 602/1001/592 601/1000/591 626/1031/616 
f 627/1032/617 628/1033/618 39/45/39 38/44/38 
f 629/1034/619 627/1035/617 630/1036/620 631/1037/621 
f 632/1038/622 633/1039/623 46/53/46 45/52/45 
f 634/1040/624 635/1041/625 628/1042/618 636/1043/626 
f 637/1044/627 638/1045/628 53/61/53 52/60/52 
f 598/1046/588 600/1047/590 619/1048/609 618/1049/608 
f 601/1050/591 10/70/10 55/69/55 606/1051/596 
f 599/1052/589 622/1053/612 621/1054/611 620/1055/610 
f 623/1056/613 56/78/56 11/77/11 602/1057/592 
f 639/1058/629 640/1059/630 631/1060/621 630/1061/620 
f 629/1062/619 636/1063/626 628/1033/618 627/1032/617 
f 641/1064/631 642/1065/632 61/87/61 60/86/60 
f 634/1066/624 643/1067/633 637/1068/627 635/1069/625 
f 644/1070/634 645/1071/635 632/1038/622 638/1045/628 
f 646/1072/636 642/1065/632 641/1064/631 633/1039/623 
f 645/1071/635 646/1072/636 633/1039/623 632/1038/622 
f 643/1073/633 644/1070/634 638/1045/628 637/1044/627 
f 606/1051/596 605/1074/595 626/1075/616 601/1050/591 
f 602/1057/592 625/1076/615 624/1077/614 623/1056/613 
f 52/102/52 67/101/67 635/1069/625 637/1068/627 
f 627/1035/617 38/104/38 68/103/68 630/1036/620 
f 635/1041/625 67/106/67 39/105/39 628/1042/618 
f 622/1027/612 69/108/69 56/107/56 623/1028/613 
s 1
f 617/1078/607 647/1079/637 648/1080/638 
s 2
f 597/1081/587 617/1078/607 648/1080/638 649/1082/639 
f 650/1083/640 651/1084/641 652/1085/642 653/1086/643 
f 651/1084/641 78/119/78 77/118/77 652/1085/642 
s 1
f 654/1087/644 655/1088/645 656/1089/646 657/1090/647 658/1091/648 
s 2
f 658/1091/648 659/1092/649 660/1093/650 654/1087/644 
s 1
f 661/1094/651 662/1095/652 663/1096/653 664/1097/654 
f 92/133/92 91/132/91 665/1098/655 661/1094/651 664/1097/654 
s 2
f 666/1099/656 667/1100/657 668/1101/658 669/1102/659 
f 667/1100/657 98/139/98 97/138/97 668/1101/658 
f 670/1103/660 671/1104/661 672/1105/662 673/1106/663 
f 671/1104/661 104/145/104 103/144/103 672/1105/662 
f 674/1107/664 675/1108/665 676/1109/666 677/1110/667 
f 675/1108/665 110/151/110 109/150/109 676/1109/666 
f 678/1111/668 679/1112/669 680/1113/670 681/1114/671 
f 679/1112/669 116/157/116 115/156/115 680/1113/670 
s 1
f 682/1115/672 683/1116/673 684/1117/674 685/1118/675 
s 2
f 683/1116/673 122/163/122 121/162/121 684/1117/674 
s 1
f 686/1119/676 687/1120/677 688/1121/678 689/1122/679 
f 689/1122/679 690/1123/680 691/1124/681 686/1119/676 
s 2
f 690/1123/680 130/171/130 129/170/129 692/1125/682 691/1124/681 
s 1
f 693/1126/683 694/1127/684 695/1128/685 696/1129/686 
s 2
f 694/1127/684 137/178/137 136/177/136 695/1128/685 
s 1
f 140/181/140 139/180/139 697/1130/687 698/1131/688 699/1132/689 
f 145/186/145 144/185/144 143/184/143 
f 145/186/145 143/184/143 700/1133/690 
f 701/1134/691 145/186/145 700/1133/690 
s 2
f 702/1135/692 703/1136/693 704/1137/694 705/1138/695 
f 703/1136/693 153/194/153 152/193/152 704/1137/694 
s 1
f 706/1139/696 157/198/157 156/197/156 707/1140/697 
s 4
f 708/1141/698 653/1142/643 709/1143/699 
f 653/1142/643 652/1144/642 710/1145/700 709/1143/699 
f 162/205/162 711/1146/701 710/1145/700 652/1144/642 77/206/77 
f 164/208/164 163/207/163 669/1102/659 668/1101/658 
f 650/1147/640 673/1148/663 672/1149/662 651/1150/641 
f 712/1151/702 713/1152/703 673/1148/663 650/1147/640 
f 676/1153/666 671/1154/661 670/1155/660 677/1156/667 
f 109/220/109 104/219/104 671/1154/661 676/1153/666 
f 654/1087/644 660/1093/650 679/1157/669 678/1158/668 
f 167/224/167 116/223/116 679/1157/669 660/1093/650 
f 674/1159/664 681/1160/671 680/1161/670 675/1162/665 
f 714/1163/704 715/1164/705 681/1160/671 674/1159/664 
f 684/1165/674 121/232/121 170/231/170 659/1166/649 658/1167/648 
f 657/1168/647 685/1169/675 684/1165/674 658/1167/648 
f 716/1170/706 717/1171/707 685/1169/675 657/1168/647 
f 686/1172/676 691/1173/681 683/1174/673 682/1175/672 
f 692/1176/682 173/245/173 122/244/122 683/1174/673 691/1173/681 
f 692/1176/682 174/247/174 173/245/173 
f 661/1177/651 665/1178/655 694/1179/684 693/1180/683 
f 175/253/175 137/252/137 694/1179/684 665/1178/655 
f 689/1181/679 696/1182/686 695/1183/685 690/1184/680 
f 688/1185/678 718/1186/708 696/1182/686 689/1181/679 
f 719/1187/709 178/261/178 177/260/177 664/1188/654 663/1189/653 
f 699/1190/689 180/267/180 140/266/140 
f 639/1191/629 706/1139/696 720/1192/710 640/1193/630 
f 182/271/182 157/198/157 706/1139/696 639/1191/629 
f 701/1194/691 721/1195/711 722/1196/712 707/1197/697 
s 1
f 723/1198/713 724/1199/714 725/1200/715 726/1201/716 
s 2
f 727/1202/717 723/1198/713 726/1201/716 728/1203/718 
s 1
f 648/1204/638 647/1205/637 729/1206/719 730/1207/720 
s 2
f 649/1208/639 648/1204/638 730/1207/720 731/1209/721 
s 4
f 704/1210/694 728/1211/718 726/1212/716 705/1213/695 
f 152/293/152 194/292/194 728/1211/718 704/1210/694 
f 731/1214/721 730/1215/720 723/1216/713 727/1217/717 
f 730/1215/720 729/1218/719 724/1219/714 723/1216/713 
s 1
f 712/1220/702 650/1083/640 653/1086/643 708/1221/698 
f 716/1222/706 657/1090/647 656/1089/646 
f 732/1223/722 666/1099/656 669/1102/659 733/1224/723 
f 734/1225/724 670/1103/660 673/1106/663 713/1226/703 
f 714/1227/704 674/1107/664 677/1110/667 735/1228/725 
f 736/1229/726 678/1111/668 681/1114/671 715/1230/705 
f 737/1231/727 682/1115/672 685/1118/675 717/1232/707 
f 738/1233/728 693/1126/683 696/1129/686 718/1234/708 
f 739/1235/729 699/1132/689 698/1131/688 740/1236/730 
f 721/1237/711 701/1134/691 700/1133/690 741/1238/731 
f 742/1239/732 702/1135/692 705/1138/695 743/1240/733 
f 720/1192/710 706/1139/696 707/1140/697 722/1241/712 
s 4
f 208/324/208 744/1242/734 708/1243/698 709/1244/699 209/325/208 
f 733/1224/723 669/1102/659 163/207/163 210/327/209 
f 735/1245/725 677/1156/667 670/1155/660 734/1246/724 
f 655/1088/645 654/1087/644 678/1158/668 736/1247/726 
f 687/1248/677 686/1172/676 682/1175/672 737/1249/727 
f 662/1250/652 661/1177/651 693/1180/683 738/1251/728 
f 178/261/178 719/1187/709 745/1252/735 211/335/210 
f 213/337/212 211/335/210 745/1252/735 746/1253/736 697/1254/687 
f 698/1255/688 697/1254/687 746/1253/736 747/1256/737 
f 705/1213/695 726/1212/716 725/1257/715 743/1258/733 
s off
f 748/1259/738 749/1260/739 218/346/217 217/345/216 
f 750/1261/740 221/349/220 220/348/219 751/1262/741 
f 752/1263/742 225/353/224 224/352/223 753/1264/743 
f 605/1004/595 604/1003/594 754/1265/744 755/1266/745 
f 754/1267/744 604/1009/594 608/1008/598 756/1268/746 
f 756/1268/746 608/1008/598 610/1011/600 757/1269/747 
f 757/1270/747 610/1015/600 612/1014/602 758/1271/748 
f 758/1271/748 612/1014/602 614/1017/604 759/1272/749 
f 614/1020/604 616/1019/606 760/1273/750 759/1274/749 
f 749/1260/739 748/1259/738 617/1022/607 618/1023/608 
f 750/1261/740 751/1262/741 619/1024/609 620/1025/610 
f 761/1275/751 762/1276/752 621/1026/611 624/1029/614 
f 752/1263/742 753/1264/743 625/1030/615 626/1031/616 
f 763/1277/753 240/371/239 239/370/238 764/1278/754 
f 629/1034/619 631/1037/621 765/1279/755 763/1280/753 
f 766/1281/756 245/377/244 244/376/243 767/1282/757 
f 634/1040/624 636/1043/626 764/1283/754 768/1284/758 
f 769/1285/759 250/383/249 249/382/248 770/1286/760 
f 749/1287/739 618/1049/608 619/1048/609 751/1288/741 
f 752/1289/742 755/1290/745 251/388/250 225/387/224 
f 750/1291/740 620/1055/610 621/1054/611 762/1292/752 
f 761/1293/751 753/1294/743 224/394/223 252/393/251 
f 771/1295/761 765/1296/755 631/1060/621 640/1059/630 
f 764/1278/754 636/1063/626 629/1062/619 763/1277/753 
f 772/1297/762 255/399/254 61/87/61 642/1065/632 
f 769/1298/759 643/1067/633 634/1066/624 768/1299/758 
f 644/1070/634 770/1286/760 766/1281/756 645/1071/635 
f 646/1072/636 767/1282/757 772/1297/762 642/1065/632 
f 645/1071/635 766/1281/756 767/1282/757 646/1072/636 
f 643/1073/633 769/1285/759 770/1286/760 644/1070/634 
f 755/1290/745 752/1289/742 626/1075/616 605/1074/595 
f 753/1294/743 761/1293/751 624/1077/614 625/1076/615 
f 768/1299/758 256/405/255 250/404/249 769/1298/759 
f 763/1280/753 765/1279/755 257/407/256 240/406/239 
f 768/1284/758 764/1283/754 239/409/238 256/408/255 
f 762/1276/752 761/1275/751 252/411/251 258/410/257 
s 1
f 617/1078/607 773/1300/763 647/1079/637 
s 2
f 748/1301/738 774/1302/764 773/1300/763 617/1078/607 
f 775/1303/765 776/1304/766 777/1305/767 778/1306/768 
f 778/1306/768 777/1305/767 266/420/265 265/419/264 
s 1
f 656/1089/646 655/1088/645 779/1307/769 780/1308/770 781/1309/771 
s 2
f 780/1308/770 779/1307/769 782/1310/772 783/1311/773 
s 1
f 784/1312/774 785/1313/775 663/1096/653 662/1095/652 
f 786/1314/776 275/429/274 274/428/273 785/1313/775 784/1312/774 
s 2
f 787/1315/777 788/1316/778 789/1317/779 790/1318/780 
f 790/1318/780 789/1317/779 282/436/281 281/435/280 
f 791/1319/781 792/1320/782 793/1321/783 794/1322/784 
f 794/1322/784 793/1321/783 288/442/287 287/441/286 
f 795/1323/785 796/1324/786 797/1325/787 798/1326/788 
f 798/1326/788 797/1325/787 294/448/293 293/447/292 
f 799/1327/789 800/1328/790 801/1329/791 802/1330/792 
f 802/1330/792 801/1329/791 300/454/299 299/453/298 
s 1
f 803/1331/793 804/1332/794 805/1333/795 806/1334/796 
s 2
f 806/1334/796 805/1333/795 306/460/305 305/459/304 
s 1
f 807/1335/797 808/1336/798 688/1121/678 687/1120/677 
f 808/1336/798 807/1335/797 809/1337/799 810/1338/800 
s 2
f 312/466/311 311/465/310 810/1338/800 809/1337/799 811/1339/801 
s 1
f 812/1340/802 813/1341/803 814/1342/804 815/1343/805 
s 2
f 815/1343/805 814/1342/804 319/473/318 318/472/317 
s 1
f 816/1344/806 321/475/320 320/474/319 817/1345/807 818/1346/808 
f 327/481/325 326/480/144 325/479/324 
f 819/1347/809 327/481/325 325/479/324 
f 820/1348/810 819/1347/809 325/479/324 
s 2
f 821/1349/811 822/1350/812 823/1351/813 824/1352/814 
f 824/1352/814 823/1351/813 335/489/333 334/488/332 
s 1
f 825/1353/815 826/1354/816 338/492/336 337/491/335 
s 4
f 708/1141/698 709/1143/817 776/1355/766 
f 776/1355/766 709/1143/817 710/1145/700 777/1356/767 
f 710/1145/700 711/1146/701 340/496/339 266/497/265 777/1356/767 
f 788/1316/778 342/499/341 341/498/340 789/1317/779 
f 793/1357/783 792/1358/782 775/1359/765 778/1360/768 
f 792/1358/782 713/1152/703 712/1151/702 775/1359/765 
f 791/1361/781 794/1362/784 797/1363/787 796/1364/786 
f 794/1362/784 287/509/286 294/508/293 797/1363/787 
f 779/1307/769 799/1365/789 802/1366/792 782/1310/772 
f 802/1366/792 299/513/298 343/512/342 782/1310/772 
f 801/1367/791 800/1368/790 795/1369/785 798/1370/788 
f 800/1368/790 715/1164/705 714/1163/704 795/1369/785 
f 344/520/343 306/519/305 805/1371/795 780/1372/770 783/1373/773 
f 805/1371/795 804/1374/794 781/1375/771 780/1372/770 
f 804/1374/794 717/1171/707 716/1170/706 781/1375/771 
f 807/1376/797 803/1377/793 806/1378/796 809/1379/799 
f 305/531/304 345/530/344 811/1380/801 809/1379/799 806/1378/796 
f 811/1380/801 345/530/344 346/532/345 
f 784/1381/774 812/1382/802 815/1383/805 786/1384/776 
f 815/1383/805 318/538/317 347/537/346 786/1384/776 
f 814/1385/804 813/1386/803 808/1387/798 810/1388/800 
f 813/1386/803 718/1186/708 688/1185/678 808/1387/798 
f 349/544/348 348/543/347 719/1187/709 663/1189/653 785/1389/775 
f 817/1390/807 320/548/319 350/547/349 
f 720/1192/710 825/1353/815 771/1391/761 640/1193/630 
f 825/1353/815 337/491/335 351/550/350 771/1391/761 
f 820/1392/810 826/1393/816 722/1196/712 721/1195/711 
s 1
f 827/1394/818 828/1395/819 725/1200/715 724/1199/714 
s 2
f 829/1396/820 830/1397/821 828/1395/819 827/1394/818 
s 1
f 773/1398/763 831/1399/822 729/1206/719 647/1205/637 
s 2
f 774/1400/764 832/1401/823 831/1399/822 773/1398/763 
s 4
f 828/1402/819 830/1403/821 823/1404/813 822/1405/812 
f 830/1403/821 358/566/357 335/565/333 823/1404/813 
f 832/1406/823 829/1407/820 827/1408/818 831/1409/822 
f 831/1409/822 827/1408/818 724/1219/714 729/1218/719 
s 1
f 712/1220/702 708/1221/698 776/1304/766 775/1303/765 
f 716/1222/706 656/1089/646 781/1309/771 
f 732/1223/722 733/1224/723 788/1316/778 787/1315/777 
f 734/1225/724 713/1226/703 792/1320/782 791/1319/781 
f 714/1227/704 735/1228/725 796/1324/786 795/1323/785 
f 736/1229/726 715/1230/705 800/1328/790 799/1327/789 
f 737/1231/727 717/1232/707 804/1332/794 803/1331/793 
f 738/1233/728 718/1234/708 813/1341/803 812/1340/802 
f 739/1235/729 740/1236/730 818/1346/808 817/1345/807 
f 721/1237/711 741/1238/731 819/1347/809 820/1348/810 
f 742/1239/732 743/1240/733 822/1350/812 821/1349/811 
f 720/1192/710 722/1241/712 826/1354/816 825/1353/815 
s 4
f 708/1410/698 833/1411/824 359/571/358 361/574/358 
f 709/1412/817 708/1410/698 361/574/358 
f 733/1224/723 210/327/209 342/499/341 788/1316/778 
f 735/1245/725 734/1246/724 791/1361/781 796/1364/786 
f 655/1088/645 736/1247/726 799/1365/789 779/1307/769 
f 687/1248/677 737/1249/727 803/1377/793 807/1376/797 
f 662/1250/652 738/1251/728 812/1382/802 784/1381/774 
f 362/576/360 745/1252/735 719/1187/709 348/543/347 
f 745/1252/735 362/576/360 363/577/361 816/1344/806 746/1253/736 
f 746/1253/736 816/1344/806 818/1346/808 747/1256/737 
f 725/1257/715 828/1402/819 822/1405/812 743/1258/733 
s off
f 834/1413/825 366/580/364 365/579/363 
f 835/1414/826 369/1415/367 368/1416/366 
f 836/1417/827 837/1418/828 838/1419/829 839/1420/830 
f 839/1420/830 838/1419/829 840/1421/831 841/1422/832 
f 842/1423/833 840/1421/831 838/1419/829 843/1424/834 
f 843/1424/834 838/1419/829 837/1418/828 844/1425/835 
f 845/1426/836 846/1427/837 381/595/379 380/594/378 
f 383/597/381 381/595/379 846/1427/837 847/1428/838 848/1429/839 
f 849/1430/840 850/1431/841 851/1432/842 852/1433/843 
f 853/1434/844 854/1435/845 390/604/388 394/608/392 855/1436/846 
f 851/1432/842 854/1435/845 853/1434/844 852/1433/843 
f 397/611/395 396/610/394 856/1437/847 843/1424/834 844/1425/835 
f 843/1424/834 856/1437/847 857/1438/848 842/1423/833 
f 858/1439/849 857/1438/848 856/1437/847 859/1440/850 
f 859/1440/850 856/1437/847 396/610/394 401/615/399 
f 847/1428/838 860/1441/851 861/1442/852 848/1429/839 
f 834/1413/825 862/1443/853 848/1444/839 861/1445/852 
f 863/1446/854 864/1447/855 865/1448/856 845/1449/836 
f 864/1447/855 849/1450/840 852/1451/843 865/1448/856 
f 866/1452/857 867/1453/858 410/629/408 409/628/407 
f 413/1454/411 835/1414/826 868/1455/859 866/1456/857 414/1457/412 
f 868/1455/859 835/1414/826 368/1416/366 416/1458/414 869/1459/860 
f 854/1435/845 851/1432/842 418/638/416 417/637/415 
f 861/1445/852 419/639/417 366/580/364 834/1413/825 
f 865/1448/856 852/1451/843 870/1460/861 871/1461/862 
f 853/1462/844 872/1463/863 870/1460/861 852/1451/843 
f 853/1462/844 855/1464/846 873/1465/864 872/1463/863 
f 867/1466/858 874/1467/865 873/1465/864 855/1464/846 
f 867/1466/858 866/1456/857 875/1468/866 874/1467/865 
f 875/1468/866 866/1456/857 868/1455/859 876/1469/867 
f 868/1455/859 869/1459/860 877/1470/868 876/1469/867 
f 860/1471/851 878/1472/869 877/1470/868 869/1459/860 
f 860/1471/851 847/1473/838 879/1474/870 878/1472/869 
f 847/1473/838 846/1475/837 880/1476/871 879/1474/870 
f 846/1475/837 845/1449/836 881/1477/872 880/1476/871 
f 865/1448/856 871/1461/862 881/1477/872 845/1449/836 
s 1
f 870/1478/861 836/1417/827 839/1420/830 871/1479/862 
s 2
f 872/1480/863 837/1481/828 836/1417/827 870/1478/861 
f 873/1482/864 844/1483/835 837/1481/828 872/1480/863 
f 874/1484/865 432/1485/430 397/1486/395 844/1483/835 873/1482/864 
f 874/1484/865 875/1487/866 433/1488/431 432/1485/430 
s 1
f 859/1489/850 401/1490/399 433/1488/431 875/1487/866 876/1491/867 
f 876/1491/867 877/1492/868 858/1439/849 859/1489/850 
s 2
f 877/1492/868 878/1493/869 857/1438/848 858/1439/849 
f 878/1493/869 879/1494/870 842/1423/833 857/1438/848 
f 879/1494/870 880/1495/871 840/1421/831 842/1423/833 
f 881/1496/872 841/1422/832 840/1421/831 880/1495/871 
s 1
f 881/1496/872 871/1479/862 839/1420/830 841/1422/832 
s off
f 851/1432/842 850/1431/841 434/683/432 418/638/416 
f 435/685/433 419/684/417 861/1442/852 860/1441/851 869/1497/860 
f 867/1453/858 855/1436/846 394/608/392 410/629/408 
f 848/1444/839 862/1443/853 436/688/434 383/687/381 
f 437/689/435 434/683/432 850/1431/841 882/1498/873 
f 883/1499/874 882/1498/873 850/1431/841 849/1430/840 
f 884/1500/875 883/1501/874 849/1450/840 864/1447/855 
f 885/1502/876 884/1500/875 864/1447/855 863/1446/854 
f 886/1503/877 444/697/442 443/696/441 
f 887/1504/878 888/1505/879 889/1506/880 
f 449/1507/447 448/1508/446 887/1504/878 889/1506/880 
f 890/1509/881 891/1510/882 892/1511/883 893/1512/884 
f 891/1510/882 894/1513/885 895/1514/886 892/1511/883 
f 896/1515/887 897/1516/888 892/1511/883 895/1514/886 
f 897/1516/888 898/1517/889 893/1512/884 892/1511/883 
f 899/1518/890 462/715/460 461/714/459 900/1519/891 
f 900/1519/891 461/714/459 463/716/461 901/1520/892 902/1521/893 
f 903/1522/894 904/1523/895 905/1524/896 906/1525/897 
f 472/725/470 907/1526/898 908/1527/899 909/1528/900 473/726/471 
f 903/1522/894 906/1525/897 908/1527/899 907/1526/898 
f 910/1529/901 476/729/474 475/728/473 898/1517/889 897/1516/888 
f 897/1516/888 896/1515/887 911/1530/902 910/1529/901 
f 912/1531/903 913/1532/904 910/1529/901 911/1530/902 
f 481/734/479 476/729/474 910/1529/901 913/1532/904 914/1533/905 
f 902/1521/893 901/1520/892 915/1534/906 916/1535/907 
f 901/1536/892 917/1537/908 886/1503/877 915/1538/906 
f 918/1539/909 919/1540/910 920/1541/911 899/1542/890 
f 906/1543/897 905/1544/896 919/1540/910 918/1539/909 
f 921/1545/912 492/750/490 491/749/489 922/1546/913 
f 923/1547/914 887/1504/878 448/1508/446 494/1548/492 921/1549/912 
f 888/1505/879 887/1504/878 923/1547/914 924/1550/915 496/1551/494 495/1552/493 
f 907/1526/898 499/758/497 498/757/496 903/1522/894 
f 915/1538/906 886/1503/877 443/696/441 500/759/498 
f 918/1539/909 925/1553/916 926/1554/917 906/1543/897 
f 926/1554/917 927/1555/918 908/1556/899 906/1543/897 
f 908/1556/899 927/1555/918 928/1557/919 909/1558/900 
f 928/1557/919 929/1559/920 922/1560/913 909/1558/900 
f 922/1560/913 929/1559/920 930/1561/921 921/1549/912 
f 923/1547/914 921/1549/912 930/1561/921 931/1562/922 
f 923/1547/914 931/1562/922 932/1563/923 924/1550/915 
f 932/1563/923 933/1564/924 916/1565/907 924/1550/915 
f 916/1565/907 933/1564/924 934/1566/925 902/1567/893 
f 902/1567/893 934/1566/925 935/1568/926 900/1569/891 
f 900/1569/891 935/1568/926 936/1570/927 899/1542/890 
f 936/1570/927 925/1553/916 918/1539/909 899/1542/890 
s 1
f 891/1510/882 890/1509/881 926/1571/917 925/1572/916 
s 2
f 890/1509/881 893/1573/884 927/1574/918 926/1571/917 
f 893/1573/884 898/1575/889 928/1576/919 927/1574/918 
f 475/786/473 513/785/511 929/1577/920 928/1576/919 898/1575/889 
f 481/789/479 914/1533/905 930/1578/921 929/1577/920 513/785/511 
s 1
f 930/1578/921 914/1533/905 913/1532/904 931/1579/922 
f 931/1579/922 913/1532/904 912/1531/903 932/1580/923 
s 2
f 932/1580/923 912/1531/903 911/1530/902 933/1581/924 
f 933/1581/924 911/1530/902 896/1515/887 934/1582/925 
f 934/1582/925 896/1515/887 895/1514/886 935/1583/926 
f 895/1514/886 894/1513/885 936/1584/927 935/1583/926 
s 1
f 936/1584/927 894/1513/885 891/1510/882 925/1572/916 
s off
f 903/1522/894 498/757/496 514/803/512 904/1523/895 
f 915/1534/906 500/805/498 515/804/513 924/1585/915 916/1535/907 
f 922/1546/913 491/749/489 473/726/471 909/1528/900 
f 901/1536/892 463/808/461 516/807/514 917/1537/908 
f 882/1586/873 904/1523/895 514/803/512 437/810/435 
f 883/1587/874 905/1524/896 904/1523/895 882/1586/873 
f 884/1500/875 919/1540/910 905/1544/896 883/1501/874 
f 885/1502/876 920/1541/911 919/1540/910 884/1500/875 
f 889/1506/880 517/1588/515 449/1507/447 
f 937/1589/928 938/1590/929 939/1591/930 940/1592/931 
f 941/1593/932 523/1594/144 522/1595/520 942/1596/933 
f 943/1597/934 944/1598/935 945/1599/936 938/1590/929 937/1589/928 
f 946/1600/937 529/1601/526 523/1594/144 941/1593/932 
f 533/1602/529 532/1603/61 947/1604/938 948/1605/939 
f 946/1600/937 535/1606/531 529/1601/526 
f 947/1604/938 532/1603/61 535/1606/531 946/1600/937 
f 949/1607/940 937/1608/928 940/1592/931 950/1609/941 
f 940/1592/931 939/1591/930 942/1610/933 950/1609/941 
f 939/1591/930 938/1611/929 941/1612/932 942/1610/933 
f 938/1611/929 945/1613/936 946/1614/937 941/1612/932 
f 945/1613/936 944/1615/935 947/1616/938 946/1614/937 
f 944/1615/935 943/1617/934 948/1618/939 947/1616/938 
f 943/1617/934 937/1608/928 949/1607/940 948/1618/939 
f 538/843/534 603/1002/593 606/1005/596 55/844/55 
f 538/845/534 539/846/535 607/1007/597 603/1006/593 
f 539/846/535 540/847/536 609/1010/599 607/1007/597 
f 540/848/536 541/849/537 611/1013/601 609/1012/599 
f 541/849/537 542/850/538 613/1016/603 611/1013/601 
f 543/851/539 615/1018/605 613/1021/603 542/852/538 
f 544/855/540 616/1619/606 615/1620/605 543/856/539 
f 182/857/182 639/1058/629 630/1061/620 68/858/68 
f 53/61/53 638/1045/628 632/1038/622 45/52/45 
f 60/86/60 46/859/46 633/1039/623 641/1064/631 
f 3/860/3 7/861/7 600/1047/590 598/1046/588 
f 6/862/6 69/863/69 622/1053/612 599/1052/589 
s 2
f 139/180/139 213/864/212 697/1130/687 
s 4
f 711/1146/701 162/205/162 546/866/542 951/1621/942 
f 103/867/103 78/868/78 651/1150/641 672/1149/662 
f 145/869/145 701/1194/691 707/1197/697 156/870/156 
f 547/873/543 700/1622/690 143/1623/143 
s 2
f 4/874/4 597/1081/587 649/1082/639 548/875/544 
f 167/224/167 660/1093/650 659/1092/649 549/876/545 
f 91/132/91 175/877/175 665/1098/655 
f 129/170/129 174/878/174 692/1125/682 
s 4
f 732/1624/722 952/1625/943 951/1626/942 546/883/542 551/882/547 666/1099/656 
f 552/886/548 702/1627/692 742/1628/732 553/887/61 
f 97/138/97 164/208/164 668/1101/658 
f 110/888/110 675/1162/665 680/1161/670 115/889/115 
f 170/231/170 549/890/545 659/1166/649 
f 130/891/130 690/1184/680 695/1183/685 136/892/136 
f 177/260/177 92/893/92 664/1188/654 
f 547/873/543 554/895/540 741/1629/731 700/1622/690 
s 2
f 555/896/549 727/1202/717 728/1203/718 194/897/194 
f 548/898/544 649/1208/639 731/1209/721 556/899/550 
s 4
f 556/900/550 731/1214/721 727/1217/717 555/901/549 
f 557/902/551 667/1100/657 666/1099/656 551/882/547 
f 557/902/551 98/139/98 667/1100/657 
f 558/903/552 153/905/153 703/1630/693 
f 558/903/552 703/1630/693 702/1627/692 552/886/548 
f 740/1631/730 698/1632/688 747/1633/737 561/911/554 560/910/554 953/1634/944 
f 562/912/555 180/267/180 699/1190/689 739/1635/729 954/1636/945 
s off
f 251/1637/250 755/1266/745 754/1265/744 564/1638/557 
f 564/1639/557 754/1267/744 756/1268/746 565/1640/558 
f 565/1640/558 756/1268/746 757/1269/747 566/1641/559 
f 566/1642/559 757/1270/747 758/1271/748 567/1643/560 
f 567/1643/560 758/1271/748 759/1272/749 568/1644/561 
f 569/923/562 568/924/561 759/1274/749 760/1273/750 
f 544/855/540 569/926/562 760/1645/750 616/1619/606 
f 351/927/350 257/928/256 765/1296/755 771/1295/761 
f 249/382/248 245/377/244 766/1281/756 770/1286/760 
f 255/399/254 772/1297/762 767/1282/757 244/929/243 
f 218/930/217 749/1287/739 751/1288/741 220/931/219 
f 221/932/220 750/1291/740 762/1292/752 258/933/257 
s 2
f 363/577/361 321/475/320 816/1344/806 
s 4
f 951/1621/942 570/934/563 340/496/339 711/1146/701 
f 288/935/287 793/1357/783 778/1360/768 265/936/264 
f 325/937/324 338/938/336 826/1393/816 820/1392/810 
f 571/939/564 327/941/325 819/1646/809 
s 2
f 217/942/216 572/943/565 774/1302/764 748/1301/738 
f 343/512/342 573/944/566 783/1311/773 782/1310/772 
f 347/945/346 275/429/274 786/1314/776 
f 346/946/345 312/466/311 811/1339/801 
s 4
f 574/947/567 570/934/563 951/1621/942 
f 951/1621/942 955/1647/946 732/1223/722 
f 574/947/567 951/1621/942 732/1223/722 
f 574/947/567 732/1223/722 787/1315/777 
f 576/949/569 553/887/61 742/1628/732 821/1648/811 
f 341/498/340 282/436/281 789/1317/779 
f 293/951/292 300/952/299 801/1367/791 798/1370/788 
f 573/953/566 344/520/343 783/1373/773 
f 311/954/310 319/955/318 814/1385/804 810/1388/800 
f 274/956/273 349/544/348 785/1389/775 
f 571/939/564 819/1646/809 741/1629/731 554/895/540 
s 2
f 577/957/570 358/958/357 830/1397/821 829/1396/820 
f 572/959/565 578/960/571 832/1401/823 774/1400/764 
s 4
f 578/961/571 577/962/570 829/1407/820 832/1406/823 
f 579/963/572 574/947/567 787/1315/777 790/1318/780 
f 281/435/280 579/963/572 790/1318/780 
f 334/964/332 580/966/573 824/1649/814 
f 580/966/573 576/949/569 821/1648/811 824/1649/814 
f 581/967/574 583/967/574 747/1256/737 
f 747/1256/737 818/1346/808 740/1236/730 
f 581/967/574 747/1256/737 740/1236/730 
f 581/967/574 740/1236/730 956/1650/947 
f 350/547/349 585/971/577 957/1651/948 739/1652/729 817/1390/807 
s off
f 586/972/578 436/688/434 862/1443/853 
f 409/628/407 414/973/412 866/1452/857 
f 417/637/415 390/604/388 854/1435/845 
f 416/974/414 435/685/433 869/1497/860 
f 413/1454/411 369/1415/367 835/1414/826 
f 365/579/363 586/972/578 862/1443/853 834/1413/825 
f 587/976/579 863/1653/854 845/1426/836 380/594/378 
f 588/978/580 885/1654/876 863/1653/854 587/976/579 
f 516/807/514 589/979/581 917/1537/908 
f 494/980/492 492/750/490 921/1545/912 
f 472/725/470 499/758/497 907/1526/898 
f 515/804/513 496/981/494 924/1585/915 
f 444/697/442 886/1503/877 917/1537/908 589/979/581 
f 590/982/582 462/715/460 899/1518/890 920/1655/911 
f 588/978/580 590/982/582 920/1655/911 885/1654/876 
f 591/1656/583 517/1588/515 889/1506/880 888/1505/879 
f 495/1552/493 591/1656/583 888/1505/879 
f 592/1657/584 949/1658/940 950/1659/941 593/1660/585 
f 592/1657/584 594/1661/586 948/1605/939 949/1658/940 
f 594/1661/586 533/1602/529 948/1605/939 
f 595/990/209 593/992/585 950/1662/941 
f 595/990/209 950/1662/941 942/1663/933 596/994/540 
f 522/995/520 596/994/540 942/1663/933 
# 838 polygons - 118 triangles

