# 3ds Max Wavefront OBJ Exporter v0.99 - (c)2007 guruware
# File Created: 28.05.2026 17:08:58

#
# object rdzen_monolitu
#

v  -0.1422 -0.3618 29.6461
v  0.0000 -0.3618 29.6461
v  0.0000 0.4033 30.8715
v  -0.0280 0.4033 30.8715
v  0.1422 -0.3618 29.6461
v  0.0280 0.4033 30.8715
v  0.0000 0.7778 30.8715
v  0.0000 1.5429 29.6461
v  -0.1422 1.5429 29.6461
v  -0.0280 0.7778 30.8715
v  0.0280 0.7778 30.8715
v  0.1422 1.5429 29.6461
v  -0.1301 0.4604 30.8715
v  -0.0244 0.4252 30.8715
v  0.0000 0.4252 30.8715
v  0.0000 0.5906 30.8715
v  -0.1654 0.5906 30.8715
v  -0.1654 0.5661 30.8715
v  0.0244 0.4252 30.8715
v  0.1301 0.4604 30.8715
v  0.1654 0.5661 30.8715
v  0.1654 0.5906 30.8715
v  0.0000 0.7559 30.8715
v  -0.0244 0.7559 30.8715
v  -0.1301 0.7207 30.8715
v  -0.1654 0.6150 30.8715
v  0.1654 0.6150 30.8715
v  0.1301 0.7207 30.8715
v  0.0244 0.7559 30.8715
v  0.9524 0.4484 29.6461
v  0.9524 0.5906 29.6461
v  0.1873 0.5906 30.8715
v  0.1873 0.5626 30.8715
v  0.9524 0.7327 29.6461
v  0.1873 0.6185 30.8715
v  0.4796 0.1110 -28.1438
v  0.0899 -0.0189 -28.1438
v  0.0000 -0.0189 -28.1438
v  0.0000 0.5906 -28.1438
v  0.6095 0.5906 -28.1438
v  0.6095 0.5006 -28.1438
v  -0.0899 -0.0189 -28.1438
v  -0.4796 0.1110 -28.1438
v  -0.6095 0.5006 -28.1438
v  -0.6095 0.5906 -28.1438
v  0.0000 1.2000 -28.1438
v  0.0899 1.2000 -28.1438
v  0.4796 1.0701 -28.1438
v  0.6095 0.6805 -28.1438
v  -0.6095 0.6805 -28.1438
v  -0.4796 1.0701 -28.1438
v  -0.0899 1.2000 -28.1438
v  -1.0252 0.4375 -27.2284
v  -1.0252 0.5906 -27.2284
v  -1.1743 0.5906 -28.1438
v  -1.1743 0.4153 -28.1438
v  -1.0252 0.7436 -27.2284
v  -1.1743 0.7658 -28.1438
v  -0.1753 -0.5837 -28.1438
v  -0.1530 -0.4346 -27.2284
v  -0.8071 -0.2166 -27.2284
v  -0.9245 -0.3340 -28.1438
v  0.7498 -0.1593 29.6461
v  0.1474 0.4431 30.8715
v  -0.7498 1.3404 29.6461
v  -0.1474 0.7380 30.8715
v  0.1753 1.7648 -28.1438
v  0.1530 1.6157 -27.2284
v  0.8071 1.3977 -27.2284
v  0.9245 1.5151 -28.1438
v  1.1743 0.4153 -28.1438
v  1.0252 0.4375 -27.2284
v  0.8071 -0.2166 -27.2284
v  0.9245 -0.3340 -28.1438
v  0.7498 1.3404 29.6461
v  0.1474 0.7380 30.8715
v  -0.9524 0.4484 29.6461
v  -0.7498 -0.1593 29.6461
v  -0.1474 0.4431 30.8715
v  -0.1873 0.5626 30.8715
v  -0.8071 1.3977 -27.2284
v  -0.9245 1.5151 -28.1438
v  -0.1873 0.6185 30.8715
v  -0.1873 0.5906 30.8715
v  0.0000 -0.5837 -28.1438
v  -0.1753 1.7648 -28.1438
v  0.0000 1.7648 -28.1438
v  1.1743 0.7658 -28.1438
v  1.1743 0.5906 -28.1438
v  0.1753 -0.5837 -28.1438
v  -0.1019 -0.0918 29.1018
v  0.0000 -0.0918 29.1018
v  0.1019 -0.0918 29.1018
v  0.0000 1.2729 29.1018
v  -0.1019 1.2729 29.1018
v  0.1019 1.2729 29.1018
v  0.6823 0.4887 29.1018
v  0.6823 0.5906 29.1018
v  0.6823 0.6924 29.1018
v  -0.9524 0.5906 29.6461
v  -0.9524 0.7327 29.6461
v  0.5372 0.0534 29.1018
v  -0.5372 1.1277 29.1018
v  0.5372 1.1277 29.1018
v  -0.6823 0.4887 29.1018
v  -0.5372 0.0534 29.1018
v  -0.6902 0.4875 28.9714
v  -0.7152 0.4838 29.0358
v  -0.7152 0.5906 29.0358
v  -0.6902 0.5906 28.9714
v  -0.7152 0.6973 29.0358
v  -0.6902 0.6936 28.9714
v  -0.1068 -0.1246 29.0358
v  -0.5631 0.0275 29.0358
v  -0.5434 0.0472 28.9714
v  -0.1030 -0.0996 28.9714
v  0.1068 1.3057 29.0358
v  0.5631 1.1536 29.0358
v  0.5434 1.1339 28.9714
v  0.1030 1.2807 28.9714
v  0.7152 0.4838 29.0358
v  0.5631 0.0275 29.0358
v  0.5434 0.0472 28.9714
v  0.6902 0.4875 28.9714
v  -0.5631 1.1536 29.0358
v  -0.5434 1.1339 28.9714
v  -0.1030 -0.0996 24.4842
v  0.0000 -0.0996 24.4842
v  0.0000 -0.0996 28.9714
v  0.1030 -0.0996 24.4842
v  0.1030 -0.0996 28.9714
v  0.0000 1.2807 24.4842
v  -0.1030 1.2807 24.4842
v  -0.1030 1.2807 28.9714
v  0.0000 1.2807 28.9714
v  0.1030 1.2807 24.4842
v  0.6902 0.4875 24.4842
v  0.6902 0.5906 24.4842
v  0.6902 0.5906 28.9714
v  0.6902 0.6936 24.4842
v  0.6902 0.6936 28.9714
v  0.5434 0.0472 24.4842
v  -0.5434 1.1339 24.4842
v  0.5434 1.1339 24.4842
v  -0.6902 0.4875 24.4842
v  -0.5434 0.0472 24.4842
v  -0.6902 0.5906 24.4842
v  -0.6902 0.6936 24.4842
v  -0.1072 -0.1278 24.4145
v  0.0000 -0.1278 24.4145
v  0.1072 -0.1278 24.4145
v  0.0000 1.3089 24.4145
v  -0.1072 1.3089 24.4145
v  0.1072 1.3089 24.4145
v  0.7183 0.4833 24.4145
v  0.7183 0.5906 24.4145
v  0.7183 0.6978 24.4145
v  0.5655 0.0250 24.4145
v  -0.5655 1.1561 24.4145
v  0.5655 1.1561 24.4145
v  -0.7183 0.4833 24.4145
v  -0.5655 0.0250 24.4145
v  -0.6823 0.4887 24.3586
v  -0.6823 0.5906 24.3586
v  -0.9524 0.5906 23.8347
v  -0.9524 0.4484 23.8347
v  -0.6823 0.6924 24.3586
v  -0.9524 0.7327 23.8347
v  -0.1422 -0.3618 23.8347
v  -0.1019 -0.0918 24.3586
v  -0.5372 0.0533 24.3586
v  -0.7498 -0.1593 23.8347
v  0.1422 1.5429 23.8347
v  0.1019 1.2729 24.3586
v  0.5372 1.1278 24.3586
v  0.7498 1.3404 23.8347
v  0.9524 0.4484 23.8347
v  0.6823 0.4887 24.3586
v  0.5372 0.0533 24.3586
v  0.7498 -0.1593 23.8347
v  -0.5372 1.1278 24.3586
v  -0.7498 1.3404 23.8347
v  -0.0994 -0.0755 23.2442
v  0.0000 -0.0755 23.2442
v  0.0000 -0.3618 23.8347
v  0.0994 -0.0755 23.2442
v  0.1422 -0.3618 23.8347
v  0.0000 1.5429 23.8347
v  0.0000 1.2566 23.2442
v  -0.0994 1.2566 23.2442
v  -0.1422 1.5429 23.8347
v  0.0994 1.2566 23.2442
v  0.6661 0.4911 23.2442
v  0.6661 0.5906 23.2442
v  0.9524 0.5906 23.8347
v  0.6661 0.6900 23.2442
v  0.9524 0.7327 23.8347
v  0.5244 0.0662 23.2442
v  -0.5244 1.1149 23.2442
v  0.5244 1.1149 23.2442
v  -0.6661 0.4911 23.2442
v  -0.5244 0.0662 23.2442
v  -0.6902 0.4875 23.1590
v  -0.7051 0.4853 23.1974
v  -0.7051 0.5906 23.1974
v  -0.6902 0.5906 23.1590
v  -0.7051 0.6958 23.1974
v  -0.6902 0.6936 23.1590
v  -0.1053 -0.1145 23.1974
v  -0.5551 0.0354 23.1974
v  -0.5434 0.0472 23.1590
v  -0.1030 -0.0996 23.1590
v  0.1053 1.2956 23.1974
v  0.5551 1.1457 23.1974
v  0.5434 1.1339 23.1590
v  0.1030 1.2807 23.1590
v  0.7051 0.4853 23.1974
v  0.5551 0.0354 23.1974
v  0.5434 0.0472 23.1590
v  0.6902 0.4875 23.1590
v  -0.5551 1.1457 23.1974
v  -0.5434 1.1339 23.1590
v  -0.1030 -0.0996 11.2221
v  0.0000 -0.0996 11.2221
v  0.0000 -0.0996 23.1590
v  0.1030 -0.0996 11.2221
v  0.1030 -0.0996 23.1590
v  0.0000 1.2807 11.2221
v  -0.1030 1.2807 11.2221
v  -0.1030 1.2807 23.1590
v  0.0000 1.2807 23.1590
v  0.1030 1.2807 11.2221
v  0.6902 0.4875 11.2221
v  0.6902 0.5906 11.2221
v  0.6902 0.5906 23.1590
v  0.6902 0.6936 11.2221
v  0.6902 0.6936 23.1590
v  0.5434 0.0472 11.2221
v  -0.5434 1.1339 11.2221
v  0.5434 1.1339 11.2221
v  -0.6902 0.4875 11.2221
v  -0.5434 0.0472 11.2221
v  -0.6902 0.5906 11.2221
v  -0.6902 0.6936 11.2221
v  -0.1076 -0.1300 11.1839
v  0.0000 -0.1300 11.1839
v  0.1076 -0.1300 11.1839
v  0.0000 1.3111 11.1839
v  -0.1076 1.3111 11.1839
v  0.1076 1.3111 11.1839
v  0.7205 0.4830 11.1839
v  0.7205 0.5906 11.1839
v  0.7205 0.6981 11.1839
v  0.5673 0.0233 11.1839
v  -0.5673 1.1578 11.1839
v  0.5673 1.1578 11.1839
v  -0.7205 0.4830 11.1839
v  -0.5673 0.0233 11.1839
v  -0.6924 0.4872 11.1445
v  -0.6924 0.5906 11.1445
v  -0.9524 0.5906 10.8921
v  -0.9524 0.4484 10.8921
v  -0.6924 0.6939 11.1445
v  -0.9524 0.7327 10.8921
v  -0.1422 -0.3618 10.8921
v  -0.1034 -0.1018 11.1445
v  -0.5451 0.0454 11.1445
v  -0.7498 -0.1593 10.8921
v  0.1422 1.5429 10.8921
v  0.1034 1.2829 11.1445
v  0.5451 1.1357 11.1445
v  0.7498 1.3404 10.8921
v  0.9524 0.4484 10.8921
v  0.6924 0.4872 11.1445
v  0.5451 0.0454 11.1445
v  0.7498 -0.1593 10.8921
v  -0.5451 1.1357 11.1445
v  -0.7498 1.3404 10.8921
v  -0.1026 -0.0969 10.6346
v  0.0000 -0.0969 10.6346
v  0.0000 -0.3618 10.8921
v  0.1026 -0.0969 10.6346
v  0.1422 -0.3618 10.8921
v  0.0000 1.5429 10.8921
v  0.0000 1.2780 10.6346
v  -0.1026 1.2780 10.6346
v  -0.1422 1.5429 10.8921
v  0.1026 1.2780 10.6346
v  0.6874 0.4879 10.6346
v  0.6874 0.5906 10.6346
v  0.9524 0.5906 10.8921
v  0.6874 0.6932 10.6346
v  0.9524 0.7327 10.8921
v  0.5412 0.0493 10.6346
v  -0.5412 1.1318 10.6346
v  0.5412 1.1318 10.6346
v  -0.6874 0.4879 10.6346
v  -0.5412 0.0493 10.6346
v  -0.6902 0.4875 10.5643
v  -0.7196 0.4831 10.6012
v  -0.7196 0.5906 10.6012
v  -0.6902 0.5906 10.5643
v  -0.7196 0.6980 10.6012
v  -0.6902 0.6936 10.5643
v  -0.1074 -0.1291 10.6012
v  -0.5666 0.0240 10.6012
v  -0.5434 0.0472 10.5643
v  -0.1030 -0.0996 10.5643
v  0.1074 1.3102 10.6012
v  0.5666 1.1571 10.6012
v  0.5434 1.1339 10.5643
v  0.1030 1.2807 10.5643
v  0.7196 0.4831 10.6012
v  0.5666 0.0240 10.6012
v  0.5434 0.0472 10.5643
v  0.6902 0.4875 10.5643
v  -0.5666 1.1571 10.6012
v  -0.5434 1.1339 10.5643
v  -0.1030 -0.0996 -24.1978
v  0.0000 -0.0996 -24.1978
v  0.0000 -0.0996 10.5643
v  0.1030 -0.0996 -24.1978
v  0.1030 -0.0996 10.5643
v  0.0000 1.2807 -24.1978
v  -0.1030 1.2807 -24.1978
v  -0.1030 1.2807 10.5643
v  0.0000 1.2807 10.5643
v  0.1030 1.2807 -24.1978
v  0.6902 0.4875 -24.1978
v  0.6902 0.5906 -24.1978
v  0.6902 0.5906 10.5643
v  0.6902 0.6936 -24.1978
v  0.6902 0.6936 10.5643
v  0.5434 0.0472 -24.1978
v  -0.5434 1.1339 -24.1978
v  0.5434 1.1339 -24.1978
v  -0.6902 0.4875 -24.1978
v  -0.5434 0.0472 -24.1978
v  -0.6902 0.5906 -24.1978
v  -0.6902 0.6936 -24.1978
v  -0.1067 -0.1241 -24.2343
v  0.0000 -0.1241 -24.2343
v  0.1067 -0.1241 -24.2343
v  0.0000 1.3052 -24.2343
v  -0.1067 1.3052 -24.2343
v  0.1067 1.3052 -24.2343
v  0.7146 0.4839 -24.2343
v  0.7146 0.5906 -24.2343
v  0.7146 0.6972 -24.2343
v  0.5627 0.0279 -24.2343
v  -0.5627 1.1532 -24.2343
v  0.5627 1.1532 -24.2343
v  -0.7146 0.4839 -24.2343
v  -0.5627 0.0279 -24.2343
v  -0.6875 0.4879 -24.2819
v  -0.6875 0.5906 -24.2819
v  -0.9524 0.5906 -24.5889
v  -0.9524 0.4484 -24.5889
v  -0.6875 0.6932 -24.2819
v  -0.9524 0.7327 -24.5889
v  -0.1422 -0.3618 -24.5889
v  -0.1026 -0.0970 -24.2819
v  -0.5413 0.0492 -24.2819
v  -0.7498 -0.1593 -24.5889
v  0.1422 1.5429 -24.5889
v  0.1026 1.2781 -24.2819
v  0.5413 1.1319 -24.2819
v  0.7498 1.3404 -24.5889
v  0.9524 0.4484 -24.5889
v  0.6875 0.4879 -24.2819
v  0.5413 0.0492 -24.2819
v  0.7498 -0.1593 -24.5889
v  -0.5413 1.1319 -24.2819
v  -0.7498 1.3404 -24.5889
v  -0.1009 -0.0850 -24.9165
v  0.0000 -0.0850 -24.9165
v  0.0000 -0.3618 -24.5889
v  0.1009 -0.0850 -24.9165
v  0.1422 -0.3618 -24.5889
v  0.0000 1.5429 -24.5889
v  0.0000 1.2661 -24.9165
v  -0.1009 1.2661 -24.9165
v  -0.1422 1.5429 -24.5889
v  0.1009 1.2661 -24.9165
v  0.6756 0.4897 -24.9165
v  0.6756 0.5906 -24.9165
v  0.9524 0.5906 -24.5889
v  0.6756 0.6914 -24.9165
v  0.9524 0.7327 -24.5889
v  0.5319 0.0586 -24.9165
v  -0.5319 1.1225 -24.9165
v  0.5319 1.1225 -24.9165
v  -0.6756 0.4897 -24.9165
v  -0.5319 0.0586 -24.9165
v  -0.6902 0.4875 -24.9815
v  -0.7109 0.4844 -24.9504
v  -0.7109 0.5906 -24.9504
v  -0.6902 0.5906 -24.9815
v  -0.7109 0.6967 -24.9504
v  -0.6902 0.6936 -24.9815
v  -0.1061 -0.1204 -24.9504
v  -0.5597 0.0308 -24.9504
v  -0.5434 0.0472 -24.9815
v  -0.1030 -0.0996 -24.9815
v  0.1061 1.3015 -24.9504
v  0.5597 1.1503 -24.9504
v  0.5434 1.1339 -24.9815
v  0.1030 1.2807 -24.9815
v  0.7109 0.4844 -24.9504
v  0.5597 0.0308 -24.9504
v  0.5434 0.0472 -24.9815
v  0.6902 0.4875 -24.9815
v  -0.5597 1.1503 -24.9504
v  -0.5434 1.1339 -24.9815
v  -0.1030 -0.0996 -26.4610
v  0.0000 -0.0996 -26.4611
v  0.0000 -0.0996 -24.9815
v  0.1030 -0.0996 -26.4611
v  0.1030 -0.0996 -24.9815
v  0.0000 1.2807 -26.4611
v  -0.1030 1.2807 -26.4610
v  -0.1030 1.2807 -24.9815
v  0.0000 1.2807 -24.9815
v  0.1030 1.2807 -26.4611
v  0.6902 0.4875 -26.4611
v  0.6902 0.5906 -26.4611
v  0.6902 0.5906 -24.9815
v  0.6902 0.6936 -26.4611
v  0.6902 0.6936 -24.9815
v  0.5434 0.0472 -26.4611
v  -0.5434 1.1339 -26.4611
v  0.5434 1.1339 -26.4611
v  -0.6902 0.4875 -26.4611
v  -0.5434 0.0472 -26.4611
v  -0.6902 0.5906 -26.4611
v  -0.6902 0.6936 -26.4611
v  -0.1061 -0.1203 -26.4939
v  0.0000 -0.1203 -26.4939
v  0.1061 -0.1203 -26.4939
v  0.0000 1.3014 -26.4939
v  -0.1061 1.3014 -26.4939
v  0.1061 1.3014 -26.4939
v  0.7109 0.4844 -26.4939
v  0.7109 0.5906 -26.4939
v  0.7109 0.6967 -26.4939
v  0.5597 0.0309 -26.4939
v  -0.5597 1.1502 -26.4939
v  0.5597 1.1502 -26.4939
v  -0.7109 0.4844 -26.4939
v  -0.5597 0.0309 -26.4939
v  -0.8119 0.4693 -26.9350
v  -0.8119 0.5906 -26.9350
v  -0.8119 0.7118 -26.9350
v  -0.1212 -0.2214 -26.9350
v  -0.6392 -0.0487 -26.9350
v  0.1212 1.4025 -26.9350
v  0.6392 1.2298 -26.9350
v  0.8119 0.4693 -26.9350
v  0.6392 -0.0487 -26.9350
v  -0.6392 1.2298 -26.9350
v  0.0000 -0.4346 -27.2284
v  0.1530 -0.4346 -27.2284
v  -0.1530 1.6157 -27.2284
v  0.0000 1.6157 -27.2284
v  1.0252 0.5906 -27.2284
v  1.0252 0.7436 -27.2284
v  0.0000 -0.2214 -26.9350
v  0.0000 -0.2424 -26.6873
v  -0.1243 -0.2424 -26.6873
v  0.1212 -0.2214 -26.9350
v  0.1243 -0.2424 -26.6873
v  0.0000 1.4025 -26.9350
v  -0.1212 1.4025 -26.9350
v  -0.1243 1.4235 -26.6873
v  0.0000 1.4235 -26.6873
v  0.1243 1.4235 -26.6873
v  0.8119 0.5906 -26.9350
v  0.8329 0.5906 -26.6873
v  0.8329 0.4662 -26.6873
v  0.8119 0.7118 -26.9350
v  0.8329 0.7149 -26.6873
v  0.6558 -0.0652 -26.6873
v  -0.6558 1.2463 -26.6873
v  0.6558 1.2463 -26.6873
v  -0.8329 0.4662 -26.6873
v  -0.6558 -0.0652 -26.6873
v  -0.6784 0.4893 -26.5346
v  -0.6784 0.5906 -26.5346
v  -0.8329 0.5906 -26.6873
v  -0.6784 0.6918 -26.5346
v  -0.8329 0.7149 -26.6873
v  -0.1013 -0.0878 -26.5346
v  -0.5341 0.0565 -26.5346
v  0.1013 1.2689 -26.5346
v  0.5341 1.1246 -26.5346
v  0.6784 0.4893 -26.5346
v  0.5341 0.0565 -26.5346
v  -0.5341 1.1246 -26.5346
v  0.0000 -0.1246 29.0358
v  0.1068 -0.1246 29.0358
v  0.0000 1.3057 29.0358
v  -0.1068 1.3057 29.0358
v  0.7152 0.5906 29.0358
v  0.7152 0.6973 29.0358
v  -0.6823 0.5906 29.1018
v  -0.6823 0.6924 29.1018
v  0.0000 -0.0918 24.3586
v  0.1019 -0.0918 24.3586
v  0.0000 1.2729 24.3586
v  -0.1019 1.2729 24.3586
v  0.6823 0.5906 24.3586
v  0.6823 0.6924 24.3586
v  -0.7183 0.5906 24.4145
v  -0.7183 0.6978 24.4145
v  0.0000 -0.1145 23.1974
v  0.1053 -0.1145 23.1974
v  0.0000 1.2956 23.1974
v  -0.1053 1.2956 23.1974
v  0.7051 0.5906 23.1974
v  0.7051 0.6958 23.1974
v  -0.6661 0.5906 23.2442
v  -0.6661 0.6900 23.2442
v  0.0000 -0.1018 11.1445
v  0.1034 -0.1018 11.1445
v  0.0000 1.2829 11.1445
v  -0.1034 1.2829 11.1445
v  0.6924 0.5906 11.1445
v  0.6924 0.6939 11.1445
v  -0.7205 0.5906 11.1839
v  -0.7205 0.6981 11.1839
v  0.0000 -0.1291 10.6012
v  0.1074 -0.1291 10.6012
v  0.0000 1.3102 10.6012
v  -0.1074 1.3102 10.6012
v  0.7196 0.5906 10.6012
v  0.7196 0.6980 10.6012
v  -0.6874 0.5906 10.6346
v  -0.6874 0.6932 10.6346
v  0.0000 -0.0970 -24.2819
v  0.1026 -0.0970 -24.2819
v  0.0000 1.2781 -24.2819
v  -0.1026 1.2781 -24.2819
v  0.6875 0.5906 -24.2819
v  0.6875 0.6932 -24.2819
v  -0.7146 0.5906 -24.2343
v  -0.7146 0.6972 -24.2343
v  0.0000 -0.1204 -24.9504
v  0.1061 -0.1204 -24.9504
v  0.0000 1.3015 -24.9504
v  -0.1061 1.3015 -24.9504
v  0.7109 0.5906 -24.9504
v  0.7109 0.6967 -24.9504
v  -0.6756 0.5906 -24.9165
v  -0.6756 0.6914 -24.9165
v  0.0000 -0.0878 -26.5346
v  0.1013 -0.0878 -26.5346
v  0.0000 1.2689 -26.5346
v  -0.1013 1.2689 -26.5346
v  0.6784 0.5906 -26.5346
v  0.6784 0.6918 -26.5346
v  -0.7109 0.5906 -26.4939
v  -0.7109 0.6967 -26.4939
v  0.0176 2.8916 -32.0818
v  0.2429 3.5131 -30.6971
v  0.5023 3.2333 -30.7602
v  0.1775 2.7731 -32.0525
v  0.4273 3.4568 -29.3017
v  0.7626 3.0994 -29.5304
v  0.5585 2.6566 -28.1602
v  0.9450 2.3680 -28.5620
v  0.6267 1.3361 -27.5161
v  1.0390 1.2274 -28.0274
v  0.6267 -0.1629 -27.5161
v  1.0390 -0.0542 -28.0274
v  0.5585 -1.4834 -28.1602
v  0.9450 -1.1948 -28.5620
v  0.4273 -2.2836 -29.3017
v  0.7626 -1.9262 -29.5304
v  0.2429 -2.3399 -30.6971
v  0.5023 -2.0601 -30.7602
v  0.0176 -1.7184 -32.0818
v  0.1775 -1.5999 -32.0525
v  0.0069 -1.6789 -32.1303
v  0.0069 -1.2333 -32.5874
v  0.2714 2.8782 -30.8420
v  0.0471 2.5857 -31.9974
v  0.4465 2.6836 -29.8071
v  0.5666 2.0426 -29.0265
v  0.6277 1.1058 -28.6066
v  0.6277 0.0674 -28.6066
v  0.5666 -0.8694 -29.0265
v  0.4465 -1.5104 -29.8071
v  0.2714 -1.7050 -30.8420
v  0.0471 -1.4125 -31.9974
v  0.0069 -1.3174 -32.1687
v  0.0069 1.1010 -28.6061
v  0.0069 0.0722 -28.6061
v  0.0069 2.0311 -29.0219
v  0.0069 2.8521 -32.1303
v  0.0069 2.4065 -32.5874
v  0.0069 2.4906 -32.1687
v  0.0069 2.8916 -32.0812
v  0.0069 3.5081 -30.6879
v  0.0069 3.4451 -29.2923
v  0.0069 2.6445 -28.1554
v  0.0069 1.3310 -27.5155
v  0.0069 -0.1579 -27.5155
v  0.0069 -1.4713 -28.1554
v  0.0069 -2.2719 -29.2923
v  0.0069 -2.3349 -30.6879
v  0.0069 -1.7184 -32.0812
v  0.0069 -1.4123 -31.9952
v  0.0069 -1.6992 -30.8321
v  0.0069 -1.4987 -29.7978
v  0.0069 -0.8579 -29.0219
v  0.0069 2.6719 -29.7978
v  0.0069 2.8724 -30.8321
v  0.0069 2.5855 -31.9952
v  -0.0038 2.8916 -32.0818
v  -0.1637 2.7731 -32.0525
v  -0.4885 3.2333 -30.7602
v  -0.2291 3.5131 -30.6971
v  -0.7489 3.0994 -29.5304
v  -0.4135 3.4568 -29.3017
v  -0.9312 2.3680 -28.5620
v  -0.5447 2.6566 -28.1602
v  -1.0252 1.2274 -28.0274
v  -0.6129 1.3361 -27.5161
v  -1.0252 -0.0542 -28.0274
v  -0.6129 -0.1629 -27.5161
v  -0.9312 -1.1948 -28.5620
v  -0.5447 -1.4834 -28.1602
v  -0.7489 -1.9262 -29.5304
v  -0.4135 -2.2836 -29.3017
v  -0.4885 -2.0601 -30.7602
v  -0.2291 -2.3399 -30.6971
v  -0.1637 -1.5999 -32.0525
v  -0.0038 -1.7184 -32.0818
v  -0.0333 2.5857 -31.9974
v  -0.2576 2.8782 -30.8420
v  -0.4327 2.6836 -29.8071
v  -0.5528 2.0426 -29.0265
v  -0.6139 1.1058 -28.6066
v  -0.6139 0.0674 -28.6066
v  -0.5528 -0.8694 -29.0265
v  -0.4327 -1.5104 -29.8071
v  -0.2576 -1.7050 -30.8420
v  -0.0333 -1.4125 -31.9974
v  -3.8329 0.6008 -33.4903
v  -4.6487 0.9005 -31.5431
v  -4.2202 1.1628 -31.7075
v  -3.6362 0.7851 -33.4981
v  -4.3507 1.1457 -29.7056
v  -3.8482 1.4657 -30.0961
v  -3.0064 1.3202 -28.2789
v  -2.6347 1.6778 -28.8816
v  -1.0560 1.4110 -27.5003
v  -0.9244 1.7871 -28.2297
v  1.0698 1.4110 -27.5003
v  0.9382 1.7871 -28.2297
v  3.0201 1.3202 -28.2789
v  2.6485 1.6778 -28.8816
v  4.3644 1.1457 -29.7056
v  3.8620 1.4657 -30.0961
v  4.6625 0.9005 -31.5431
v  4.2339 1.1628 -31.7075
v  3.8467 0.6008 -33.4903
v  3.6500 0.7851 -33.4981
v  3.7876 0.5866 -33.5640
v  3.0999 0.5866 -34.2876
v  -3.6709 0.9617 -31.9125
v  -3.3237 0.6436 -33.4949
v  -3.2491 1.2100 -30.5590
v  -2.1956 1.3803 -29.5736
v  -0.7669 1.4670 -29.0552
v  0.7807 1.4670 -29.0552
v  2.2093 1.3803 -29.5736
v  3.2629 1.2100 -30.5591
v  3.6847 0.9617 -31.9125
v  3.3374 0.6436 -33.4949
v  3.1983 0.5866 -33.7423
v  -0.7599 0.5866 -29.0546
v  0.7737 0.5866 -29.0546
v  -2.1779 0.5866 -29.5686
v  -3.7738 0.5866 -33.5640
v  -3.0861 0.5866 -34.2876
v  -3.1845 0.5866 -33.7423
v  -3.8328 0.5866 -33.4896
v  -4.6396 0.5866 -31.5327
v  -4.3316 0.5866 -29.6956
v  -2.9882 0.5866 -28.2740
v  -1.0488 0.5866 -27.4997
v  1.0626 0.5866 -27.4997
v  3.0020 0.5866 -28.2740
v  4.3454 0.5866 -29.6956
v  4.6534 0.5866 -31.5327
v  3.8466 0.5866 -33.4896
v  3.3368 0.5866 -33.4922
v  3.6744 0.5866 -31.9009
v  3.2440 0.5866 -30.5486
v  2.1917 0.5866 -29.5686
v  -3.2302 0.5866 -30.5486
v  -3.6607 0.5866 -31.9009
v  -3.3230 0.5866 -33.4922
v  -3.8329 0.5724 -33.4903
v  -3.6362 0.3881 -33.4981
v  -4.2202 0.0104 -31.7075
v  -4.6487 0.2727 -31.5431
v  -3.8482 -0.2925 -30.0961
v  -4.3507 0.0275 -29.7056
v  -2.6347 -0.5046 -28.8816
v  -3.0064 -0.1470 -28.2789
v  -0.9244 -0.6139 -28.2297
v  -1.0560 -0.2378 -27.5003
v  0.9382 -0.6139 -28.2297
v  1.0698 -0.2378 -27.5003
v  2.6485 -0.5046 -28.8816
v  3.0201 -0.1470 -28.2789
v  3.8620 -0.2925 -30.0961
v  4.3644 0.0275 -29.7056
v  4.2339 0.0104 -31.7075
v  4.6625 0.2727 -31.5431
v  3.6500 0.3881 -33.4981
v  3.8467 0.5724 -33.4903
v  -3.3237 0.5296 -33.4949
v  -3.6709 0.2115 -31.9125
v  -3.2491 -0.0368 -30.5590
v  -2.1956 -0.2071 -29.5736
v  -0.7669 -0.2938 -29.0552
v  0.7807 -0.2938 -29.0552
v  2.2093 -0.2071 -29.5736
v  3.2629 -0.0368 -30.5591
v  3.6847 0.2115 -31.9125
v  3.3374 0.5296 -33.4949
v  -0.0711 0.3366 -27.7580
v  -0.5373 -0.8760 -29.5491
v  0.0548 -0.8760 -29.5491
v  0.0548 0.3366 -27.7580
v  0.6468 -0.8760 -29.5491
v  0.1807 0.3366 -27.7580
v  -0.4500 -1.2210 -33.4289
v  0.0548 -1.2210 -33.4289
v  0.0548 -1.0298 -29.6580
v  -0.3988 -1.0298 -29.6580
v  0.5596 -1.2210 -33.4289
v  0.5084 -1.0298 -29.6580
v  0.0445 0.6374 -35.7750
v  0.0548 0.6374 -35.7750
v  0.0548 -1.0609 -33.5390
v  -0.6083 -1.0609 -33.5390
v  0.0651 0.6374 -35.7750
v  0.7179 -1.0609 -33.5390
v  -0.0711 0.9918 -27.7580
v  0.0548 0.9918 -27.7580
v  0.0548 2.2043 -29.5491
v  -0.5373 2.2043 -29.5491
v  0.1807 0.9918 -27.7580
v  0.6468 2.2043 -29.5491
v  0.0548 2.3582 -29.6580
v  0.0548 2.5494 -33.4289
v  -0.4500 2.5494 -33.4289
v  -0.3988 2.3582 -29.6580
v  0.5084 2.3582 -29.6580
v  0.5596 2.5494 -33.4289
v  0.0548 2.3892 -33.5390
v  0.0548 0.6910 -35.7750
v  0.0445 0.6910 -35.7750
v  -0.6083 2.3892 -33.5390
v  0.7179 2.3892 -33.5390
v  0.0651 0.6910 -35.7750
v  -0.1720 0.4374 -27.7580
v  -0.2728 0.5383 -27.7580
v  0.0548 0.6642 -27.7580
v  -0.2728 0.6642 -27.7580
v  0.2816 0.4374 -27.7580
v  0.3824 0.6642 -27.7580
v  0.3824 0.5383 -27.7580
v  -0.1720 0.8910 -27.7580
v  -0.2728 0.7901 -27.7580
v  0.3824 0.7901 -27.7580
v  0.2816 0.8910 -27.7580
v  1.5949 0.0721 -29.5491
v  1.5949 0.6642 -29.5491
v  1.9400 0.1594 -33.4289
v  1.9400 0.6642 -33.4289
v  1.7488 0.6642 -29.6580
v  1.7488 0.2106 -29.6580
v  0.0816 0.6539 -35.7750
v  0.0816 0.6642 -35.7750
v  1.7798 0.6642 -33.5390
v  1.7798 0.0011 -33.5390
v  1.5949 1.2562 -29.5491
v  1.9400 1.1690 -33.4289
v  1.7488 1.1178 -29.6580
v  0.0816 0.6745 -35.7750
v  1.7798 1.3273 -33.5390
v  0.0548 0.6642 -35.7750
v  0.0733 0.6456 -35.7750
v  0.0362 0.6456 -35.7750
v  0.0280 0.6539 -35.7750
v  0.0280 0.6642 -35.7750
v  0.0733 0.6827 -35.7750
v  0.0280 0.6745 -35.7750
v  0.0362 0.6827 -35.7750
v  -1.6703 0.0011 -33.5390
v  -1.6703 0.6642 -33.5390
v  -1.6392 0.2106 -29.6580
v  -1.6392 0.6642 -29.6580
v  -1.8304 0.6642 -33.4289
v  -1.8304 0.1594 -33.4289
v  -1.4854 0.6642 -29.5491
v  -1.4854 0.0721 -29.5491
v  -1.6703 1.3273 -33.5390
v  -1.6392 1.1178 -29.6580
v  -1.8304 1.1690 -33.4289
v  -1.4854 1.2562 -29.5491
v  -1.0117 -0.4023 -29.5491
v  1.1212 -0.4023 -29.5491
v  -0.7436 -0.8871 -29.6580
v  -1.1203 -0.5109 -29.6580
v  -1.2529 -0.6435 -33.4289
v  -0.8337 -1.0622 -33.4289
v  0.9432 -1.0622 -33.4289
v  1.3625 -0.6435 -33.4289
v  1.2299 -0.5109 -29.6580
v  0.8531 -0.8871 -29.6580
v  -1.1397 -0.5303 -33.5390
v  1.2492 -0.5303 -33.5390
v  -1.0117 1.7306 -29.5491
v  1.1212 1.7306 -29.5491
v  -0.8337 2.3906 -33.4289
v  -1.2529 1.9719 -33.4289
v  -1.1203 1.8393 -29.6580
v  -0.7436 2.2155 -29.6580
v  0.8531 2.2155 -29.6580
v  1.2299 1.8393 -29.6580
v  1.3625 1.9719 -33.4289
v  0.9432 2.3906 -33.4289
v  -1.1397 1.8586 -33.5390
v  1.2492 1.8586 -33.5390
v  1.6061 -0.1342 -29.6580
v  1.7812 -0.2243 -33.4289
v  1.7812 1.5526 -33.4289
v  1.6061 1.4625 -29.6580
v  -1.6716 -0.2243 -33.4289
v  -1.4965 -0.1342 -29.6580
v  -1.4965 1.4625 -29.6580
v  -1.6716 1.5526 -33.4289
# 848 vertices

vn -0.1594 -0.9861 0.0468
vn 0.0000 -0.9988 0.0488
vn 0.0000 -0.4850 0.8745
vn -0.0835 -0.5122 0.8548
vn 0.1594 -0.9861 0.0468
vn 0.0835 -0.5122 0.8548
vn -0.0000 0.4850 0.8745
vn 0.0000 0.9988 0.0488
vn -0.1594 0.9861 0.0468
vn -0.0835 0.5122 0.8548
vn 0.0835 0.5122 0.8548
vn 0.1594 0.9861 0.0468
vn 0.0000 0.0000 1.0000
vn 0.9861 -0.1594 0.0468
vn 0.9988 0.0000 0.0488
vn 0.4850 0.0000 0.8745
vn 0.5122 -0.0835 0.8548
vn 0.9861 0.1594 0.0468
vn 0.5122 0.0835 0.8548
vn -0.0000 0.0000 -1.0000
vn 0.0000 0.0000 -1.0000
vn -0.0000 -0.0000 -1.0000
vn 0.0001 -0.0001 -1.0000
vn -0.0000 -0.0001 -1.0000
vn 0.0000 -0.0000 -1.0000
vn -0.0001 0.0001 -1.0000
vn -0.9132 -0.1480 0.3797
vn -0.9230 -0.0000 0.3848
vn -0.7618 0.0000 -0.6478
vn -0.7813 -0.1266 -0.6111
vn -0.9132 0.1480 0.3797
vn -0.7813 0.1266 -0.6111
vn -0.1266 -0.7813 -0.6111
vn -0.1480 -0.9132 0.3797
vn -0.6505 -0.6505 0.3921
vn -0.5902 -0.5902 -0.5507
vn 0.7064 -0.7064 0.0450
vn 0.3937 -0.3937 0.8307
vn -0.7064 0.7064 0.0450
vn -0.3937 0.3937 0.8307
vn 0.1266 0.7813 -0.6111
vn 0.1480 0.9132 0.3797
vn 0.6505 0.6505 0.3921
vn 0.5902 0.5902 -0.5507
vn 0.7813 -0.1266 -0.6111
vn 0.9132 -0.1480 0.3797
vn 0.6505 -0.6505 0.3921
vn 0.5902 -0.5902 -0.5507
vn 0.7064 0.7064 0.0450
vn 0.3937 0.3937 0.8307
vn -0.9861 -0.1594 0.0468
vn -0.7064 -0.7064 0.0450
vn -0.3937 -0.3937 0.8307
vn -0.5122 -0.0835 0.8548
vn -0.6505 0.6505 0.3921
vn -0.5902 0.5902 -0.5507
vn -0.5122 0.0835 0.8548
vn -0.4850 -0.0000 0.8745
vn -0.0000 -0.7618 -0.6478
vn -0.1266 0.7813 -0.6111
vn -0.0000 0.7618 -0.6478
vn 0.7813 0.1266 -0.6111
vn 0.7618 -0.0000 -0.6478
vn 0.1266 -0.7813 -0.6111
vn -0.1608 -0.9870 0.0008
vn 0.0000 -1.0000 0.0007
vn 0.1608 -0.9870 0.0008
vn -0.0000 1.0000 0.0008
vn -0.1608 0.9870 0.0008
vn 0.1608 0.9870 0.0008
vn 0.9870 -0.1608 0.0008
vn 1.0000 -0.0000 0.0008
vn 0.9870 0.1608 0.0008
vn -0.9988 0.0000 0.0488
vn -0.9861 0.1594 0.0468
vn 0.7071 -0.7071 0.0010
vn -0.7071 0.7071 0.0010
vn 0.7071 0.7071 0.0010
vn -0.9870 -0.1608 0.0008
vn -0.7071 -0.7071 0.0010
vn -0.9691 -0.1575 -0.1896
vn -0.9862 -0.1595 0.0443
vn -0.9990 -0.0000 0.0458
vn -0.9829 0.0000 -0.1842
vn -0.9862 0.1595 0.0443
vn -0.9691 0.1575 -0.1896
vn -0.1595 -0.9862 0.0443
vn -0.7064 -0.7064 0.0438
vn -0.6905 -0.6905 -0.2152
vn -0.1575 -0.9691 -0.1896
vn 0.1595 0.9862 0.0443
vn 0.7064 0.7064 0.0438
vn 0.6905 0.6905 -0.2152
vn 0.1575 0.9691 -0.1896
vn 0.9862 -0.1595 0.0443
vn 0.7064 -0.7064 0.0438
vn 0.6905 -0.6905 -0.2152
vn 0.9691 -0.1575 -0.1896
vn -0.7064 0.7064 0.0438
vn -0.6905 0.6905 -0.2152
vn -0.1573 -0.9678 0.1963
vn 0.0000 -0.9817 0.1906
vn -0.0000 -0.9829 -0.1842
vn 0.1573 -0.9678 0.1963
vn 0.1575 -0.9691 -0.1896
vn 0.0000 0.9817 0.1906
vn -0.1573 0.9678 0.1963
vn -0.1575 0.9691 -0.1896
vn 0.0000 0.9829 -0.1842
vn 0.1573 0.9678 0.1963
vn 0.9678 -0.1573 0.1963
vn 0.9817 0.0000 0.1906
vn 0.9829 -0.0000 -0.1842
vn 0.9678 0.1573 0.1963
vn 0.9691 0.1575 -0.1896
vn 0.6893 -0.6893 0.2230
vn -0.6893 0.6893 0.2230
vn 0.6893 0.6893 0.2230
vn -0.9678 -0.1573 0.1963
vn -0.6893 -0.6893 0.2230
vn -0.9817 -0.0000 0.1906
vn -0.9678 0.1573 0.1963
vn -0.1590 -0.9831 -0.0903
vn -0.0000 -0.9956 -0.0939
vn 0.1590 -0.9831 -0.0903
vn -0.0000 0.9956 -0.0938
vn -0.1590 0.9831 -0.0903
vn 0.1590 0.9831 -0.0903
vn 0.9831 -0.1590 -0.0903
vn 0.9956 -0.0000 -0.0939
vn 0.9831 0.1590 -0.0903
vn 0.7044 -0.7044 -0.0878
vn -0.7044 0.7044 -0.0878
vn 0.7044 0.7044 -0.0878
vn -0.9831 -0.1590 -0.0903
vn -0.7044 -0.7044 -0.0878
vn -0.9857 -0.1607 -0.0508
vn -0.9989 0.0000 -0.0479
vn -0.9999 0.0000 0.0123
vn -0.9871 -0.1596 0.0118
vn -0.9857 0.1607 -0.0508
vn -0.9871 0.1596 0.0118
vn -0.1596 -0.9871 0.0118
vn -0.1607 -0.9857 -0.0508
vn -0.7058 -0.7058 -0.0603
vn -0.7071 -0.7071 0.0115
vn 0.1596 0.9871 0.0118
vn 0.1607 0.9857 -0.0508
vn 0.7058 0.7058 -0.0603
vn 0.7071 0.7071 0.0115
vn 0.9871 -0.1596 0.0118
vn 0.9857 -0.1607 -0.0508
vn 0.7058 -0.7058 -0.0603
vn 0.7071 -0.7071 0.0115
vn -0.7058 0.7058 -0.0603
vn -0.7071 0.7071 0.0115
vn -0.1596 -0.9787 0.1295
vn -0.0000 -0.9926 0.1217
vn 0.0000 -0.9999 0.0123
vn 0.1596 -0.9787 0.1294
vn 0.1596 -0.9871 0.0118
vn -0.0000 0.9999 0.0122
vn -0.0000 0.9926 0.1216
vn -0.1596 0.9787 0.1295
vn -0.1596 0.9871 0.0118
vn 0.1596 0.9787 0.1295
vn 0.9787 -0.1596 0.1295
vn 0.9926 0.0000 0.1216
vn 0.9999 -0.0000 0.0122
vn 0.9787 0.1596 0.1295
vn 0.9871 0.1596 0.0118
vn 0.6987 -0.6987 0.1538
vn -0.6987 0.6987 0.1538
vn 0.6987 0.6987 0.1538
vn -0.9787 -0.1596 0.1295
vn -0.6987 -0.6987 0.1538
vn -0.9692 -0.1575 -0.1894
vn -0.9753 -0.1577 0.1548
vn -0.9868 -0.0000 0.1618
vn -0.9829 -0.0000 -0.1840
vn -0.9753 0.1577 0.1548
vn -0.9692 0.1575 -0.1894
vn -0.1577 -0.9753 0.1548
vn -0.6993 -0.6993 0.1482
vn -0.6906 -0.6906 -0.2150
vn -0.1575 -0.9692 -0.1894
vn 0.1577 0.9753 0.1548
vn 0.6993 0.6993 0.1482
vn 0.6906 0.6906 -0.2150
vn 0.1575 0.9692 -0.1894
vn 0.9753 -0.1577 0.1548
vn 0.6993 -0.6993 0.1482
vn 0.6906 -0.6906 -0.2150
vn 0.9692 -0.1575 -0.1894
vn -0.6993 0.6993 0.1482
vn -0.6906 0.6906 -0.2150
vn -0.1508 -0.9271 0.3431
vn 0.0000 -0.9442 0.3295
vn 0.0000 -0.9829 -0.1840
vn 0.1508 -0.9271 0.3431
vn 0.1575 -0.9692 -0.1894
vn 0.0000 0.9442 0.3295
vn -0.1508 0.9271 0.3431
vn -0.1575 0.9692 -0.1894
vn -0.0000 0.9829 -0.1840
vn 0.1508 0.9271 0.3431
vn 0.9271 -0.1508 0.3431
vn 0.9442 0.0000 0.3295
vn 0.9829 0.0000 -0.1840
vn 0.9271 0.1508 0.3431
vn 0.9692 0.1575 -0.1894
vn 0.6502 -0.6502 0.3930
vn -0.6502 0.6502 0.3930
vn 0.6502 0.6502 0.3930
vn -0.9271 -0.1508 0.3431
vn -0.6502 -0.6502 0.3930
vn -0.9442 0.0000 0.3295
vn -0.9271 0.1508 0.3431
vn -0.1594 -0.9869 0.0244
vn 0.0000 -0.9997 0.0258
vn 0.1594 -0.9869 0.0244
vn 0.0000 0.9997 0.0258
vn -0.1594 0.9869 0.0244
vn 0.1594 0.9869 0.0244
vn 0.9869 -0.1594 0.0244
vn 0.9997 0.0000 0.0258
vn 0.9869 0.1594 0.0244
vn 0.7069 -0.7069 0.0226
vn -0.7069 0.7069 0.0226
vn 0.7069 0.7069 0.0226
vn -0.9869 -0.1594 0.0244
vn -0.7069 -0.7069 0.0226
vn -0.9823 -0.1603 0.0968
vn -0.9959 0.0000 0.0900
vn -1.0000 0.0000 0.0003
vn -0.9872 -0.1594 0.0003
vn -0.9823 0.1603 0.0968
vn -0.9872 0.1594 0.0003
vn -0.1594 -0.9872 0.0003
vn -0.1603 -0.9823 0.0968
vn -0.7023 -0.7023 0.1161
vn -0.7071 -0.7071 0.0002
vn 0.1594 0.9872 0.0003
vn 0.1603 0.9823 0.0968
vn 0.7023 0.7023 0.1161
vn 0.7071 0.7071 0.0002
vn 0.9872 -0.1594 0.0003
vn 0.9823 -0.1603 0.0968
vn 0.7023 -0.7023 0.1161
vn 0.7071 -0.7071 0.0002
vn -0.7023 0.7023 0.1161
vn -0.7071 0.7071 0.0002
vn -0.1612 -0.9868 -0.0178
vn 0.0000 -0.9999 -0.0165
vn 0.0000 -1.0000 0.0003
vn 0.1612 -0.9868 -0.0178
vn 0.1594 -0.9872 0.0003
vn -0.0000 1.0000 0.0003
vn -0.0000 0.9999 -0.0165
vn -0.1612 0.9868 -0.0178
vn -0.1594 0.9872 0.0003
vn 0.1612 0.9868 -0.0178
vn 0.9868 -0.1612 -0.0178
vn 0.9999 0.0000 -0.0165
vn 1.0000 -0.0000 0.0003
vn 0.9868 0.1612 -0.0178
vn 0.9872 0.1594 0.0003
vn 0.7069 -0.7069 -0.0214
vn -0.7069 0.7069 -0.0214
vn 0.7069 0.7069 -0.0214
vn -0.9868 -0.1612 -0.0178
vn -0.7069 -0.7069 -0.0214
vn -0.9265 -0.1507 -0.3447
vn -0.9863 -0.1593 0.0432
vn -0.9989 0.0000 0.0460
vn -0.9436 -0.0000 -0.3310
vn -0.9863 0.1593 0.0432
vn -0.9265 0.1508 -0.3447
vn -0.1593 -0.9863 0.0432
vn -0.7066 -0.7066 0.0392
vn -0.6497 -0.6497 -0.3948
vn -0.1507 -0.9265 -0.3447
vn 0.1593 0.9863 0.0432
vn 0.7066 0.7066 0.0392
vn 0.6496 0.6497 -0.3948
vn 0.1507 0.9265 -0.3447
vn 0.9863 -0.1593 0.0432
vn 0.7066 -0.7066 0.0392
vn 0.6497 -0.6496 -0.3948
vn 0.9265 -0.1507 -0.3447
vn -0.7066 0.7066 0.0392
vn -0.6497 0.6496 -0.3948
vn -0.1530 -0.9409 0.3022
vn 0.0000 -0.9567 0.2910
vn 0.0000 -0.9436 -0.3310
vn 0.1530 -0.9409 0.3022
vn 0.1507 -0.9265 -0.3447
vn 0.0000 0.9567 0.2910
vn -0.1530 0.9409 0.3022
vn -0.1507 0.9265 -0.3447
vn 0.0000 0.9436 -0.3310
vn 0.1530 0.9409 0.3022
vn 0.9409 -0.1530 0.3022
vn 0.9567 -0.0000 0.2910
vn 0.9436 -0.0000 -0.3310
vn 0.9409 0.1530 0.3022
vn 0.9265 0.1507 -0.3447
vn 0.6635 -0.6635 0.3458
vn -0.6635 0.6635 0.3458
vn 0.6635 0.6635 0.3458
vn -0.9409 -0.1530 0.3022
vn -0.6635 -0.6635 0.3458
vn -0.9567 0.0000 0.2910
vn -0.9409 0.1530 0.3022
vn -0.1595 -0.9866 0.0345
vn 0.0000 -0.9993 0.0361
vn 0.1595 -0.9866 0.0345
vn 0.0000 0.9993 0.0362
vn -0.1595 0.9866 0.0345
vn 0.1595 0.9866 0.0345
vn 0.9866 -0.1595 0.0345
vn 0.9993 -0.0000 0.0362
vn 0.9866 0.1595 0.0345
vn 0.7067 -0.7067 0.0328
vn -0.7067 0.7067 0.0328
vn 0.7067 0.7067 0.0328
vn -0.9866 -0.1595 0.0345
vn -0.7067 -0.7067 0.0328
vn -0.9817 -0.1601 0.1032
vn -0.9953 0.0000 0.0966
vn -1.0000 0.0000 0.0052
vn -0.9872 -0.1594 0.0049
vn -0.9817 0.1601 0.1032
vn -0.9872 0.1594 0.0049
vn -0.1594 -0.9872 0.0049
vn -0.1601 -0.9817 0.1032
vn -0.7017 -0.7017 0.1231
vn -0.7071 -0.7071 0.0044
vn 0.1594 0.9872 0.0049
vn 0.1601 0.9817 0.1032
vn 0.7017 0.7017 0.1231
vn 0.7071 0.7071 0.0045
vn 0.9872 -0.1594 0.0049
vn 0.9817 -0.1601 0.1032
vn 0.7017 -0.7017 0.1231
vn 0.7071 -0.7071 0.0045
vn -0.7017 0.7017 0.1231
vn -0.7071 0.7071 0.0045
vn -0.1609 -0.9854 0.0564
vn 0.0000 -0.9986 0.0523
vn 0.0000 -1.0000 0.0052
vn 0.1609 -0.9854 0.0564
vn 0.1594 -0.9872 0.0049
vn -0.0000 1.0000 0.0052
vn 0.0000 0.9986 0.0523
vn -0.1609 0.9854 0.0564
vn -0.1594 0.9872 0.0049
vn 0.1609 0.9854 0.0565
vn 0.9854 -0.1609 0.0564
vn 0.9986 -0.0000 0.0523
vn 1.0000 0.0000 0.0052
vn 0.9854 0.1609 0.0564
vn 0.9872 0.1594 0.0049
vn 0.7055 -0.7055 0.0679
vn -0.7055 0.7055 0.0679
vn 0.7055 0.7055 0.0679
vn -0.9854 -0.1609 0.0565
vn -0.7055 -0.7055 0.0678
vn -0.9412 -0.1531 -0.3013
vn -0.9820 -0.1586 0.1022
vn -0.9941 0.0000 0.1085
vn -0.9570 -0.0000 -0.2901
vn -0.9820 0.1586 0.1022
vn -0.9412 0.1531 -0.3013
vn -0.1586 -0.9820 0.1022
vn -0.7040 -0.7040 0.0933
vn -0.6638 -0.6638 -0.3447
vn -0.1531 -0.9412 -0.3013
vn 0.1586 0.9820 0.1021
vn 0.7040 0.7040 0.0933
vn 0.6638 0.6638 -0.3447
vn 0.1531 0.9412 -0.3013
vn 0.9820 -0.1586 0.1021
vn 0.7040 -0.7040 0.0933
vn 0.6637 -0.6638 -0.3447
vn 0.9412 -0.1531 -0.3012
vn -0.7040 0.7040 0.0933
vn -0.6638 0.6638 -0.3447
vn -0.1537 -0.9452 0.2881
vn 0.0000 -0.9607 0.2777
vn -0.0000 -0.9570 -0.2901
vn 0.1537 -0.9452 0.2881
vn 0.1531 -0.9412 -0.3013
vn 0.0000 0.9607 0.2777
vn -0.1537 0.9452 0.2881
vn -0.1531 0.9412 -0.3013
vn -0.0000 0.9570 -0.2901
vn 0.1537 0.9452 0.2881
vn 0.9452 -0.1537 0.2881
vn 0.9607 -0.0000 0.2777
vn 0.9570 0.0000 -0.2901
vn 0.9452 0.1537 0.2881
vn 0.9412 0.1531 -0.3013
vn 0.6676 -0.6676 0.3295
vn -0.6676 0.6676 0.3295
vn 0.6676 0.6677 0.3294
vn -0.9452 -0.1537 0.2881
vn -0.6676 -0.6676 0.3295
vn -0.9607 -0.0000 0.2777
vn -0.9452 0.1537 0.2881
vn -0.1593 -0.9858 -0.0525
vn -0.0000 -0.9985 -0.0554
vn 0.1593 -0.9858 -0.0525
vn -0.0000 0.9985 -0.0554
vn -0.1593 0.9858 -0.0525
vn 0.1593 0.9858 -0.0526
vn 0.9858 -0.1593 -0.0526
vn 0.9985 0.0000 -0.0554
vn 0.9858 0.1593 -0.0525
vn 0.7063 -0.7063 -0.0491
vn -0.7063 0.7063 -0.0491
vn 0.7063 0.7063 -0.0491
vn -0.9858 -0.1593 -0.0525
vn -0.7063 -0.7063 -0.0491
vn -0.9474 -0.1542 0.2805
vn -0.9633 -0.0000 0.2686
vn -0.9474 0.1542 0.2805
vn -0.1542 -0.9474 0.2805
vn -0.6690 -0.6690 0.3239
vn 0.1542 0.9474 0.2805
vn 0.6690 0.6690 0.3239
vn 0.9474 -0.1542 0.2805
vn 0.6690 -0.6690 0.3239
vn -0.6690 0.6690 0.3239
vn 0.0000 -0.9230 0.3848
vn 0.1480 -0.9132 0.3797
vn -0.1480 0.9132 0.3797
vn 0.0000 0.9230 0.3848
vn 0.9230 -0.0000 0.3848
vn 0.9132 0.1480 0.3797
vn 0.0000 -0.9633 0.2686
vn 0.0000 -0.9382 0.3461
vn -0.1506 -0.9302 0.3348
vn 0.1542 -0.9474 0.2805
vn 0.1506 -0.9302 0.3348
vn 0.0000 0.9633 0.2686
vn -0.1542 0.9474 0.2805
vn -0.1506 0.9302 0.3348
vn 0.0000 0.9382 0.3461
vn 0.1506 0.9302 0.3348
vn 0.9633 -0.0000 0.2686
vn 0.9382 -0.0000 0.3461
vn 0.9302 -0.1506 0.3348
vn 0.9474 0.1542 0.2805
vn 0.9302 0.1506 0.3348
vn 0.6678 -0.6678 0.3289
vn -0.6678 0.6678 0.3289
vn 0.6678 0.6678 0.3289
vn -0.9302 -0.1506 0.3348
vn -0.6678 -0.6678 0.3289
vn -0.9849 -0.1608 0.0634
vn -0.9983 -0.0000 0.0588
vn -0.9382 -0.0000 0.3461
vn -0.9849 0.1608 0.0634
vn -0.9302 0.1506 0.3348
vn -0.1608 -0.9850 0.0634
vn -0.7051 -0.7051 0.0761
vn 0.1608 0.9849 0.0634
vn 0.7051 0.7051 0.0761
vn 0.9849 -0.1608 0.0634
vn 0.7051 -0.7051 0.0761
vn -0.7051 0.7051 0.0761
vn 0.0000 -0.9990 0.0457
vn 0.1595 -0.9862 0.0443
vn -0.0000 0.9990 0.0458
vn -0.1595 0.9862 0.0443
vn 0.9990 0.0000 0.0457
vn 0.9862 0.1595 0.0443
vn -1.0000 0.0000 0.0008
vn -0.9870 0.1608 0.0008
vn -0.0000 -0.9989 -0.0478
vn 0.1607 -0.9857 -0.0508
vn 0.0000 0.9989 -0.0479
vn -0.1607 0.9857 -0.0508
vn 0.9989 -0.0000 -0.0479
vn 0.9857 0.1607 -0.0508
vn -0.9956 0.0000 -0.0939
vn -0.9831 0.1590 -0.0903
vn 0.0000 -0.9868 0.1617
vn 0.1577 -0.9753 0.1548
vn -0.0000 0.9868 0.1618
vn -0.1577 0.9753 0.1548
vn 0.9868 0.0000 0.1618
vn 0.9753 0.1577 0.1548
vn -0.9926 -0.0000 0.1215
vn -0.9787 0.1596 0.1295
vn 0.0000 -0.9959 0.0900
vn 0.1603 -0.9823 0.0968
vn -0.0000 0.9959 0.0900
vn -0.1603 0.9823 0.0968
vn 0.9959 0.0000 0.0900
vn 0.9823 0.1603 0.0968
vn -0.9997 0.0000 0.0258
vn -0.9869 0.1594 0.0244
vn -0.0000 -0.9989 0.0460
vn 0.1593 -0.9863 0.0432
vn -0.0000 0.9989 0.0460
vn -0.1593 0.9863 0.0432
vn 0.9989 -0.0000 0.0460
vn 0.9863 0.1593 0.0432
vn -0.9999 -0.0000 -0.0165
vn -0.9868 0.1612 -0.0178
vn 0.0000 -0.9953 0.0966
vn 0.1601 -0.9817 0.1032
vn 0.0000 0.9953 0.0966
vn -0.1601 0.9817 0.1032
vn 0.9953 -0.0000 0.0966
vn 0.9817 0.1601 0.1032
vn -0.9993 0.0000 0.0362
vn -0.9866 0.1595 0.0345
vn 0.0000 -0.9941 0.1084
vn 0.1586 -0.9820 0.1022
vn 0.0000 0.9941 0.1085
vn -0.1586 0.9820 0.1022
vn 0.9941 -0.0000 0.1084
vn 0.9820 0.1586 0.1022
vn -0.9986 0.0000 0.0523
vn -0.9854 0.1609 0.0565
vn 0.0000 -0.9983 0.0588
vn 0.1608 -0.9849 0.0634
vn 0.0000 0.9983 0.0588
vn -0.1608 0.9849 0.0634
vn 0.9983 -0.0000 0.0588
vn 0.9849 0.1608 0.0634
vn -0.9985 0.0000 -0.0554
vn -0.9858 0.1593 -0.0525
vn 0.2807 0.7964 -0.5357
vn 0.3446 0.9154 -0.2080
vn 0.9465 0.1900 -0.2608
vn 0.9399 0.1081 -0.3239
vn 0.3907 0.8813 0.2659
vn 0.9665 0.2292 -0.1156
vn 0.4121 0.6095 0.6772
vn 0.9851 0.1700 0.0273
vn 0.4179 0.2128 0.8832
vn 0.9932 0.0605 0.0996
vn 0.4179 -0.2128 0.8832
vn 0.9932 -0.0605 0.0996
vn 0.4121 -0.6095 0.6772
vn 0.9851 -0.1700 0.0273
vn 0.3907 -0.8813 0.2659
vn 0.9665 -0.2292 -0.1156
vn 0.3446 -0.9154 -0.2080
vn 0.9465 -0.1900 -0.2608
vn 0.2807 -0.7964 -0.5357
vn 0.9399 -0.1081 -0.3239
vn 0.0000 -0.7200 -0.6939
vn 0.0000 0.4990 -0.8666
vn 0.5263 -0.8479 -0.0647
vn 0.5001 -0.8368 0.2229
vn 0.5304 -0.7325 -0.4267
vn 0.5121 -0.4821 -0.7109
vn 0.4980 -0.1657 -0.8512
vn 0.4980 0.1657 -0.8512
vn 0.5121 0.4821 -0.7109
vn 0.5304 0.7325 -0.4267
vn 0.5263 0.8479 -0.0647
vn 0.5001 0.8368 0.2229
vn -0.0000 0.9730 0.2306
vn 0.0000 -0.2077 -0.9782
vn -0.0000 0.2077 -0.9782
vn 0.0000 -0.6031 -0.7977
vn -0.0000 0.7200 -0.6939
vn 0.0000 -0.4990 -0.8666
vn -0.0000 -0.9730 0.2306
vn 0.0000 0.8562 -0.5166
vn -0.0000 0.9837 -0.1797
vn -0.0000 0.9445 0.3285
vn -0.0000 0.6455 0.7637
vn -0.0000 0.2236 0.9747
vn 0.0000 -0.2236 0.9747
vn -0.0000 -0.6455 0.7637
vn 0.0000 -0.9445 0.3285
vn 0.0000 -0.9837 -0.1797
vn 0.0000 -0.8562 -0.5166
vn -0.0000 0.9334 0.3588
vn 0.0000 0.9998 0.0201
vn -0.0000 0.9023 -0.4311
vn -0.0000 0.6031 -0.7977
vn 0.0000 -0.9023 -0.4311
vn 0.0000 -0.9998 0.0201
vn -0.0000 -0.9334 0.3588
vn -0.2807 0.7964 -0.5357
vn -0.9399 0.1081 -0.3239
vn -0.9465 0.1900 -0.2608
vn -0.3446 0.9154 -0.2080
vn -0.9665 0.2292 -0.1156
vn -0.3907 0.8813 0.2659
vn -0.9851 0.1700 0.0273
vn -0.4121 0.6095 0.6772
vn -0.9932 0.0605 0.0996
vn -0.4179 0.2128 0.8832
vn -0.9932 -0.0605 0.0996
vn -0.4179 -0.2128 0.8832
vn -0.9851 -0.1700 0.0273
vn -0.4121 -0.6095 0.6772
vn -0.9665 -0.2292 -0.1156
vn -0.3907 -0.8813 0.2659
vn -0.9465 -0.1900 -0.2608
vn -0.3446 -0.9154 -0.2080
vn -0.9399 -0.1081 -0.3239
vn -0.2807 -0.7964 -0.5357
vn -0.5001 -0.8368 0.2229
vn -0.5263 -0.8479 -0.0647
vn -0.5304 -0.7325 -0.4267
vn -0.5121 -0.4821 -0.7109
vn -0.4980 -0.1657 -0.8512
vn -0.4980 0.1657 -0.8512
vn -0.5121 0.4821 -0.7109
vn -0.5304 0.7325 -0.4267
vn -0.5263 0.8479 -0.0647
vn -0.5001 0.8368 0.2229
vn -0.7984 0.3179 -0.5113
vn -0.8982 0.4171 -0.1388
vn -0.2306 0.9466 -0.2254
vn -0.1670 0.9332 -0.3182
vn -0.8079 0.4700 0.3556
vn -0.2151 0.9743 -0.0667
vn -0.5129 0.4943 0.7018
vn -0.1379 0.9895 0.0441
vn -0.1731 0.5015 0.8477
vn -0.0470 0.9947 0.0913
vn 0.1731 0.5015 0.8477
vn 0.0470 0.9947 0.0913
vn 0.5129 0.4943 0.7018
vn 0.1379 0.9895 0.0441
vn 0.8079 0.4700 0.3556
vn 0.2151 0.9743 -0.0667
vn 0.8982 0.4171 -0.1388
vn 0.2306 0.9466 -0.2254
vn 0.7984 0.3179 -0.5113
vn 0.1670 0.9332 -0.3182
vn 0.7282 0.0000 -0.6854
vn -0.4918 -0.0000 -0.8707
vn 0.7443 0.6487 -0.1588
vn 0.7921 0.5838 0.1780
vn 0.5861 0.6441 -0.4916
vn 0.3586 0.6181 -0.6995
vn 0.1191 0.6055 -0.7869
vn -0.1191 0.6055 -0.7869
vn -0.3586 0.6181 -0.6995
vn -0.5861 0.6441 -0.4916
vn -0.7443 0.6487 -0.1588
vn -0.7921 0.5838 0.1780
vn -0.9764 0.0000 0.2159
vn 0.1721 -0.0000 -0.9851
vn -0.1721 0.0000 -0.9851
vn 0.5192 -0.0000 -0.8546
vn -0.7282 -0.0000 -0.6854
vn 0.4918 0.0000 -0.8707
vn 0.9764 0.0000 0.2159
vn -0.8643 -0.0000 -0.5030
vn -0.9943 -0.0000 -0.1071
vn -0.8927 -0.0000 0.4506
vn -0.5592 0.0000 0.8290
vn -0.1878 -0.0000 0.9822
vn 0.1878 0.0000 0.9822
vn 0.5592 -0.0000 0.8290
vn 0.8927 -0.0000 0.4506
vn 0.9943 0.0000 -0.1071
vn 0.8643 -0.0000 -0.5030
vn -0.9381 0.0000 0.3463
vn -0.9985 -0.0000 -0.0548
vn -0.8422 -0.0000 -0.5392
vn -0.5192 0.0000 -0.8546
vn 0.8422 -0.0000 -0.5392
vn 0.9985 -0.0000 -0.0548
vn 0.9381 -0.0000 0.3463
vn -0.7984 -0.3179 -0.5113
vn -0.1670 -0.9332 -0.3182
vn -0.2306 -0.9466 -0.2254
vn -0.8982 -0.4171 -0.1388
vn -0.2151 -0.9743 -0.0667
vn -0.8079 -0.4700 0.3556
vn -0.1379 -0.9895 0.0441
vn -0.5129 -0.4943 0.7018
vn -0.0470 -0.9947 0.0913
vn -0.1731 -0.5015 0.8477
vn 0.0470 -0.9947 0.0913
vn 0.1731 -0.5015 0.8477
vn 0.1379 -0.9895 0.0441
vn 0.5129 -0.4943 0.7018
vn 0.2151 -0.9743 -0.0667
vn 0.8079 -0.4700 0.3556
vn 0.2306 -0.9466 -0.2254
vn 0.8982 -0.4171 -0.1388
vn 0.1670 -0.9332 -0.3182
vn 0.7984 -0.3179 -0.5113
vn 0.7921 -0.5838 0.1780
vn 0.7443 -0.6487 -0.1588
vn 0.5861 -0.6441 -0.4916
vn 0.3586 -0.6181 -0.6995
vn 0.1191 -0.6055 -0.7869
vn -0.1191 -0.6055 -0.7869
vn -0.3586 -0.6181 -0.6995
vn -0.5861 -0.6441 -0.4916
vn -0.7443 -0.6487 -0.1588
vn -0.7921 -0.5838 0.1780
vn -0.2068 -0.4934 0.8449
vn -0.3234 -0.7844 0.5293
vn 0.0000 -0.7144 0.6998
vn 0.0000 -0.4687 0.8834
vn 0.3234 -0.7844 0.5293
vn 0.2068 -0.4934 0.8448
vn -0.3048 -0.8837 -0.3552
vn 0.0000 -0.8965 -0.4430
vn 0.0000 -0.8762 0.4819
vn -0.3056 -0.8648 0.3983
vn 0.3048 -0.8837 -0.3552
vn 0.3056 -0.8648 0.3983
vn -0.1970 -0.4696 -0.8607
vn -0.0002 -0.4445 -0.8958
vn 0.0000 -0.6902 -0.7237
vn -0.3277 -0.7943 -0.5116
vn 0.1969 -0.4690 -0.8610
vn 0.3277 -0.7943 -0.5116
vn -0.2068 0.4934 0.8449
vn 0.0000 0.4687 0.8834
vn -0.0000 0.7144 0.6998
vn -0.3234 0.7844 0.5293
vn 0.2068 0.4934 0.8448
vn 0.3234 0.7844 0.5293
vn 0.0000 0.8762 0.4819
vn 0.0000 0.8965 -0.4430
vn -0.3048 0.8837 -0.3552
vn -0.3056 0.8648 0.3983
vn 0.3056 0.8648 0.3983
vn 0.3048 0.8837 -0.3552
vn 0.0000 0.6902 -0.7237
vn 0.0000 0.4445 -0.8958
vn -0.1969 0.4690 -0.8610
vn -0.3277 0.7943 -0.5116
vn 0.3277 0.7943 -0.5116
vn 0.1969 0.4690 -0.8610
vn -0.3406 -0.3406 0.8764
vn -0.4934 -0.2068 0.8449
vn -0.4687 0.0000 0.8834
vn 0.3346 -0.3346 0.8810
vn 0.4687 0.0000 0.8834
vn 0.4934 -0.2068 0.8448
vn -0.3375 0.3375 0.8787
vn -0.4934 0.2068 0.8448
vn 0.4934 0.2068 0.8448
vn 0.3346 0.3346 0.8810
vn 0.7844 -0.3234 0.5293
vn 0.7144 -0.0000 0.6998
vn 0.8837 -0.3048 -0.3552
vn 0.8965 0.0000 -0.4430
vn 0.8762 -0.0000 0.4819
vn 0.8648 -0.3056 0.3983
vn 0.4690 -0.1969 -0.8610
vn 0.4445 0.0000 -0.8958
vn 0.6902 -0.0000 -0.7237
vn 0.7943 -0.3277 -0.5116
vn 0.7844 0.3234 0.5293
vn 0.8837 0.3048 -0.3552
vn 0.8648 0.3056 0.3983
vn 0.4690 0.1969 -0.8610
vn 0.7943 0.3277 -0.5116
vn 0.3176 -0.3176 -0.8934
vn -0.1061 -0.1063 -0.9887
vn -0.4692 -0.1968 -0.8609
vn -0.4445 0.0000 -0.8958
vn 0.3176 0.3176 -0.8934
vn -0.4690 0.1969 -0.8610
vn -0.3176 0.3176 -0.8934
vn -0.7943 -0.3277 -0.5116
vn -0.6902 0.0000 -0.7237
vn -0.8648 -0.3056 0.3983
vn -0.8762 0.0000 0.4819
vn -0.8965 0.0000 -0.4430
vn -0.8837 -0.3048 -0.3552
vn -0.7144 0.0000 0.6998
vn -0.7844 -0.3234 0.5293
vn -0.7943 0.3277 -0.5116
vn -0.8648 0.3056 0.3983
vn -0.8837 0.3048 -0.3552
vn -0.7844 0.3234 0.5293
vn -0.5076 -0.5076 0.6961
vn 0.5076 -0.5076 0.6961
vn -0.3952 -0.8279 0.3981
vn -0.6199 -0.6199 0.4812
vn -0.6338 -0.6338 -0.4434
vn -0.4085 -0.8408 -0.3552
vn 0.4085 -0.8408 -0.3552
vn 0.6338 -0.6338 -0.4434
vn 0.6199 -0.6199 0.4812
vn 0.3952 -0.8279 0.3981
vn -0.4905 -0.4905 -0.7202
vn 0.4905 -0.4905 -0.7202
vn -0.5076 0.5076 0.6961
vn 0.5076 0.5076 0.6961
vn -0.4085 0.8408 -0.3552
vn -0.6338 0.6338 -0.4434
vn -0.6199 0.6199 0.4812
vn -0.3952 0.8279 0.3981
vn 0.3952 0.8279 0.3981
vn 0.6199 0.6199 0.4811
vn 0.6338 0.6338 -0.4434
vn 0.4085 0.8408 -0.3552
vn -0.4905 0.4905 -0.7202
vn 0.4905 0.4905 -0.7202
vn 0.8279 -0.3952 0.3981
vn 0.8408 -0.4085 -0.3552
vn 0.8408 0.4085 -0.3552
vn 0.8279 0.3952 0.3981
vn -0.8408 -0.4085 -0.3552
vn -0.8279 -0.3952 0.3981
vn -0.8279 0.3952 0.3981
vn -0.8408 0.4085 -0.3552
# 820 vertex normals

vt 0.0844 0.0941 0.0000
vt 0.0823 0.0941 0.0000
vt 0.0821 0.0720 0.0000
vt 0.0825 0.0720 0.0000
vt 0.0803 0.0941 0.0000
vt 0.0816 0.0720 0.0000
vt 0.0428 0.0720 0.0000
vt 0.0430 0.0941 0.0000
vt 0.0409 0.0941 0.0000
vt 0.0423 0.0720 0.0000
vt 0.0432 0.0720 0.0000
vt 0.0451 0.0941 0.0000
vt 0.1848 0.1733 0.0000
vt 0.1834 0.1743 0.0000
vt 0.1831 0.1744 0.0000
vt 0.1823 0.1720 0.0000
vt 0.1847 0.1712 0.0000
vt 0.1848 0.1716 0.0000
vt 0.1827 0.1746 0.0000
vt 0.1810 0.1746 0.0000
vt 0.1800 0.1732 0.0000
vt 0.1799 0.1728 0.0000
vt 0.1815 0.1696 0.0000
vt 0.1818 0.1695 0.0000
vt 0.1836 0.1695 0.0000
vt 0.1846 0.1709 0.0000
vt 0.1798 0.1725 0.0000
vt 0.1798 0.1708 0.0000
vt 0.1811 0.1697 0.0000
vt 0.0263 0.0170 0.0000
vt 0.0263 0.0190 0.0000
vt 0.0042 0.0193 0.0000
vt 0.0042 0.0188 0.0000
vt 0.0263 0.0211 0.0000
vt 0.0042 0.0197 0.0000
vt 0.2631 0.3935 0.0000
vt 0.2581 0.3973 0.0000
vt 0.2568 0.3977 0.0000
vt 0.2538 0.3889 0.0000
vt 0.2627 0.3859 0.0000
vt 0.2631 0.3872 0.0000
vt 0.2555 0.3982 0.0000
vt 0.2491 0.3982 0.0000
vt 0.2454 0.3931 0.0000
vt 0.2449 0.3918 0.0000
vt 0.2508 0.3800 0.0000
vt 0.2522 0.3795 0.0000
vt 0.2585 0.3795 0.0000
vt 0.2623 0.3846 0.0000
vt 0.2445 0.3905 0.0000
vt 0.2445 0.3842 0.0000
vt 0.2495 0.3804 0.0000
vt 0.0181 0.0513 0.0000
vt 0.0181 0.0535 0.0000
vt 0.0039 0.0535 0.0000
vt 0.0039 0.0508 0.0000
vt 0.0181 0.0558 0.0000
vt 0.0039 0.0562 0.0000
vt 0.0853 0.9961 0.0000
vt 0.0849 0.9819 0.0000
vt 0.0953 0.9810 0.0000
vt 0.0974 0.9953 0.0000
vt 0.0706 0.0935 0.0000
vt 0.0797 0.0717 0.0000
vt 0.0313 0.0935 0.0000
vt 0.0404 0.0717 0.0000
vt 0.0460 0.9961 0.0000
vt 0.0456 0.9819 0.0000
vt 0.0560 0.9810 0.0000
vt 0.0581 0.9953 0.0000
vt 0.9283 0.0161 0.0000
vt 0.9141 0.0165 0.0000
vt 0.9132 0.0060 0.0000
vt 0.9275 0.0039 0.0000
vt 0.0257 0.0307 0.0000
vt 0.0039 0.0217 0.0000
vt 0.9059 0.0512 0.0000
vt 0.9065 0.0416 0.0000
vt 0.9283 0.0506 0.0000
vt 0.9280 0.0526 0.0000
vt 0.0190 0.0663 0.0000
vt 0.0047 0.0684 0.0000
vt 0.1832 0.1748 0.0000
vt 0.1836 0.1746 0.0000
vt 0.1828 0.1749 0.0000
vt 0.1809 0.1749 0.0000
vt 0.1797 0.1734 0.0000
vt 0.1796 0.1729 0.0000
vt 0.1794 0.1725 0.0000
vt 0.1794 0.1706 0.0000
vt 0.1810 0.1694 0.0000
vt 0.1814 0.1693 0.0000
vt 0.1818 0.1692 0.0000
vt 0.1837 0.1692 0.0000
vt 0.1849 0.1707 0.0000
vt 0.1850 0.1711 0.0000
vt 0.1852 0.1715 0.0000
vt 0.1852 0.1735 0.0000
vt 0.2595 0.4060 0.0000
vt 0.2570 0.4068 0.0000
vt 0.2448 0.4068 0.0000
vt 0.2375 0.3971 0.0000
vt 0.2367 0.3946 0.0000
vt 0.2358 0.3920 0.0000
vt 0.2358 0.3799 0.0000
vt 0.2455 0.3726 0.0000
vt 0.2481 0.3717 0.0000
vt 0.2507 0.3709 0.0000
vt 0.2628 0.3709 0.0000
vt 0.2701 0.3806 0.0000
vt 0.2709 0.3832 0.0000
vt 0.2718 0.3857 0.0000
vt 0.2718 0.3978 0.0000
vt 0.2621 0.4051 0.0000
vt 0.0840 0.1031 0.0000
vt 0.0824 0.1031 0.0000
vt 0.0807 0.1031 0.0000
vt 0.0430 0.1031 0.0000
vt 0.0414 0.1031 0.0000
vt 0.0447 0.1031 0.0000
vt 0.0353 0.0173 0.0000
vt 0.0353 0.0190 0.0000
vt 0.0353 0.0207 0.0000
vt 0.9280 0.0530 0.0000
vt 0.9059 0.0533 0.0000
vt 0.9280 0.0535 0.0000
vt 0.9059 0.0553 0.0000
vt 0.0844 0.0717 0.0000
vt 0.0940 0.0933 0.0000
vt 0.0735 0.1032 0.0000
vt 0.0342 0.1032 0.0000
vt 0.0451 0.0717 0.0000
vt 0.0546 0.0933 0.0000
vt 0.0039 0.0169 0.0000
vt 0.0254 0.0074 0.0000
vt 0.0354 0.0278 0.0000
vt 0.8969 0.0516 0.0000
vt 0.8968 0.0445 0.0000
vt 0.9283 0.0554 0.0000
vt 0.9067 0.0649 0.0000
vt 0.8947 0.0517 0.0000
vt 0.8957 0.0517 0.0000
vt 0.8957 0.0533 0.0000
vt 0.8947 0.0533 0.0000
vt 0.8957 0.0549 0.0000
vt 0.8947 0.0549 0.0000
vt 0.0840 0.1042 0.0000
vt 0.0914 0.1043 0.0000
vt 0.0911 0.1054 0.0000
vt 0.0840 0.1053 0.0000
vt 0.0446 0.1042 0.0000
vt 0.0521 0.1043 0.0000
vt 0.0518 0.1054 0.0000
vt 0.0447 0.1053 0.0000
vt 0.0364 0.0174 0.0000
vt 0.0365 0.0099 0.0000
vt 0.0375 0.0102 0.0000
vt 0.0375 0.0174 0.0000
vt 0.8957 0.0624 0.0000
vt 0.8946 0.0621 0.0000
vt 0.0841 0.1743 0.0000
vt 0.0825 0.1743 0.0000
vt 0.0824 0.1053 0.0000
vt 0.0809 0.1743 0.0000
vt 0.0808 0.1053 0.0000
vt 0.0432 0.1743 0.0000
vt 0.0416 0.1743 0.0000
vt 0.0415 0.1053 0.0000
vt 0.0431 0.1053 0.0000
vt 0.0448 0.1743 0.0000
vt 0.1065 0.0173 0.0000
vt 0.1065 0.0189 0.0000
vt 0.0375 0.0190 0.0000
vt 0.1065 0.0205 0.0000
vt 0.0375 0.0206 0.0000
vt 0.0737 0.1743 0.0000
vt 0.0736 0.1054 0.0000
vt 0.0344 0.1743 0.0000
vt 0.0343 0.1054 0.0000
vt 0.1065 0.0276 0.0000
vt 0.0376 0.0277 0.0000
vt 0.8256 0.0518 0.0000
vt 0.8257 0.0447 0.0000
vt 0.8946 0.0446 0.0000
vt 0.8257 0.0534 0.0000
vt 0.8257 0.0550 0.0000
vt 0.0912 0.1743 0.0000
vt 0.0519 0.1743 0.0000
vt 0.1065 0.0101 0.0000
vt 0.8257 0.0622 0.0000
vt 0.0841 0.1755 0.0000
vt 0.0825 0.1755 0.0000
vt 0.0809 0.1755 0.0000
vt 0.0432 0.1755 0.0000
vt 0.0416 0.1755 0.0000
vt 0.0447 0.1755 0.0000
vt 0.1077 0.0173 0.0000
vt 0.1077 0.0189 0.0000
vt 0.1077 0.0204 0.0000
vt 0.0734 0.1754 0.0000
vt 0.0341 0.1754 0.0000
vt 0.1076 0.0279 0.0000
vt 0.8245 0.0519 0.0000
vt 0.8246 0.0444 0.0000
vt 0.8234 0.0518 0.0000
vt 0.8234 0.0534 0.0000
vt 0.8145 0.0535 0.0000
vt 0.8145 0.0515 0.0000
vt 0.8234 0.0551 0.0000
vt 0.8145 0.0555 0.0000
vt 0.0846 0.1855 0.0000
vt 0.0841 0.1766 0.0000
vt 0.0913 0.1764 0.0000
vt 0.0941 0.1854 0.0000
vt 0.0452 0.1855 0.0000
vt 0.0448 0.1766 0.0000
vt 0.0520 0.1764 0.0000
vt 0.0548 0.1854 0.0000
vt 0.1177 0.0168 0.0000
vt 0.1087 0.0172 0.0000
vt 0.1086 0.0101 0.0000
vt 0.1176 0.0073 0.0000
vt 0.8236 0.0622 0.0000
vt 0.8146 0.0650 0.0000
vt 0.0842 0.1955 0.0000
vt 0.0826 0.1956 0.0000
vt 0.0825 0.1855 0.0000
vt 0.0810 0.1956 0.0000
vt 0.0805 0.1855 0.0000
vt 0.0432 0.1855 0.0000
vt 0.0433 0.1956 0.0000
vt 0.0417 0.1956 0.0000
vt 0.0412 0.1855 0.0000
vt 0.0449 0.1955 0.0000
vt 0.1277 0.0171 0.0000
vt 0.1277 0.0188 0.0000
vt 0.1177 0.0188 0.0000
vt 0.1277 0.0204 0.0000
vt 0.1177 0.0208 0.0000
vt 0.0740 0.1957 0.0000
vt 0.0710 0.1857 0.0000
vt 0.0347 0.1957 0.0000
vt 0.0317 0.1857 0.0000
vt 0.1279 0.0274 0.0000
vt 0.1178 0.0304 0.0000
vt 0.8044 0.0519 0.0000
vt 0.8043 0.0449 0.0000
vt 0.8143 0.0419 0.0000
vt 0.8028 0.0520 0.0000
vt 0.8035 0.0520 0.0000
vt 0.8035 0.0535 0.0000
vt 0.8028 0.0535 0.0000
vt 0.8035 0.0551 0.0000
vt 0.8028 0.0551 0.0000
vt 0.0842 0.1965 0.0000
vt 0.0915 0.1966 0.0000
vt 0.0913 0.1972 0.0000
vt 0.0842 0.1972 0.0000
vt 0.0448 0.1965 0.0000
vt 0.0522 0.1966 0.0000
vt 0.0520 0.1972 0.0000
vt 0.0449 0.1972 0.0000
vt 0.1287 0.0172 0.0000
vt 0.1288 0.0099 0.0000
vt 0.1294 0.0100 0.0000
vt 0.1293 0.0172 0.0000
vt 0.8034 0.0624 0.0000
vt 0.8028 0.0623 0.0000
vt 0.0843 0.3807 0.0000
vt 0.0827 0.3807 0.0000
vt 0.0826 0.1972 0.0000
vt 0.0811 0.3807 0.0000
vt 0.0810 0.1972 0.0000
vt 0.0434 0.3807 0.0000
vt 0.0418 0.3807 0.0000
vt 0.0417 0.1972 0.0000
vt 0.0433 0.1972 0.0000
vt 0.0449 0.3807 0.0000
vt 0.3129 0.0171 0.0000
vt 0.3129 0.0187 0.0000
vt 0.1293 0.0188 0.0000
vt 0.3129 0.0203 0.0000
vt 0.1293 0.0203 0.0000
vt 0.0739 0.3807 0.0000
vt 0.0739 0.1972 0.0000
vt 0.0346 0.3807 0.0000
vt 0.0346 0.1972 0.0000
vt 0.3128 0.0274 0.0000
vt 0.1294 0.0275 0.0000
vt 0.6193 0.0520 0.0000
vt 0.6193 0.0449 0.0000
vt 0.8028 0.0448 0.0000
vt 0.6193 0.0536 0.0000
vt 0.6193 0.0552 0.0000
vt 0.0914 0.3806 0.0000
vt 0.0521 0.3806 0.0000
vt 0.3128 0.0099 0.0000
vt 0.6194 0.0623 0.0000
vt 0.0843 0.3814 0.0000
vt 0.0827 0.3814 0.0000
vt 0.0811 0.3814 0.0000
vt 0.0434 0.3814 0.0000
vt 0.0418 0.3814 0.0000
vt 0.0449 0.3814 0.0000
vt 0.3136 0.0171 0.0000
vt 0.3136 0.0187 0.0000
vt 0.3136 0.0202 0.0000
vt 0.0736 0.3814 0.0000
vt 0.0343 0.3814 0.0000
vt 0.3136 0.0277 0.0000
vt 0.6186 0.0520 0.0000
vt 0.6186 0.0446 0.0000
vt 0.6178 0.0519 0.0000
vt 0.6178 0.0536 0.0000
vt 0.6123 0.0536 0.0000
vt 0.6123 0.0518 0.0000
vt 0.6178 0.0553 0.0000
vt 0.6123 0.0555 0.0000
vt 0.0846 0.3877 0.0000
vt 0.0844 0.3822 0.0000
vt 0.0915 0.3821 0.0000
vt 0.0939 0.3876 0.0000
vt 0.0452 0.3877 0.0000
vt 0.0450 0.3822 0.0000
vt 0.0522 0.3821 0.0000
vt 0.0546 0.3876 0.0000
vt 0.3199 0.0168 0.0000
vt 0.3144 0.0170 0.0000
vt 0.3143 0.0098 0.0000
vt 0.3198 0.0075 0.0000
vt 0.6179 0.0625 0.0000
vt 0.6124 0.0648 0.0000
vt 0.0844 0.3933 0.0000
vt 0.0827 0.3933 0.0000
vt 0.0827 0.3877 0.0000
vt 0.0811 0.3933 0.0000
vt 0.0809 0.3877 0.0000
vt 0.0434 0.3877 0.0000
vt 0.0434 0.3933 0.0000
vt 0.0417 0.3933 0.0000
vt 0.0415 0.3877 0.0000
vt 0.0451 0.3933 0.0000
vt 0.3255 0.0170 0.0000
vt 0.3255 0.0186 0.0000
vt 0.3199 0.0186 0.0000
vt 0.3255 0.0203 0.0000
vt 0.3199 0.0205 0.0000
vt 0.0739 0.3934 0.0000
vt 0.0715 0.3878 0.0000
vt 0.0346 0.3934 0.0000
vt 0.0322 0.3878 0.0000
vt 0.3256 0.0274 0.0000
vt 0.3200 0.0298 0.0000
vt 0.6067 0.0520 0.0000
vt 0.6066 0.0449 0.0000
vt 0.6122 0.0425 0.0000
vt 0.6052 0.0521 0.0000
vt 0.6059 0.0521 0.0000
vt 0.6060 0.0537 0.0000
vt 0.6052 0.0537 0.0000
vt 0.6060 0.0552 0.0000
vt 0.6052 0.0553 0.0000
vt 0.0843 0.3940 0.0000
vt 0.0917 0.3941 0.0000
vt 0.0915 0.3948 0.0000
vt 0.0843 0.3948 0.0000
vt 0.0450 0.3940 0.0000
vt 0.0524 0.3941 0.0000
vt 0.0521 0.3948 0.0000
vt 0.0450 0.3948 0.0000
vt 0.3262 0.0170 0.0000
vt 0.3263 0.0096 0.0000
vt 0.3270 0.0099 0.0000
vt 0.3270 0.0170 0.0000
vt 0.6059 0.0627 0.0000
vt 0.6052 0.0624 0.0000
vt 0.0842 0.9292 0.0000
vt 0.0826 0.9292 0.0000
vt 0.0827 0.3948 0.0000
vt 0.0810 0.9292 0.0000
vt 0.0811 0.3948 0.0000
vt 0.0433 0.9292 0.0000
vt 0.0417 0.9292 0.0000
vt 0.0418 0.3948 0.0000
vt 0.0434 0.3948 0.0000
vt 0.0449 0.9292 0.0000
vt 0.8613 0.0172 0.0000
vt 0.8613 0.0188 0.0000
vt 0.3270 0.0186 0.0000
vt 0.8613 0.0203 0.0000
vt 0.3270 0.0202 0.0000
vt 0.0739 0.9291 0.0000
vt 0.0740 0.3948 0.0000
vt 0.0346 0.9291 0.0000
vt 0.0347 0.3948 0.0000
vt 0.8613 0.0275 0.0000
vt 0.3270 0.0273 0.0000
vt 0.0708 0.0520 0.0000
vt 0.0709 0.0448 0.0000
vt 0.6052 0.0449 0.0000
vt 0.0708 0.0535 0.0000
vt 0.0708 0.0551 0.0000
vt 0.0913 0.9291 0.0000
vt 0.0520 0.9291 0.0000
vt 0.8613 0.0100 0.0000
vt 0.0709 0.0623 0.0000
vt 0.0842 0.9298 0.0000
vt 0.0826 0.9298 0.0000
vt 0.0810 0.9298 0.0000
vt 0.0433 0.9298 0.0000
vt 0.0417 0.9298 0.0000
vt 0.0449 0.9298 0.0000
vt 0.8620 0.0172 0.0000
vt 0.8620 0.0188 0.0000
vt 0.8620 0.0203 0.0000
vt 0.0736 0.9298 0.0000
vt 0.0343 0.9298 0.0000
vt 0.8620 0.0277 0.0000
vt 0.0702 0.0520 0.0000
vt 0.0702 0.0446 0.0000
vt 0.0693 0.0519 0.0000
vt 0.0693 0.0535 0.0000
vt 0.0631 0.0536 0.0000
vt 0.0632 0.0517 0.0000
vt 0.0693 0.0552 0.0000
vt 0.0631 0.0555 0.0000
vt 0.0845 0.9369 0.0000
vt 0.0843 0.9307 0.0000
vt 0.0914 0.9306 0.0000
vt 0.0939 0.9368 0.0000
vt 0.0452 0.9369 0.0000
vt 0.0450 0.9307 0.0000
vt 0.0521 0.9306 0.0000
vt 0.0546 0.9368 0.0000
vt 0.8691 0.0168 0.0000
vt 0.8629 0.0171 0.0000
vt 0.8628 0.0099 0.0000
vt 0.8690 0.0074 0.0000
vt 0.0694 0.0624 0.0000
vt 0.0632 0.0648 0.0000
vt 0.0843 0.9434 0.0000
vt 0.0826 0.9434 0.0000
vt 0.0826 0.9369 0.0000
vt 0.0810 0.9434 0.0000
vt 0.0807 0.9368 0.0000
vt 0.0433 0.9369 0.0000
vt 0.0433 0.9434 0.0000
vt 0.0417 0.9434 0.0000
vt 0.0414 0.9368 0.0000
vt 0.0450 0.9434 0.0000
vt 0.8756 0.0170 0.0000
vt 0.8756 0.0187 0.0000
vt 0.8691 0.0187 0.0000
vt 0.8756 0.0204 0.0000
vt 0.8690 0.0206 0.0000
vt 0.0739 0.9435 0.0000
vt 0.0713 0.9370 0.0000
vt 0.0346 0.9435 0.0000
vt 0.0320 0.9370 0.0000
vt 0.8757 0.0274 0.0000
vt 0.8692 0.0300 0.0000
vt 0.0566 0.0519 0.0000
vt 0.0565 0.0449 0.0000
vt 0.0630 0.0423 0.0000
vt 0.0553 0.0520 0.0000
vt 0.0559 0.0520 0.0000
vt 0.0559 0.0536 0.0000
vt 0.0553 0.0536 0.0000
vt 0.0559 0.0552 0.0000
vt 0.0553 0.0552 0.0000
vt 0.0842 0.9441 0.0000
vt 0.0916 0.9443 0.0000
vt 0.0914 0.9448 0.0000
vt 0.0842 0.9447 0.0000
vt 0.0449 0.9441 0.0000
vt 0.0523 0.9443 0.0000
vt 0.0521 0.9448 0.0000
vt 0.0449 0.9447 0.0000
vt 0.8763 0.0171 0.0000
vt 0.8765 0.0097 0.0000
vt 0.8770 0.0099 0.0000
vt 0.8769 0.0171 0.0000
vt 0.0557 0.0626 0.0000
vt 0.0552 0.0624 0.0000
vt 0.0842 0.9676 0.0000
vt 0.0826 0.9676 0.0000
vt 0.0826 0.9447 0.0000
vt 0.0810 0.9676 0.0000
vt 0.0810 0.9447 0.0000
vt 0.0433 0.9676 0.0000
vt 0.0417 0.9676 0.0000
vt 0.0417 0.9447 0.0000
vt 0.0433 0.9447 0.0000
vt 0.0449 0.9676 0.0000
vt 0.8998 0.0171 0.0000
vt 0.8998 0.0187 0.0000
vt 0.8769 0.0187 0.0000
vt 0.8998 0.0203 0.0000
vt 0.8769 0.0203 0.0000
vt 0.0738 0.9674 0.0000
vt 0.0739 0.9448 0.0000
vt 0.0345 0.9674 0.0000
vt 0.0346 0.9448 0.0000
vt 0.8996 0.0275 0.0000
vt 0.8770 0.0275 0.0000
vt 0.0324 0.0520 0.0000
vt 0.0326 0.0448 0.0000
vt 0.0552 0.0448 0.0000
vt 0.0324 0.0536 0.0000
vt 0.0324 0.0552 0.0000
vt 0.0914 0.9674 0.0000
vt 0.0521 0.9674 0.0000
vt 0.8996 0.0100 0.0000
vt 0.0326 0.0623 0.0000
vt 0.0842 0.9682 0.0000
vt 0.0826 0.9682 0.0000
vt 0.0810 0.9682 0.0000
vt 0.0433 0.9682 0.0000
vt 0.0417 0.9682 0.0000
vt 0.0449 0.9682 0.0000
vt 0.9004 0.0171 0.0000
vt 0.9004 0.0187 0.0000
vt 0.9004 0.0203 0.0000
vt 0.0737 0.9679 0.0000
vt 0.0343 0.9679 0.0000
vt 0.9001 0.0277 0.0000
vt 0.0318 0.0520 0.0000
vt 0.0321 0.0446 0.0000
vt 0.0237 0.0516 0.0000
vt 0.0237 0.0536 0.0000
vt 0.0237 0.0555 0.0000
vt 0.0846 0.9763 0.0000
vt 0.0931 0.9757 0.0000
vt 0.0453 0.9763 0.0000
vt 0.0537 0.9757 0.0000
vt 0.9085 0.0168 0.0000
vt 0.9078 0.0083 0.0000
vt 0.0243 0.0640 0.0000
vt 0.0826 0.9961 0.0000
vt 0.0826 0.9819 0.0000
vt 0.0799 0.9961 0.0000
vt 0.0803 0.9819 0.0000
vt 0.0432 0.9961 0.0000
vt 0.0405 0.9961 0.0000
vt 0.0410 0.9819 0.0000
vt 0.0433 0.9819 0.0000
vt 0.9283 0.0188 0.0000
vt 0.9140 0.0187 0.0000
vt 0.9283 0.0215 0.0000
vt 0.9141 0.0210 0.0000
vt 0.0677 0.9952 0.0000
vt 0.0699 0.9810 0.0000
vt 0.0284 0.9952 0.0000
vt 0.0305 0.9810 0.0000
vt 0.9274 0.0336 0.0000
vt 0.9132 0.0315 0.0000
vt 0.0048 0.0387 0.0000
vt 0.0190 0.0408 0.0000
vt 0.0826 0.9763 0.0000
vt 0.0826 0.9724 0.0000
vt 0.0844 0.9725 0.0000
vt 0.0806 0.9763 0.0000
vt 0.0808 0.9724 0.0000
vt 0.0433 0.9763 0.0000
vt 0.0413 0.9763 0.0000
vt 0.0415 0.9724 0.0000
vt 0.0433 0.9724 0.0000
vt 0.0451 0.9725 0.0000
vt 0.9085 0.0187 0.0000
vt 0.9046 0.0187 0.0000
vt 0.9046 0.0170 0.0000
vt 0.9085 0.0207 0.0000
vt 0.9046 0.0205 0.0000
vt 0.0722 0.9756 0.0000
vt 0.0724 0.9719 0.0000
vt 0.0328 0.9756 0.0000
vt 0.0330 0.9719 0.0000
vt 0.9078 0.0292 0.0000
vt 0.9040 0.0290 0.0000
vt 0.0276 0.0518 0.0000
vt 0.0244 0.0431 0.0000
vt 0.0281 0.0433 0.0000
vt 0.0310 0.0519 0.0000
vt 0.0310 0.0536 0.0000
vt 0.0276 0.0536 0.0000
vt 0.0310 0.0552 0.0000
vt 0.0275 0.0553 0.0000
vt 0.0843 0.9690 0.0000
vt 0.0914 0.9687 0.0000
vt 0.0929 0.9719 0.0000
vt 0.0450 0.9690 0.0000
vt 0.0520 0.9687 0.0000
vt 0.0536 0.9719 0.0000
vt 0.9012 0.0170 0.0000
vt 0.9009 0.0100 0.0000
vt 0.9041 0.0085 0.0000
vt 0.0313 0.0623 0.0000
vt 0.0281 0.0638 0.0000
vt 0.0824 0.1043 0.0000
vt 0.0808 0.1043 0.0000
vt 0.0430 0.1043 0.0000
vt 0.0415 0.1043 0.0000
vt 0.0364 0.0190 0.0000
vt 0.0365 0.0206 0.0000
vt 0.0734 0.1043 0.0000
vt 0.0340 0.1043 0.0000
vt 0.0365 0.0280 0.0000
vt 0.8957 0.0443 0.0000
vt 0.8969 0.0533 0.0000
vt 0.8969 0.0550 0.0000
vt 0.0913 0.1032 0.0000
vt 0.0520 0.1032 0.0000
vt 0.0354 0.0100 0.0000
vt 0.8968 0.0622 0.0000
vt 0.0825 0.1766 0.0000
vt 0.0808 0.1766 0.0000
vt 0.0432 0.1766 0.0000
vt 0.0415 0.1766 0.0000
vt 0.1087 0.0189 0.0000
vt 0.1088 0.0205 0.0000
vt 0.0737 0.1764 0.0000
vt 0.0343 0.1764 0.0000
vt 0.1086 0.0277 0.0000
vt 0.8236 0.0446 0.0000
vt 0.8245 0.0534 0.0000
vt 0.8245 0.0550 0.0000
vt 0.0915 0.1754 0.0000
vt 0.0522 0.1754 0.0000
vt 0.1076 0.0099 0.0000
vt 0.8246 0.0624 0.0000
vt 0.0826 0.1965 0.0000
vt 0.0810 0.1965 0.0000
vt 0.0433 0.1965 0.0000
vt 0.0417 0.1965 0.0000
vt 0.1287 0.0188 0.0000
vt 0.1287 0.0203 0.0000
vt 0.0737 0.1966 0.0000
vt 0.0344 0.1966 0.0000
vt 0.1288 0.0276 0.0000
vt 0.8034 0.0447 0.0000
vt 0.8044 0.0535 0.0000
vt 0.8045 0.0551 0.0000
vt 0.0912 0.1957 0.0000
vt 0.0519 0.1957 0.0000
vt 0.1279 0.0101 0.0000
vt 0.8043 0.0622 0.0000
vt 0.0827 0.3822 0.0000
vt 0.0810 0.3822 0.0000
vt 0.0434 0.3822 0.0000
vt 0.0417 0.3822 0.0000
vt 0.3144 0.0187 0.0000
vt 0.3144 0.0203 0.0000
vt 0.0738 0.3821 0.0000
vt 0.0345 0.3821 0.0000
vt 0.3143 0.0276 0.0000
vt 0.6179 0.0447 0.0000
vt 0.6186 0.0536 0.0000
vt 0.6186 0.0552 0.0000
vt 0.0917 0.3814 0.0000
vt 0.0524 0.3814 0.0000
vt 0.3136 0.0097 0.0000
vt 0.6186 0.0626 0.0000
vt 0.0827 0.3940 0.0000
vt 0.0812 0.3941 0.0000
vt 0.0434 0.3940 0.0000
vt 0.0418 0.3941 0.0000
vt 0.3262 0.0186 0.0000
vt 0.3262 0.0202 0.0000
vt 0.0737 0.3941 0.0000
vt 0.0344 0.3941 0.0000
vt 0.3263 0.0276 0.0000
vt 0.6059 0.0447 0.0000
vt 0.6067 0.0537 0.0000
vt 0.6067 0.0553 0.0000
vt 0.0916 0.3934 0.0000
vt 0.0522 0.3934 0.0000
vt 0.3256 0.0098 0.0000
vt 0.6066 0.0625 0.0000
vt 0.0826 0.9307 0.0000
vt 0.0809 0.9307 0.0000
vt 0.0433 0.9307 0.0000
vt 0.0416 0.9307 0.0000
vt 0.8629 0.0187 0.0000
vt 0.8629 0.0204 0.0000
vt 0.0738 0.9306 0.0000
vt 0.0344 0.9306 0.0000
vt 0.8628 0.0276 0.0000
vt 0.0694 0.0447 0.0000
vt 0.0702 0.0535 0.0000
vt 0.0702 0.0551 0.0000
vt 0.0916 0.9298 0.0000
vt 0.0522 0.9298 0.0000
vt 0.8620 0.0098 0.0000
vt 0.0702 0.0625 0.0000
vt 0.0826 0.9441 0.0000
vt 0.0811 0.9441 0.0000
vt 0.0433 0.9441 0.0000
vt 0.0417 0.9441 0.0000
vt 0.8763 0.0187 0.0000
vt 0.8763 0.0203 0.0000
vt 0.0737 0.9443 0.0000
vt 0.0344 0.9443 0.0000
vt 0.8764 0.0276 0.0000
vt 0.0557 0.0446 0.0000
vt 0.0566 0.0536 0.0000
vt 0.0566 0.0552 0.0000
vt 0.0914 0.9435 0.0000
vt 0.0521 0.9435 0.0000
vt 0.8757 0.0099 0.0000
vt 0.0565 0.0624 0.0000
vt 0.0826 0.9690 0.0000
vt 0.0809 0.9690 0.0000
vt 0.0433 0.9690 0.0000
vt 0.0416 0.9690 0.0000
vt 0.9012 0.0187 0.0000
vt 0.9012 0.0204 0.0000
vt 0.0739 0.9687 0.0000
vt 0.0345 0.9687 0.0000
vt 0.9009 0.0275 0.0000
vt 0.0313 0.0448 0.0000
vt 0.0318 0.0536 0.0000
vt 0.0318 0.0551 0.0000
vt 0.0916 0.9679 0.0000
vt 0.0522 0.9679 0.0000
vt 0.9001 0.0098 0.0000
vt 0.0321 0.0625 0.0000
vt 0.3412 0.2189 0.0000
vt 0.3367 0.1947 0.0000
vt 0.3426 0.1961 0.0000
vt 0.3440 0.2179 0.0000
vt 0.3423 0.1730 0.0000
vt 0.3492 0.1778 0.0000
vt 0.3575 0.1568 0.0000
vt 0.3629 0.1649 0.0000
vt 0.3790 0.1481 0.0000
vt 0.3810 0.1582 0.0000
vt 0.4025 0.1481 0.0000
vt 0.4006 0.1583 0.0000
vt 0.4240 0.1568 0.0000
vt 0.4187 0.1650 0.0000
vt 0.4391 0.1729 0.0000
vt 0.4323 0.1779 0.0000
vt 0.4450 0.1947 0.0000
vt 0.4391 0.1961 0.0000
vt 0.4404 0.2190 0.0000
vt 0.4375 0.2179 0.0000
vt 0.4397 0.2204 0.0000
vt 0.4349 0.2204 0.0000
vt 0.3483 0.1996 0.0000
vt 0.3476 0.2180 0.0000
vt 0.3553 0.1847 0.0000
vt 0.3673 0.1745 0.0000
vt 0.3826 0.1693 0.0000
vt 0.3989 0.1693 0.0000
vt 0.4142 0.1746 0.0000
vt 0.4264 0.1848 0.0000
vt 0.4334 0.1996 0.0000
vt 0.4339 0.2180 0.0000
vt 0.4333 0.2204 0.0000
vt 0.1865 0.0813 0.0000
vt 0.1866 0.0908 0.0000
vt 0.1707 0.0908 0.0000
vt 0.1707 0.0813 0.0000
vt 0.2022 0.0813 0.0000
vt 0.2024 0.0899 0.0000
vt 0.3419 0.2204 0.0000
vt 0.3466 0.2204 0.0000
vt 0.3482 0.2204 0.0000
vt 0.3399 0.3382 0.0000
vt 0.3399 0.3384 0.0000
vt 0.3390 0.3381 0.0000
vt 0.3631 0.3415 0.0000
vt 0.3625 0.3450 0.0000
vt 0.3844 0.3445 0.0000
vt 0.3833 0.3508 0.0000
vt 0.4056 0.3474 0.0000
vt 0.4042 0.3558 0.0000
vt 0.4278 0.3506 0.0000
vt 0.4264 0.3600 0.0000
vt 0.4492 0.3632 0.0000
vt 0.4505 0.3538 0.0000
vt 0.4717 0.3653 0.0000
vt 0.4727 0.3569 0.0000
vt 0.4932 0.3663 0.0000
vt 0.4939 0.3599 0.0000
vt 0.5148 0.3665 0.0000
vt 0.5152 0.3629 0.0000
vt 0.5384 0.3663 0.0000
vt 0.5384 0.3661 0.0000
vt 0.5393 0.3663 0.0000
vt 0.1050 0.0813 0.0000
vt 0.1049 0.0819 0.0000
vt 0.1019 0.0813 0.0000
vt 0.1234 0.0813 0.0000
vt 0.1232 0.0853 0.0000
vt 0.1396 0.0813 0.0000
vt 0.1394 0.0880 0.0000
vt 0.1551 0.0813 0.0000
vt 0.1549 0.0899 0.0000
vt 0.2179 0.0880 0.0000
vt 0.2177 0.0813 0.0000
vt 0.2340 0.0853 0.0000
vt 0.2339 0.0813 0.0000
vt 0.2523 0.0819 0.0000
vt 0.2523 0.0813 0.0000
vt 0.2553 0.0813 0.0000
vt 0.3412 0.2219 0.0000
vt 0.3440 0.2230 0.0000
vt 0.3426 0.2447 0.0000
vt 0.3367 0.2461 0.0000
vt 0.3492 0.2630 0.0000
vt 0.3423 0.2678 0.0000
vt 0.3629 0.2759 0.0000
vt 0.3575 0.2841 0.0000
vt 0.3810 0.2826 0.0000
vt 0.3790 0.2928 0.0000
vt 0.4006 0.2826 0.0000
vt 0.4025 0.2927 0.0000
vt 0.4187 0.2758 0.0000
vt 0.4240 0.2840 0.0000
vt 0.4323 0.2630 0.0000
vt 0.4391 0.2679 0.0000
vt 0.4391 0.2447 0.0000
vt 0.4450 0.2462 0.0000
vt 0.4375 0.2230 0.0000
vt 0.4404 0.2219 0.0000
vt 0.3476 0.2228 0.0000
vt 0.3483 0.2413 0.0000
vt 0.3553 0.2561 0.0000
vt 0.3673 0.2663 0.0000
vt 0.3826 0.2716 0.0000
vt 0.3989 0.2715 0.0000
vt 0.4142 0.2663 0.0000
vt 0.4264 0.2561 0.0000
vt 0.4334 0.2413 0.0000
vt 0.4339 0.2228 0.0000
vt 0.1706 0.0717 0.0000
vt 0.1866 0.0717 0.0000
vt 0.2024 0.0727 0.0000
vt 0.3400 0.3380 0.0000
vt 0.3635 0.3378 0.0000
vt 0.3851 0.3380 0.0000
vt 0.4066 0.3390 0.0000
vt 0.4291 0.3411 0.0000
vt 0.4519 0.3443 0.0000
vt 0.4741 0.3485 0.0000
vt 0.4950 0.3535 0.0000
vt 0.5158 0.3593 0.0000
vt 0.5384 0.3660 0.0000
vt 0.1049 0.0806 0.0000
vt 0.1232 0.0772 0.0000
vt 0.1394 0.0745 0.0000
vt 0.1549 0.0727 0.0000
vt 0.2179 0.0745 0.0000
vt 0.2340 0.0772 0.0000
vt 0.2523 0.0806 0.0000
vt 0.1749 0.2638 0.0000
vt 0.2058 0.2748 0.0000
vt 0.1994 0.2799 0.0000
vt 0.1727 0.2674 0.0000
vt 0.2263 0.2951 0.0000
vt 0.2163 0.2995 0.0000
vt 0.2350 0.3240 0.0000
vt 0.2228 0.3252 0.0000
vt 0.2326 0.3562 0.0000
vt 0.2201 0.3533 0.0000
vt 0.2201 0.3864 0.0000
vt 0.2092 0.3797 0.0000
vt 0.1990 0.4109 0.0000
vt 0.1913 0.4015 0.0000
vt 0.1724 0.4253 0.0000
vt 0.1684 0.4151 0.0000
vt 0.1436 0.4251 0.0000
vt 0.1427 0.4171 0.0000
vt 0.1140 0.4110 0.0000
vt 0.1149 0.4070 0.0000
vt 0.1128 0.4102 0.0000
vt 0.1019 0.3994 0.0000
vt 0.2565 0.3444 0.0000
vt 0.2854 0.3384 0.0000
vt 0.2809 0.3468 0.0000
vt 0.2557 0.3496 0.0000
vt 0.3100 0.3463 0.0000
vt 0.3015 0.3551 0.0000
vt 0.3275 0.3663 0.0000
vt 0.3155 0.3724 0.0000
vt 0.3358 0.3933 0.0000
vt 0.3221 0.3948 0.0000
vt 0.3341 0.4218 0.0000
vt 0.3207 0.4186 0.0000
vt 0.3226 0.4475 0.0000
vt 0.3114 0.4401 0.0000
vt 0.3028 0.4653 0.0000
vt 0.2954 0.4555 0.0000
vt 0.2774 0.4702 0.0000
vt 0.2740 0.4613 0.0000
vt 0.2495 0.4607 0.0000
vt 0.2493 0.4554 0.0000
vt 0.2370 0.4522 0.0000
vt 0.2454 0.4533 0.0000
vt 0.3550 0.1280 0.0000
vt 0.3576 0.1413 0.0000
vt 0.3343 0.1457 0.0000
vt 0.3319 0.1324 0.0000
vt 0.3778 0.1237 0.0000
vt 0.3803 0.1357 0.0000
vt 0.1734 0.2636 0.0000
vt 0.1581 0.2636 0.0000
vt 0.2516 0.3513 0.0000
vt 0.2431 0.3513 0.0000
vt 0.2128 0.1101 0.0000
vt 0.2128 0.1103 0.0000
vt 0.2113 0.1103 0.0000
vt 0.2450 0.1057 0.0000
vt 0.2455 0.1105 0.0000
vt 0.2734 0.1018 0.0000
vt 0.2743 0.1103 0.0000
vt 0.3032 0.0977 0.0000
vt 0.3045 0.1089 0.0000
vt 0.3366 0.1059 0.0000
vt 0.3350 0.0933 0.0000
vt 0.3690 0.1014 0.0000
vt 0.3672 0.0889 0.0000
vt 0.4008 0.0956 0.0000
vt 0.3990 0.0845 0.0000
vt 0.4302 0.0889 0.0000
vt 0.4288 0.0804 0.0000
vt 0.4580 0.0813 0.0000
vt 0.4572 0.0765 0.0000
vt 0.4894 0.0723 0.0000
vt 0.4894 0.0721 0.0000
vt 0.4908 0.0719 0.0000
vt 0.2413 0.1494 0.0000
vt 0.2414 0.1503 0.0000
vt 0.2370 0.1502 0.0000
vt 0.2659 0.1448 0.0000
vt 0.2668 0.1505 0.0000
vt 0.2873 0.1407 0.0000
vt 0.2888 0.1502 0.0000
vt 0.3091 0.1366 0.0000
vt 0.3111 0.1487 0.0000
vt 0.4016 0.1290 0.0000
vt 0.3995 0.1196 0.0000
vt 0.4223 0.1212 0.0000
vt 0.4210 0.1156 0.0000
vt 0.4458 0.1118 0.0000
vt 0.4456 0.1110 0.0000
vt 0.4499 0.1102 0.0000
vt 0.1749 0.2633 0.0000
vt 0.1727 0.2598 0.0000
vt 0.1994 0.2473 0.0000
vt 0.2058 0.2524 0.0000
vt 0.2163 0.2277 0.0000
vt 0.2263 0.2321 0.0000
vt 0.2228 0.2019 0.0000
vt 0.2350 0.2032 0.0000
vt 0.2201 0.1739 0.0000
vt 0.2326 0.1709 0.0000
vt 0.2092 0.1474 0.0000
vt 0.2201 0.1408 0.0000
vt 0.1913 0.1257 0.0000
vt 0.1990 0.1163 0.0000
vt 0.1684 0.1121 0.0000
vt 0.1724 0.1019 0.0000
vt 0.1427 0.1101 0.0000
vt 0.1436 0.1020 0.0000
vt 0.1149 0.1202 0.0000
vt 0.1140 0.1161 0.0000
vt 0.1019 0.1278 0.0000
vt 0.1128 0.1170 0.0000
vt 0.2565 0.3582 0.0000
vt 0.2557 0.3530 0.0000
vt 0.2809 0.3558 0.0000
vt 0.2854 0.3642 0.0000
vt 0.3015 0.3475 0.0000
vt 0.3100 0.3563 0.0000
vt 0.3155 0.3302 0.0000
vt 0.3275 0.3362 0.0000
vt 0.3221 0.3077 0.0000
vt 0.3358 0.3093 0.0000
vt 0.3207 0.2840 0.0000
vt 0.3341 0.2808 0.0000
vt 0.3114 0.2625 0.0000
vt 0.3226 0.2551 0.0000
vt 0.2954 0.2470 0.0000
vt 0.3028 0.2373 0.0000
vt 0.2740 0.2413 0.0000
vt 0.2774 0.2324 0.0000
vt 0.2493 0.2472 0.0000
vt 0.2495 0.2419 0.0000
vt 0.2454 0.2493 0.0000
vt 0.2370 0.2503 0.0000
vt 0.3293 0.1191 0.0000
vt 0.3526 0.1147 0.0000
vt 0.3758 0.1117 0.0000
vt 0.2127 0.1099 0.0000
vt 0.2442 0.1009 0.0000
vt 0.2720 0.0933 0.0000
vt 0.3014 0.0865 0.0000
vt 0.3332 0.0808 0.0000
vt 0.3655 0.0763 0.0000
vt 0.3977 0.0733 0.0000
vt 0.4279 0.0719 0.0000
vt 0.4566 0.0717 0.0000
vt 0.4894 0.0719 0.0000
vt 0.2411 0.1485 0.0000
vt 0.2646 0.1391 0.0000
vt 0.2853 0.1314 0.0000
vt 0.3066 0.1247 0.0000
vt 0.3981 0.1102 0.0000
vt 0.4201 0.1099 0.0000
vt 0.4455 0.1101 0.0000
vt 0.3903 0.3885 0.0000
vt 0.4233 0.3966 0.0000
vt 0.4193 0.4048 0.0000
vt 0.3894 0.3902 0.0000
vt 0.4153 0.4129 0.0000
vt 0.3886 0.3920 0.0000
vt 0.1894 0.3527 0.0000
vt 0.1816 0.3525 0.0000
vt 0.1829 0.2943 0.0000
vt 0.1898 0.2945 0.0000
vt 0.1739 0.3523 0.0000
vt 0.1759 0.2943 0.0000
vt 0.1474 0.1681 0.0000
vt 0.1473 0.1682 0.0000
vt 0.1271 0.1301 0.0000
vt 0.1361 0.1253 0.0000
vt 0.1472 0.1683 0.0000
vt 0.1181 0.1348 0.0000
vt 0.1885 0.3657 0.0000
vt 0.1894 0.3674 0.0000
vt 0.1595 0.3820 0.0000
vt 0.1555 0.3738 0.0000
vt 0.1902 0.3692 0.0000
vt 0.1635 0.3901 0.0000
vt 0.1108 0.3278 0.0000
vt 0.1120 0.2693 0.0000
vt 0.1197 0.2697 0.0000
vt 0.1178 0.3278 0.0000
vt 0.1039 0.3275 0.0000
vt 0.1042 0.2694 0.0000
vt 0.3658 0.3910 0.0000
vt 0.3456 0.3529 0.0000
vt 0.3457 0.3528 0.0000
vt 0.3748 0.3862 0.0000
vt 0.3568 0.3958 0.0000
vt 0.3454 0.3530 0.0000
vt 0.1031 0.0989 0.0000
vt 0.1031 0.0967 0.0000
vt 0.1044 0.0953 0.0000
vt 0.1031 0.1011 0.0000
vt 0.1080 0.0989 0.0000
vt 0.1044 0.1024 0.0000
vt 0.1058 0.0939 0.0000
vt 0.1080 0.0939 0.0000
vt 0.1115 0.0953 0.0000
vt 0.1102 0.0939 0.0000
vt 0.1115 0.1024 0.0000
vt 0.1080 0.1038 0.0000
vt 0.1102 0.1038 0.0000
vt 0.1058 0.1038 0.0000
vt 0.1129 0.0967 0.0000
vt 0.1129 0.0989 0.0000
vt 0.1129 0.1011 0.0000
vt 0.3766 0.4057 0.0000
vt 0.3685 0.4387 0.0000
vt 0.3604 0.4347 0.0000
vt 0.3749 0.4048 0.0000
vt 0.3205 0.2044 0.0000
vt 0.3208 0.2121 0.0000
vt 0.2624 0.2132 0.0000
vt 0.2624 0.2063 0.0000
vt 0.1460 0.3768 0.0000
vt 0.1460 0.3770 0.0000
vt 0.1078 0.3567 0.0000
vt 0.1126 0.3477 0.0000
vt 0.3522 0.4307 0.0000
vt 0.3732 0.4040 0.0000
vt 0.3208 0.2199 0.0000
vt 0.2627 0.2202 0.0000
vt 0.1459 0.3771 0.0000
vt 0.1031 0.3657 0.0000
vt 0.0598 0.0742 0.0000
vt 0.0599 0.0741 0.0000
vt 0.0602 0.0744 0.0000
vt 0.0598 0.0744 0.0000
vt 0.0598 0.0746 0.0000
vt 0.0599 0.0747 0.0000
vt 0.0600 0.0740 0.0000
vt 0.0602 0.0740 0.0000
vt 0.0603 0.0740 0.0000
vt 0.0604 0.0741 0.0000
vt 0.0604 0.0747 0.0000
vt 0.0603 0.0748 0.0000
vt 0.0602 0.0748 0.0000
vt 0.0600 0.0748 0.0000
vt 0.0606 0.0742 0.0000
vt 0.0606 0.0744 0.0000
vt 0.0606 0.0746 0.0000
vt 0.3575 0.2115 0.0000
vt 0.4003 0.2229 0.0000
vt 0.3956 0.2319 0.0000
vt 0.3574 0.2117 0.0000
vt 0.1639 0.2142 0.0000
vt 0.1637 0.2209 0.0000
vt 0.1052 0.2194 0.0000
vt 0.1056 0.2117 0.0000
vt 0.1994 0.2198 0.0000
vt 0.1993 0.2218 0.0000
vt 0.1664 0.2210 0.0000
vt 0.1661 0.2113 0.0000
vt 0.3908 0.2409 0.0000
vt 0.3574 0.2118 0.0000
vt 0.1636 0.2277 0.0000
vt 0.1052 0.2272 0.0000
vt 0.1993 0.2237 0.0000
vt 0.1656 0.2307 0.0000
vt 0.3903 0.3863 0.0000
vt 0.4233 0.3863 0.0000
vt 0.4072 0.4193 0.0000
vt 0.3869 0.3933 0.0000
vt 0.3030 0.2824 0.0000
vt 0.3007 0.2902 0.0000
vt 0.2453 0.2723 0.0000
vt 0.2481 0.2636 0.0000
vt 0.3126 0.1622 0.0000
vt 0.3159 0.1707 0.0000
vt 0.2615 0.1919 0.0000
vt 0.2588 0.1842 0.0000
vt 0.1476 0.1253 0.0000
vt 0.1476 0.1681 0.0000
vt 0.1471 0.1684 0.0000
vt 0.1116 0.1444 0.0000
vt 0.1555 0.3635 0.0000
vt 0.1885 0.3635 0.0000
vt 0.1919 0.3705 0.0000
vt 0.1716 0.3965 0.0000
vt 0.1267 0.2698 0.0000
vt 0.1358 0.2704 0.0000
vt 0.1322 0.3287 0.0000
vt 0.1240 0.3279 0.0000
vt 0.0039 0.0781 0.0000
vt 0.0121 0.0780 0.0000
vt 0.0130 0.1360 0.0000
vt 0.0039 0.1361 0.0000
vt 0.3458 0.3527 0.0000
vt 0.3813 0.3767 0.0000
vt 0.3453 0.3958 0.0000
vt 0.3453 0.3530 0.0000
vt 0.3788 0.4057 0.0000
vt 0.3788 0.4387 0.0000
vt 0.2622 0.2001 0.0000
vt 0.3198 0.1883 0.0000
vt 0.3204 0.1974 0.0000
vt 0.1222 0.3413 0.0000
vt 0.1462 0.3767 0.0000
vt 0.3458 0.4226 0.0000
vt 0.3718 0.4022 0.0000
vt 0.1663 0.1873 0.0000
vt 0.1571 0.1871 0.0000
vt 0.1584 0.1291 0.0000
vt 0.1666 0.1293 0.0000
vt 0.1459 0.3773 0.0000
vt 0.1031 0.3773 0.0000
vt 0.3575 0.2113 0.0000
vt 0.4003 0.2113 0.0000
vt 0.2422 0.2980 0.0000
vt 0.2424 0.2889 0.0000
vt 0.3003 0.2984 0.0000
vt 0.1710 0.2022 0.0000
vt 0.2004 0.2179 0.0000
vt 0.3812 0.2473 0.0000
vt 0.3572 0.2119 0.0000
vt 0.1399 0.3315 0.0000
vt 0.1534 0.2744 0.0000
vt 0.1619 0.2777 0.0000
vt 0.2002 0.2257 0.0000
vt 0.1701 0.2400 0.0000
vt 0.1108 0.3309 0.0000
vt 0.1208 0.3298 0.0000
vt 0.1008 0.3294 0.0000
vt 0.1008 0.2675 0.0000
vt 0.1121 0.2660 0.0000
vt 0.1232 0.2680 0.0000
vt 0.1008 0.1610 0.0000
vt 0.1041 0.1596 0.0000
vt 0.1499 0.1953 0.0000
vt 0.1490 0.1990 0.0000
vt 0.0159 0.1863 0.0000
vt 0.0130 0.1863 0.0000
vt 0.0130 0.1781 0.0000
vt 0.0159 0.1760 0.0000
vt 0.1897 0.1476 0.0000
vt 0.1794 0.1476 0.0000
vt 0.1815 0.1447 0.0000
vt 0.1897 0.1447 0.0000
vt 0.1697 0.1889 0.0000
vt 0.1697 0.1276 0.0000
vt 0.1594 0.1940 0.0000
vt 0.1581 0.1913 0.0000
vt 0.2593 0.2133 0.0000
vt 0.2604 0.2032 0.0000
vt 0.3222 0.2009 0.0000
vt 0.3241 0.2120 0.0000
vt 0.3226 0.2233 0.0000
vt 0.2608 0.2233 0.0000
vt 0.3128 0.1583 0.0000
vt 0.2558 0.1821 0.0000
vt 0.0246 0.1551 0.0000
vt 0.0216 0.1551 0.0000
vt 0.0216 0.1460 0.0000
vt 0.0246 0.1435 0.0000
vt 0.0246 0.1666 0.0000
vt 0.0216 0.1642 0.0000
vt 0.2585 0.1924 0.0000
vt 0.1829 0.2911 0.0000
vt 0.1929 0.2927 0.0000
vt 0.1929 0.3543 0.0000
vt 0.1896 0.1566 0.0000
vt 0.1896 0.1596 0.0000
vt 0.1819 0.1596 0.0000
vt 0.1794 0.1566 0.0000
vt 0.1998 0.1566 0.0000
vt 0.1974 0.1596 0.0000
vt 0.1729 0.2922 0.0000
vt 0.1703 0.3538 0.0000
vt 0.3059 0.2801 0.0000
vt 0.2477 0.2598 0.0000
vt 0.3037 0.2909 0.0000
vt 0.3022 0.3015 0.0000
vt 0.2405 0.3015 0.0000
vt 0.2395 0.2679 0.0000
vt 0.2416 0.2700 0.0000
vt 0.2351 0.2764 0.0000
vt 0.2313 0.2760 0.0000
vt 0.1019 0.2193 0.0000
vt 0.1040 0.2081 0.0000
vt 0.1034 0.2307 0.0000
vt 0.0039 0.1568 0.0000
vt 0.0069 0.1568 0.0000
vt 0.0069 0.1659 0.0000
vt 0.0039 0.1683 0.0000
vt 0.0039 0.1452 0.0000
vt 0.0069 0.1477 0.0000
vt 0.1420 0.3345 0.0000
vt 0.1658 0.2776 0.0000
vt 0.1314 0.3317 0.0000
# 1248 texture coords

o rdzen_monolitu
g rdzen_monolitu
s 1
f 1/1/1 2/2/2 3/3/3 4/4/4 
f 2/2/2 5/5/5 6/6/6 3/3/3 
f 7/7/7 8/8/8 9/9/9 10/10/10 
f 11/11/11 12/12/12 8/8/8 7/7/7 
s 2
f 13/13/13 14/14/13 15/15/13 16/16/13 
f 13/13/13 16/16/13 17/17/13 18/18/13 
f 19/19/13 20/20/13 21/21/13 16/16/13 
f 21/21/13 22/22/13 16/16/13 
f 15/15/13 19/19/13 16/16/13 
f 16/16/13 23/23/13 24/24/13 25/25/13 
f 16/16/13 25/25/13 26/26/13 17/17/13 
f 22/22/13 27/27/13 28/28/13 23/23/13 
f 28/28/13 29/29/13 23/23/13 
f 16/16/13 22/22/13 23/23/13 
s 4
f 30/30/14 31/31/15 32/32/16 33/33/17 
f 31/31/15 34/34/18 35/35/19 32/32/16 
s 2
f 36/36/20 37/37/21 38/38/20 39/39/22 
f 36/36/20 39/39/22 40/40/22 41/41/23 
f 42/42/24 43/43/25 44/44/22 39/39/22 
f 44/44/22 45/45/21 39/39/22 
f 38/38/20 42/42/24 39/39/22 
f 39/39/22 46/46/22 47/47/24 48/48/21 
f 39/39/22 48/48/21 49/49/21 40/40/22 
f 45/45/21 50/50/26 51/51/20 46/46/22 
f 51/51/20 52/52/22 46/46/22 
f 39/39/22 45/45/21 46/46/22 
s 4
f 53/53/27 54/54/28 55/55/29 56/56/30 
f 54/54/28 57/57/31 58/58/32 55/55/29 
s 1
f 59/59/33 60/60/34 61/61/35 62/62/36 
f 5/5/5 63/63/37 64/64/38 6/6/6 
f 9/9/9 65/65/39 66/66/40 10/10/10 
f 67/67/41 68/68/42 69/69/43 70/70/44 
s 4
f 71/71/45 72/72/46 73/73/47 74/74/48 
f 34/34/18 75/75/49 76/76/50 35/35/19 
f 77/77/51 78/78/52 79/79/53 80/80/54 
f 58/58/32 57/57/31 81/81/55 82/82/56 
s off
f 3/83/3 15/15/13 14/14/13 4/84/4 
f 3/83/3 6/85/6 19/19/13 15/15/13 
f 6/85/6 64/86/38 20/20/13 19/19/13 
f 33/87/17 21/21/13 20/20/13 64/86/38 
f 32/88/16 22/22/13 21/21/13 33/87/17 
f 32/88/16 35/89/19 27/27/13 22/22/13 
f 35/89/19 76/90/50 28/28/13 27/27/13 
f 11/91/11 29/29/13 28/28/13 76/90/50 
f 7/92/7 23/23/13 29/29/13 11/91/11 
f 7/92/7 10/93/10 24/24/13 23/23/13 
f 10/93/10 66/94/40 25/25/13 24/24/13 
f 83/95/57 26/26/13 25/25/13 66/94/40 
f 84/96/58 17/17/13 26/26/13 83/95/57 
f 84/96/58 80/97/54 18/18/13 17/17/13 
f 80/97/54 79/98/53 13/13/13 18/18/13 
f 4/84/4 14/14/13 13/13/13 79/98/53 
f 85/99/59 59/100/33 42/42/24 38/38/20 
f 59/100/33 62/101/36 43/43/25 42/42/24 
f 56/102/30 44/44/22 43/43/25 62/101/36 
f 55/103/29 45/45/21 44/44/22 56/102/30 
f 55/103/29 58/104/32 50/50/26 45/45/21 
f 58/104/32 82/105/56 51/51/20 50/50/26 
f 86/106/60 52/52/22 51/51/20 82/105/56 
f 87/107/61 46/46/22 52/52/22 86/106/60 
f 87/107/61 67/108/41 47/47/24 46/46/22 
f 67/108/41 70/109/44 48/48/21 47/47/24 
f 88/110/62 49/49/21 48/48/21 70/109/44 
f 89/111/63 40/40/22 49/49/21 88/110/62 
f 89/111/63 71/112/45 41/41/23 40/40/22 
f 71/112/45 74/113/48 36/36/20 41/41/23 
f 90/114/64 37/37/21 36/36/20 74/113/48 
f 85/99/59 38/38/20 37/37/21 90/114/64 
s 1
f 91/115/65 92/116/66 2/2/2 1/1/1 
f 2/2/2 92/116/66 93/117/67 5/5/5 
f 8/8/8 94/118/68 95/119/69 9/9/9 
f 96/120/70 94/118/68 8/8/8 12/12/12 
s 4
f 97/121/71 98/122/72 31/31/15 30/30/14 
f 31/31/15 98/122/72 99/123/73 34/34/18 
f 80/80/54 84/124/58 100/125/74 77/77/51 
f 84/124/58 83/126/57 101/127/75 100/125/74 
s 1
f 1/1/1 4/4/4 79/128/53 78/129/52 
f 5/5/5 93/117/67 102/130/76 63/63/37 
f 9/9/9 95/119/69 103/131/77 65/65/39 
f 12/12/12 11/11/11 76/132/50 75/133/49 
s 4
f 30/30/14 33/33/17 64/134/38 63/135/37 
f 34/34/18 99/123/73 104/136/78 75/75/49 
f 77/77/51 105/137/79 106/138/80 78/78/52 
f 101/127/75 83/126/57 66/139/40 65/140/39 
f 107/141/81 108/142/82 109/143/83 110/144/84 
f 109/143/83 111/145/85 112/146/86 110/144/84 
s 1
f 113/147/87 114/148/88 115/149/89 116/150/90 
f 117/151/91 118/152/92 119/153/93 120/154/94 
s 4
f 121/155/95 122/156/96 123/157/97 124/158/98 
f 111/145/85 125/159/99 126/160/100 112/146/86 
s 1
f 127/161/101 128/162/102 129/163/103 116/150/90 
f 128/162/102 130/164/104 131/165/105 129/163/103 
f 132/166/106 133/167/107 134/168/108 135/169/109 
f 136/170/110 132/166/106 135/169/109 120/154/94 
s 4
f 137/171/111 138/172/112 139/173/113 124/158/98 
f 138/172/112 140/174/114 141/175/115 139/173/113 
s 1
f 130/164/104 142/176/116 123/177/97 131/165/105 
f 133/167/107 143/178/117 126/179/100 134/168/108 
s 4
f 140/174/114 144/180/118 119/181/93 141/175/115 
f 145/182/119 146/183/120 115/184/89 107/141/81 
f 107/141/81 110/144/84 147/185/121 145/182/119 
f 110/144/84 112/146/86 148/186/122 147/185/121 
s 1
f 116/150/90 115/149/89 146/187/120 127/161/101 
f 120/154/94 119/153/93 144/188/118 136/170/110 
s 4
f 124/158/98 123/157/97 142/189/116 137/171/111 
f 112/146/86 126/160/100 143/190/117 148/186/122 
s 1
f 127/161/101 149/191/123 150/192/124 128/162/102 
f 150/192/124 151/193/125 130/164/104 128/162/102 
f 152/194/126 153/195/127 133/167/107 132/166/106 
f 136/170/110 154/196/128 152/194/126 132/166/106 
s 4
f 137/171/111 155/197/129 156/198/130 138/172/112 
f 156/198/130 157/199/131 140/174/114 138/172/112 
s 1
f 151/193/125 158/200/132 142/176/116 130/164/104 
f 153/195/127 159/201/133 143/178/117 133/167/107 
s 4
f 157/199/131 160/202/134 144/180/118 140/174/114 
f 161/203/135 162/204/136 146/183/120 145/182/119 
f 163/205/137 164/206/138 165/207/139 166/208/140 
f 165/207/139 164/206/138 167/209/141 168/210/142 
s 1
f 169/211/143 170/212/144 171/213/145 172/214/146 
f 173/215/147 174/216/148 175/217/149 176/218/150 
s 4
f 177/219/151 178/220/152 179/221/153 180/222/154 
f 168/210/142 167/209/141 181/223/155 182/224/156 
s 1
f 183/225/157 184/226/158 185/227/159 169/211/143 
f 185/227/159 184/226/158 186/228/160 187/229/161 
f 188/230/162 189/231/163 190/232/164 191/233/165 
f 192/234/166 189/231/163 188/230/162 173/215/147 
s 4
f 193/235/167 194/236/168 195/237/169 177/219/151 
f 195/237/169 194/236/168 196/238/170 197/239/171 
s 1
f 187/229/161 186/228/160 198/240/172 180/241/154 
f 191/233/165 190/232/164 199/242/173 182/243/156 
s 4
f 197/239/171 196/238/170 200/244/174 176/245/150 
f 166/208/140 201/246/175 202/247/176 172/248/146 
f 203/249/177 204/250/178 205/251/179 206/252/180 
f 205/251/179 207/253/181 208/254/182 206/252/180 
s 1
f 209/255/183 210/256/184 211/257/185 212/258/186 
f 213/259/187 214/260/188 215/261/189 216/262/190 
s 4
f 217/263/191 218/264/192 219/265/193 220/266/194 
f 207/253/181 221/267/195 222/268/196 208/254/182 
s 1
f 223/269/197 224/270/198 225/271/199 212/258/186 
f 224/270/198 226/272/200 227/273/201 225/271/199 
f 228/274/202 229/275/203 230/276/204 231/277/205 
f 232/278/206 228/274/202 231/277/205 216/262/190 
s 4
f 233/279/207 234/280/208 235/281/209 220/266/194 
f 234/280/208 236/282/210 237/283/211 235/281/209 
s 1
f 226/272/200 238/284/212 219/285/193 227/273/201 
f 229/275/203 239/286/213 222/287/196 230/276/204 
s 4
f 236/282/210 240/288/214 215/289/189 237/283/211 
f 241/290/215 242/291/216 211/292/185 203/249/177 
f 203/249/177 206/252/180 243/293/217 241/290/215 
f 206/252/180 208/254/182 244/294/218 243/293/217 
s 1
f 212/258/186 211/257/185 242/295/216 223/269/197 
f 216/262/190 215/261/189 240/296/214 232/278/206 
s 4
f 220/266/194 219/265/193 238/297/212 233/279/207 
f 208/254/182 222/268/196 239/298/213 244/294/218 
s 1
f 223/269/197 245/299/219 246/300/220 224/270/198 
f 246/300/220 247/301/221 226/272/200 224/270/198 
f 248/302/222 249/303/223 229/275/203 228/274/202 
f 232/278/206 250/304/224 248/302/222 228/274/202 
s 4
f 233/279/207 251/305/225 252/306/226 234/280/208 
f 252/306/226 253/307/227 236/282/210 234/280/208 
s 1
f 247/301/221 254/308/228 238/284/212 226/272/200 
f 249/303/223 255/309/229 239/286/213 229/275/203 
s 4
f 253/307/227 256/310/230 240/288/214 236/282/210 
f 257/311/231 258/312/232 242/291/216 241/290/215 
f 259/313/233 260/314/234 261/315/235 262/316/236 
f 261/315/235 260/314/234 263/317/237 264/318/238 
s 1
f 265/319/239 266/320/240 267/321/241 268/322/242 
f 269/323/243 270/324/244 271/325/245 272/326/246 
s 4
f 273/327/247 274/328/248 275/329/249 276/330/250 
f 264/318/238 263/317/237 277/331/251 278/332/252 
s 1
f 279/333/253 280/334/254 281/335/255 265/319/239 
f 281/335/255 280/334/254 282/336/256 283/337/257 
f 284/338/258 285/339/259 286/340/260 287/341/261 
f 288/342/262 285/339/259 284/338/258 269/323/243 
s 4
f 289/343/263 290/344/264 291/345/265 273/327/247 
f 291/345/265 290/344/264 292/346/266 293/347/267 
s 1
f 283/337/257 282/336/256 294/348/268 276/349/250 
f 287/341/261 286/340/260 295/350/269 278/351/252 
s 4
f 293/347/267 292/346/266 296/352/270 272/353/246 
f 262/316/236 297/354/271 298/355/272 268/356/242 
f 299/357/273 300/358/274 301/359/275 302/360/276 
f 301/359/275 303/361/277 304/362/278 302/360/276 
s 1
f 305/363/279 306/364/280 307/365/281 308/366/282 
f 309/367/283 310/368/284 311/369/285 312/370/286 
s 4
f 313/371/287 314/372/288 315/373/289 316/374/290 
f 303/361/277 317/375/291 318/376/292 304/362/278 
s 1
f 319/377/293 320/378/294 321/379/295 308/366/282 
f 320/378/294 322/380/296 323/381/297 321/379/295 
f 324/382/298 325/383/299 326/384/300 327/385/301 
f 328/386/302 324/382/298 327/385/301 312/370/286 
s 4
f 329/387/303 330/388/304 331/389/305 316/374/290 
f 330/388/304 332/390/306 333/391/307 331/389/305 
s 1
f 322/380/296 334/392/308 315/393/289 323/381/297 
f 325/383/299 335/394/309 318/395/292 326/384/300 
s 4
f 332/390/306 336/396/310 311/397/285 333/391/307 
f 337/398/311 338/399/312 307/400/281 299/357/273 
f 299/357/273 302/360/276 339/401/313 337/398/311 
f 302/360/276 304/362/278 340/402/314 339/401/313 
s 1
f 308/366/282 307/365/281 338/403/312 319/377/293 
f 312/370/286 311/369/285 336/404/310 328/386/302 
s 4
f 316/374/290 315/373/289 334/405/308 329/387/303 
f 304/362/278 318/376/292 335/406/309 340/402/314 
s 1
f 319/377/293 341/407/315 342/408/316 320/378/294 
f 342/408/316 343/409/317 322/380/296 320/378/294 
f 344/410/318 345/411/319 325/383/299 324/382/298 
f 328/386/302 346/412/320 344/410/318 324/382/298 
s 4
f 329/387/303 347/413/321 348/414/322 330/388/304 
f 348/414/322 349/415/323 332/390/306 330/388/304 
s 1
f 343/409/317 350/416/324 334/392/308 322/380/296 
f 345/411/319 351/417/325 335/394/309 325/383/299 
s 4
f 349/415/323 352/418/326 336/396/310 332/390/306 
f 353/419/327 354/420/328 338/399/312 337/398/311 
f 355/421/329 356/422/330 357/423/331 358/424/332 
f 357/423/331 356/422/330 359/425/333 360/426/334 
s 1
f 361/427/335 362/428/336 363/429/337 364/430/338 
f 365/431/339 366/432/340 367/433/341 368/434/342 
s 4
f 369/435/343 370/436/344 371/437/345 372/438/346 
f 360/426/334 359/425/333 373/439/347 374/440/348 
s 1
f 375/441/349 376/442/350 377/443/351 361/427/335 
f 377/443/351 376/442/350 378/444/352 379/445/353 
f 380/446/354 381/447/355 382/448/356 383/449/357 
f 384/450/358 381/447/355 380/446/354 365/431/339 
s 4
f 385/451/359 386/452/360 387/453/361 369/435/343 
f 387/453/361 386/452/360 388/454/362 389/455/363 
s 1
f 379/445/353 378/444/352 390/456/364 372/457/346 
f 383/449/357 382/448/356 391/458/365 374/459/348 
s 4
f 389/455/363 388/454/362 392/460/366 368/461/342 
f 358/424/332 393/462/367 394/463/368 364/464/338 
f 395/465/369 396/466/370 397/467/371 398/468/372 
f 397/467/371 399/469/373 400/470/374 398/468/372 
s 1
f 401/471/375 402/472/376 403/473/377 404/474/378 
f 405/475/379 406/476/380 407/477/381 408/478/382 
s 4
f 409/479/383 410/480/384 411/481/385 412/482/386 
f 399/469/373 413/483/387 414/484/388 400/470/374 
s 1
f 415/485/389 416/486/390 417/487/391 404/474/378 
f 416/486/390 418/488/392 419/489/393 417/487/391 
f 420/490/394 421/491/395 422/492/396 423/493/397 
f 424/494/398 420/490/394 423/493/397 408/478/382 
s 4
f 425/495/399 426/496/400 427/497/401 412/482/386 
f 426/496/400 428/498/402 429/499/403 427/497/401 
s 1
f 418/488/392 430/500/404 411/501/385 419/489/393 
f 421/491/395 431/502/405 414/503/388 422/492/396 
s 4
f 428/498/402 432/504/406 407/505/381 429/499/403 
f 433/506/407 434/507/408 403/508/377 395/465/369 
f 395/465/369 398/468/372 435/509/409 433/506/407 
f 398/468/372 400/470/374 436/510/410 435/509/409 
s 1
f 404/474/378 403/473/377 434/511/408 415/485/389 
f 408/478/382 407/477/381 432/512/406 424/494/398 
s 4
f 412/482/386 411/481/385 430/513/404 425/495/399 
f 400/470/374 414/484/388 431/514/405 436/510/410 
s 1
f 415/485/389 437/515/411 438/516/412 416/486/390 
f 438/516/412 439/517/413 418/488/392 416/486/390 
f 440/518/414 441/519/415 421/491/395 420/490/394 
f 424/494/398 442/520/416 440/518/414 420/490/394 
s 4
f 425/495/399 443/521/417 444/522/418 426/496/400 
f 444/522/418 445/523/419 428/498/402 426/496/400 
s 1
f 439/517/413 446/524/420 430/500/404 418/488/392 
f 441/519/415 447/525/421 431/502/405 421/491/395 
s 4
f 445/523/419 448/526/422 432/504/406 428/498/402 
f 449/527/423 450/528/424 434/507/408 433/506/407 
f 451/529/425 452/530/426 54/54/28 53/53/27 
f 54/54/28 452/530/426 453/531/427 57/57/31 
s 1
f 60/60/34 454/532/428 455/533/429 61/61/35 
f 68/68/42 456/534/430 457/535/431 69/69/43 
s 4
f 72/72/46 458/536/432 459/537/433 73/73/47 
f 57/57/31 453/531/427 460/538/434 81/81/55 
s 1
f 59/59/33 85/539/59 461/540/435 60/60/34 
f 85/539/59 90/541/64 462/542/436 461/540/435 
f 87/543/61 86/544/60 463/545/437 464/546/438 
f 67/67/41 87/543/61 464/546/438 68/68/42 
s 4
f 71/71/45 89/547/63 465/548/439 72/72/46 
f 89/547/63 88/549/62 466/550/440 465/548/439 
s 1
f 90/541/64 74/551/48 73/552/47 462/542/436 
f 86/544/60 82/553/56 81/554/55 463/545/437 
s 4
f 88/549/62 70/555/44 69/556/43 466/550/440 
f 56/56/30 62/557/36 61/558/35 53/53/27 
s 1
f 454/532/428 467/559/441 468/560/442 469/561/443 
f 467/559/441 470/562/444 471/563/445 468/560/442 
f 472/564/446 473/565/447 474/566/448 475/567/449 
f 456/534/430 472/564/446 475/567/449 476/568/450 
s 4
f 458/536/432 477/569/451 478/570/452 479/571/453 
f 477/569/451 480/572/454 481/573/455 478/570/452 
s 1
f 471/563/445 470/562/444 459/574/433 482/575/456 
f 474/566/448 473/565/447 460/576/434 483/577/457 
s 4
f 481/573/455 480/572/454 457/578/431 484/579/458 
f 485/580/459 451/529/425 455/581/429 486/582/460 
f 487/583/461 488/584/462 489/585/463 485/580/459 
f 489/585/463 488/584/462 490/586/464 491/587/465 
s 1
f 469/561/443 492/588/466 493/589/467 486/590/460 
f 476/568/450 494/591/468 495/592/469 484/593/458 
s 4
f 479/571/453 496/594/470 497/595/471 482/596/456 
f 491/587/465 490/586/464 498/597/472 483/598/457 
f 485/580/459 489/585/463 452/530/426 451/529/425 
f 489/585/463 491/587/465 453/531/427 452/530/426 
s 1
f 469/561/443 486/590/460 455/533/429 454/532/428 
f 476/568/450 484/593/458 457/535/431 456/534/430 
s 4
f 479/571/453 482/596/456 459/537/433 458/536/432 
f 491/587/465 483/598/457 460/538/434 453/531/427 
s 1
f 454/532/428 60/60/34 461/540/435 467/559/441 
f 461/540/435 462/542/436 470/562/444 467/559/441 
f 464/546/438 463/545/437 473/565/447 472/564/446 
f 456/534/430 68/68/42 464/546/438 472/564/446 
s 4
f 458/536/432 72/72/46 465/548/439 477/569/451 
f 465/548/439 466/550/440 480/572/454 477/569/451 
s 1
f 462/542/436 73/552/47 459/574/433 470/562/444 
f 463/545/437 81/554/55 460/576/434 473/565/447 
s 4
f 466/550/440 69/556/43 457/578/431 480/572/454 
f 53/53/27 61/558/35 455/581/429 451/529/425 
s 1
f 116/150/90 129/163/103 499/599/473 113/147/87 
f 499/599/473 129/163/103 131/165/105 500/600/474 
f 501/601/475 135/169/109 134/168/108 502/602/476 
f 120/154/94 135/169/109 501/601/475 117/151/91 
s 4
f 124/158/98 139/173/113 503/603/477 121/155/95 
f 503/603/477 139/173/113 141/175/115 504/604/478 
s 1
f 500/600/474 131/165/105 123/177/97 122/605/96 
f 502/602/476 134/168/108 126/179/100 125/606/99 
s 4
f 504/604/478 141/175/115 119/181/93 118/607/92 
f 108/142/82 107/141/81 115/184/89 114/608/88 
f 105/137/79 505/609/479 109/143/83 108/142/82 
f 109/143/83 505/609/479 506/610/480 111/145/85 
s 1
f 113/147/87 91/115/65 106/611/80 114/148/88 
f 117/151/91 96/120/70 104/612/78 118/152/92 
s 4
f 121/155/95 97/121/71 102/613/76 122/156/96 
f 111/145/85 506/610/480 103/614/77 125/159/99 
s 1
f 91/115/65 113/147/87 499/599/473 92/116/66 
f 499/599/473 500/600/474 93/117/67 92/116/66 
f 501/601/475 502/602/476 95/119/69 94/118/68 
f 96/120/70 117/151/91 501/601/475 94/118/68 
s 4
f 97/121/71 121/155/95 503/603/477 98/122/72 
f 503/603/477 504/604/478 99/123/73 98/122/72 
s 1
f 500/600/474 122/605/96 102/130/76 93/117/67 
f 502/602/476 125/606/99 103/131/77 95/119/69 
s 4
f 504/604/478 118/607/92 104/136/78 99/123/73 
f 108/142/82 114/608/88 106/138/80 105/137/79 
f 105/137/79 77/77/51 100/125/74 505/609/479 
f 100/125/74 101/127/75 506/610/480 505/609/479 
s 1
f 1/1/1 78/129/52 106/611/80 91/115/65 
f 12/12/12 75/133/49 104/612/78 96/120/70 
s 4
f 30/30/14 63/135/37 102/613/76 97/121/71 
f 101/127/75 65/140/39 103/614/77 506/610/480 
s 1
f 170/212/144 507/615/481 150/192/124 149/191/123 
f 150/192/124 507/615/481 508/616/482 151/193/125 
f 152/194/126 509/617/483 510/618/484 153/195/127 
f 174/216/148 509/617/483 152/194/126 154/196/128 
s 4
f 178/220/152 511/619/485 156/198/130 155/197/129 
f 156/198/130 511/619/485 512/620/486 157/199/131 
s 1
f 151/193/125 508/616/482 179/621/153 158/200/132 
f 153/195/127 510/618/484 181/622/155 159/201/133 
s 4
f 157/199/131 512/620/486 175/623/149 160/202/134 
f 161/203/135 163/205/137 171/624/145 162/204/136 
f 145/182/119 147/185/121 513/625/487 161/203/135 
f 513/625/487 147/185/121 148/186/122 514/626/488 
s 1
f 149/191/123 127/161/101 146/187/120 162/627/136 
f 154/196/128 136/170/110 144/188/118 160/628/134 
s 4
f 155/197/129 137/171/111 142/189/116 158/629/132 
f 514/626/488 148/186/122 143/190/117 159/630/133 
f 163/205/137 161/203/135 513/625/487 164/206/138 
f 513/625/487 514/626/488 167/209/141 164/206/138 
s 1
f 149/191/123 162/627/136 171/213/145 170/212/144 
f 154/196/128 160/628/134 175/217/149 174/216/148 
s 4
f 155/197/129 158/629/132 179/221/153 178/220/152 
f 514/626/488 159/630/133 181/223/155 167/209/141 
s 1
f 170/212/144 169/211/143 185/227/159 507/615/481 
f 185/227/159 187/229/161 508/616/482 507/615/481 
f 188/230/162 191/233/165 510/618/484 509/617/483 
f 174/216/148 173/215/147 188/230/162 509/617/483 
s 4
f 178/220/152 177/219/151 195/237/169 511/619/485 
f 195/237/169 197/239/171 512/620/486 511/619/485 
s 1
f 187/229/161 180/241/154 179/621/153 508/616/482 
f 191/233/165 182/243/156 181/622/155 510/618/484 
s 4
f 197/239/171 176/245/150 175/623/149 512/620/486 
f 166/208/140 172/248/146 171/624/145 163/205/137 
s 1
f 212/258/186 225/271/199 515/631/489 209/255/183 
f 515/631/489 225/271/199 227/273/201 516/632/490 
f 517/633/491 231/277/205 230/276/204 518/634/492 
f 216/262/190 231/277/205 517/633/491 213/259/187 
s 4
f 220/266/194 235/281/209 519/635/493 217/263/191 
f 519/635/493 235/281/209 237/283/211 520/636/494 
s 1
f 516/632/490 227/273/201 219/285/193 218/637/192 
f 518/634/492 230/276/204 222/287/196 221/638/195 
s 4
f 520/636/494 237/283/211 215/289/189 214/639/188 
f 204/250/178 203/249/177 211/292/185 210/640/184 
f 201/246/175 521/641/495 205/251/179 204/250/178 
f 205/251/179 521/641/495 522/642/496 207/253/181 
s 1
f 209/255/183 183/225/157 202/643/176 210/256/184 
f 213/259/187 192/234/166 200/644/174 214/260/188 
s 4
f 217/263/191 193/235/167 198/645/172 218/264/192 
f 207/253/181 522/642/496 199/646/173 221/267/195 
s 1
f 183/225/157 209/255/183 515/631/489 184/226/158 
f 515/631/489 516/632/490 186/228/160 184/226/158 
f 517/633/491 518/634/492 190/232/164 189/231/163 
f 192/234/166 213/259/187 517/633/491 189/231/163 
s 4
f 193/235/167 217/263/191 519/635/493 194/236/168 
f 519/635/493 520/636/494 196/238/170 194/236/168 
s 1
f 516/632/490 218/637/192 198/240/172 186/228/160 
f 518/634/492 221/638/195 199/242/173 190/232/164 
s 4
f 520/636/494 214/639/188 200/244/174 196/238/170 
f 204/250/178 210/640/184 202/247/176 201/246/175 
f 201/246/175 166/208/140 165/207/139 521/641/495 
f 165/207/139 168/210/142 522/642/496 521/641/495 
s 1
f 169/211/143 172/214/146 202/643/176 183/225/157 
f 173/215/147 176/218/150 200/644/174 192/234/166 
s 4
f 177/219/151 180/222/154 198/645/172 193/235/167 
f 168/210/142 182/224/156 199/646/173 522/642/496 
s 1
f 266/320/240 523/647/497 246/300/220 245/299/219 
f 246/300/220 523/647/497 524/648/498 247/301/221 
f 248/302/222 525/649/499 526/650/500 249/303/223 
f 270/324/244 525/649/499 248/302/222 250/304/224 
s 4
f 274/328/248 527/651/501 252/306/226 251/305/225 
f 252/306/226 527/651/501 528/652/502 253/307/227 
s 1
f 247/301/221 524/648/498 275/653/249 254/308/228 
f 249/303/223 526/650/500 277/654/251 255/309/229 
s 4
f 253/307/227 528/652/502 271/655/245 256/310/230 
f 257/311/231 259/313/233 267/656/241 258/312/232 
f 241/290/215 243/293/217 529/657/503 257/311/231 
f 529/657/503 243/293/217 244/294/218 530/658/504 
s 1
f 245/299/219 223/269/197 242/295/216 258/659/232 
f 250/304/224 232/278/206 240/296/214 256/660/230 
s 4
f 251/305/225 233/279/207 238/297/212 254/661/228 
f 530/658/504 244/294/218 239/298/213 255/662/229 
f 259/313/233 257/311/231 529/657/503 260/314/234 
f 529/657/503 530/658/504 263/317/237 260/314/234 
s 1
f 245/299/219 258/659/232 267/321/241 266/320/240 
f 250/304/224 256/660/230 271/325/245 270/324/244 
s 4
f 251/305/225 254/661/228 275/329/249 274/328/248 
f 530/658/504 255/662/229 277/331/251 263/317/237 
s 1
f 266/320/240 265/319/239 281/335/255 523/647/497 
f 281/335/255 283/337/257 524/648/498 523/647/497 
f 284/338/258 287/341/261 526/650/500 525/649/499 
f 270/324/244 269/323/243 284/338/258 525/649/499 
s 4
f 274/328/248 273/327/247 291/345/265 527/651/501 
f 291/345/265 293/347/267 528/652/502 527/651/501 
s 1
f 283/337/257 276/349/250 275/653/249 524/648/498 
f 287/341/261 278/351/252 277/654/251 526/650/500 
s 4
f 293/347/267 272/353/246 271/655/245 528/652/502 
f 262/316/236 268/356/242 267/656/241 259/313/233 
s 1
f 308/366/282 321/379/295 531/663/505 305/363/279 
f 531/663/505 321/379/295 323/381/297 532/664/506 
f 533/665/507 327/385/301 326/384/300 534/666/508 
f 312/370/286 327/385/301 533/665/507 309/367/283 
s 4
f 316/374/290 331/389/305 535/667/509 313/371/287 
f 535/667/509 331/389/305 333/391/307 536/668/510 
s 1
f 532/664/506 323/381/297 315/393/289 314/669/288 
f 534/666/508 326/384/300 318/395/292 317/670/291 
s 4
f 536/668/510 333/391/307 311/397/285 310/671/284 
f 300/358/274 299/357/273 307/400/281 306/672/280 
f 297/354/271 537/673/511 301/359/275 300/358/274 
f 301/359/275 537/673/511 538/674/512 303/361/277 
s 1
f 305/363/279 279/333/253 298/675/272 306/364/280 
f 309/367/283 288/342/262 296/676/270 310/368/284 
s 4
f 313/371/287 289/343/263 294/677/268 314/372/288 
f 303/361/277 538/674/512 295/678/269 317/375/291 
s 1
f 279/333/253 305/363/279 531/663/505 280/334/254 
f 531/663/505 532/664/506 282/336/256 280/334/254 
f 533/665/507 534/666/508 286/340/260 285/339/259 
f 288/342/262 309/367/283 533/665/507 285/339/259 
s 4
f 289/343/263 313/371/287 535/667/509 290/344/264 
f 535/667/509 536/668/510 292/346/266 290/344/264 
s 1
f 532/664/506 314/669/288 294/348/268 282/336/256 
f 534/666/508 317/670/291 295/350/269 286/340/260 
s 4
f 536/668/510 310/671/284 296/352/270 292/346/266 
f 300/358/274 306/672/280 298/355/272 297/354/271 
f 297/354/271 262/316/236 261/315/235 537/673/511 
f 261/315/235 264/318/238 538/674/512 537/673/511 
s 1
f 265/319/239 268/322/242 298/675/272 279/333/253 
f 269/323/243 272/326/246 296/676/270 288/342/262 
s 4
f 273/327/247 276/330/250 294/677/268 289/343/263 
f 264/318/238 278/332/252 295/678/269 538/674/512 
s 1
f 362/428/336 539/679/513 342/408/316 341/407/315 
f 342/408/316 539/679/513 540/680/514 343/409/317 
f 344/410/318 541/681/515 542/682/516 345/411/319 
f 366/432/340 541/681/515 344/410/318 346/412/320 
s 4
f 370/436/344 543/683/517 348/414/322 347/413/321 
f 348/414/322 543/683/517 544/684/518 349/415/323 
s 1
f 343/409/317 540/680/514 371/685/345 350/416/324 
f 345/411/319 542/682/516 373/686/347 351/417/325 
s 4
f 349/415/323 544/684/518 367/687/341 352/418/326 
f 353/419/327 355/421/329 363/688/337 354/420/328 
f 337/398/311 339/401/313 545/689/519 353/419/327 
f 545/689/519 339/401/313 340/402/314 546/690/520 
s 1
f 341/407/315 319/377/293 338/403/312 354/691/328 
f 346/412/320 328/386/302 336/404/310 352/692/326 
s 4
f 347/413/321 329/387/303 334/405/308 350/693/324 
f 546/690/520 340/402/314 335/406/309 351/694/325 
f 355/421/329 353/419/327 545/689/519 356/422/330 
f 545/689/519 546/690/520 359/425/333 356/422/330 
s 1
f 341/407/315 354/691/328 363/429/337 362/428/336 
f 346/412/320 352/692/326 367/433/341 366/432/340 
s 4
f 347/413/321 350/693/324 371/437/345 370/436/344 
f 546/690/520 351/694/325 373/439/347 359/425/333 
s 1
f 362/428/336 361/427/335 377/443/351 539/679/513 
f 377/443/351 379/445/353 540/680/514 539/679/513 
f 380/446/354 383/449/357 542/682/516 541/681/515 
f 366/432/340 365/431/339 380/446/354 541/681/515 
s 4
f 370/436/344 369/435/343 387/453/361 543/683/517 
f 387/453/361 389/455/363 544/684/518 543/683/517 
s 1
f 379/445/353 372/457/346 371/685/345 540/680/514 
f 383/449/357 374/459/348 373/686/347 542/682/516 
s 4
f 389/455/363 368/461/342 367/687/341 544/684/518 
f 358/424/332 364/464/338 363/688/337 355/421/329 
s 1
f 404/474/378 417/487/391 547/695/521 401/471/375 
f 547/695/521 417/487/391 419/489/393 548/696/522 
f 549/697/523 423/493/397 422/492/396 550/698/524 
f 408/478/382 423/493/397 549/697/523 405/475/379 
s 4
f 412/482/386 427/497/401 551/699/525 409/479/383 
f 551/699/525 427/497/401 429/499/403 552/700/526 
s 1
f 548/696/522 419/489/393 411/501/385 410/701/384 
f 550/698/524 422/492/396 414/503/388 413/702/387 
s 4
f 552/700/526 429/499/403 407/505/381 406/703/380 
f 396/466/370 395/465/369 403/508/377 402/704/376 
f 393/462/367 553/705/527 397/467/371 396/466/370 
f 397/467/371 553/705/527 554/706/528 399/469/373 
s 1
f 401/471/375 375/441/349 394/707/368 402/472/376 
f 405/475/379 384/450/358 392/708/366 406/476/380 
s 4
f 409/479/383 385/451/359 390/709/364 410/480/384 
f 399/469/373 554/706/528 391/710/365 413/483/387 
s 1
f 375/441/349 401/471/375 547/695/521 376/442/350 
f 547/695/521 548/696/522 378/444/352 376/442/350 
f 549/697/523 550/698/524 382/448/356 381/447/355 
f 384/450/358 405/475/379 549/697/523 381/447/355 
s 4
f 385/451/359 409/479/383 551/699/525 386/452/360 
f 551/699/525 552/700/526 388/454/362 386/452/360 
s 1
f 548/696/522 410/701/384 390/456/364 378/444/352 
f 550/698/524 413/702/387 391/458/365 382/448/356 
s 4
f 552/700/526 406/703/380 392/460/366 388/454/362 
f 396/466/370 402/704/376 394/463/368 393/462/367 
f 393/462/367 358/424/332 357/423/331 553/705/527 
f 357/423/331 360/426/334 554/706/528 553/705/527 
s 1
f 361/427/335 364/430/338 394/707/368 375/441/349 
f 365/431/339 368/434/342 392/708/366 384/450/358 
s 4
f 369/435/343 372/438/346 390/709/364 385/451/359 
f 360/426/334 374/440/348 391/710/365 554/706/528 
s 1
f 492/588/466 555/711/529 438/516/412 437/515/411 
f 438/516/412 555/711/529 556/712/530 439/517/413 
f 440/518/414 557/713/531 558/714/532 441/519/415 
f 494/591/468 557/713/531 440/518/414 442/520/416 
s 4
f 496/594/470 559/715/533 444/522/418 443/521/417 
f 444/522/418 559/715/533 560/716/534 445/523/419 
s 1
f 439/517/413 556/712/530 497/717/471 446/524/420 
f 441/519/415 558/714/532 498/718/472 447/525/421 
s 4
f 445/523/419 560/716/534 495/719/469 448/526/422 
f 449/527/423 487/583/461 493/720/467 450/528/424 
f 433/506/407 435/509/409 561/721/535 449/527/423 
f 561/721/535 435/509/409 436/510/410 562/722/536 
s 1
f 437/515/411 415/485/389 434/511/408 450/723/424 
f 442/520/416 424/494/398 432/512/406 448/724/422 
s 4
f 443/521/417 425/495/399 430/513/404 446/725/420 
f 562/722/536 436/510/410 431/514/405 447/726/421 
f 487/583/461 449/527/423 561/721/535 488/584/462 
f 561/721/535 562/722/536 490/586/464 488/584/462 
s 1
f 437/515/411 450/723/424 493/589/467 492/588/466 
f 442/520/416 448/724/422 495/592/469 494/591/468 
s 4
f 443/521/417 446/725/420 497/595/471 496/594/470 
f 562/722/536 447/726/421 498/597/472 490/586/464 
s 1
f 492/588/466 469/561/443 468/560/442 555/711/529 
f 468/560/442 471/563/445 556/712/530 555/711/529 
f 475/567/449 474/566/448 558/714/532 557/713/531 
f 494/591/468 476/568/450 475/567/449 557/713/531 
s 4
f 496/594/470 479/571/453 478/570/452 559/715/533 
f 478/570/452 481/573/455 560/716/534 559/715/533 
s 1
f 471/563/445 482/575/456 497/717/471 556/712/530 
f 474/566/448 483/577/457 498/718/472 558/714/532 
s 4
f 481/573/455 484/579/458 495/719/469 560/716/534 
f 485/580/459 486/582/460 493/720/467 487/583/461 
f 563/727/537 564/728/538 565/729/539 566/730/540 
f 564/728/538 567/731/541 568/732/542 565/729/539 
f 567/731/541 569/733/543 570/734/544 568/732/542 
f 571/735/545 572/736/546 570/734/544 569/733/543 
f 573/737/547 574/738/548 572/736/546 571/735/545 
f 573/737/547 575/739/549 576/740/550 574/738/548 
f 577/741/551 578/742/552 576/740/550 575/739/549 
f 579/743/553 580/744/554 578/742/552 577/741/551 
f 581/745/555 582/746/556 580/744/554 579/743/553 
f 583/747/557 584/748/558 582/746/556 581/745/555 
f 566/730/540 565/729/539 585/749/559 586/750/560 
f 565/729/539 568/732/542 587/751/561 585/749/559 
f 568/732/542 570/734/544 588/752/562 587/751/561 
f 570/734/544 572/736/546 589/753/563 588/752/562 
f 574/738/548 590/754/564 589/753/563 572/736/546 
f 576/740/550 591/755/565 590/754/564 574/738/548 
f 578/742/552 592/756/566 591/755/565 576/740/550 
f 580/744/554 593/757/567 592/756/566 578/742/552 
f 582/746/556 594/758/568 593/757/567 580/744/554 
f 582/746/556 584/748/558 595/759/569 594/758/568 
s 32
f 596/760/570 589/761/563 590/762/564 597/763/571 
f 596/760/570 598/764/572 588/765/562 589/761/563 
s 4
f 599/766/573 563/727/537 566/730/540 600/767/574 
f 566/730/540 586/750/560 601/768/575 600/767/574 
s 8
f 602/769/576 563/770/537 599/771/573 
f 603/772/577 564/773/538 563/770/537 602/769/576 
f 604/774/578 567/775/541 564/773/538 603/772/577 
f 605/776/579 569/777/543 567/775/541 604/774/578 
f 606/778/580 571/779/545 569/777/543 605/776/579 
f 573/780/547 571/779/545 606/778/580 607/781/581 
f 575/782/549 573/780/547 607/781/581 608/783/582 
f 577/784/551 575/782/549 608/783/582 609/785/583 
f 579/786/553 577/784/551 609/785/583 610/787/584 
f 581/788/555 579/786/553 610/787/584 611/789/585 
f 583/790/557 581/788/555 611/789/585 
s 32
f 612/791/586 594/792/568 595/793/569 
f 613/794/587 593/795/567 594/792/568 612/791/586 
f 614/796/588 592/797/566 593/795/567 613/794/587 
f 615/798/589 591/799/565 592/797/566 614/796/588 
f 597/763/571 590/762/564 591/799/565 615/798/589 
f 587/800/561 588/765/562 598/764/572 616/801/590 
f 585/802/559 587/800/561 616/801/590 617/803/591 
f 586/804/560 585/802/559 617/803/591 618/805/592 
f 601/806/575 586/804/560 618/805/592 
s 4
f 619/807/593 620/808/594 621/809/595 622/810/596 
f 622/810/596 621/809/595 623/811/597 624/812/598 
f 624/812/598 623/811/597 625/813/599 626/814/600 
f 625/813/599 627/815/601 628/816/602 626/814/600 
f 627/815/601 629/817/603 630/818/604 628/816/602 
f 630/818/604 629/817/603 631/819/605 632/820/606 
f 631/819/605 633/821/607 634/822/608 632/820/606 
f 633/821/607 635/823/609 636/824/610 634/822/608 
f 635/823/609 637/825/611 638/826/612 636/824/610 
f 637/825/611 584/748/558 583/747/557 638/826/612 
f 620/808/594 639/827/613 640/828/614 621/809/595 
f 621/809/595 640/828/614 641/829/615 623/811/597 
f 623/811/597 641/829/615 642/830/616 625/813/599 
f 625/813/599 642/830/616 643/831/617 627/815/601 
f 643/831/617 644/832/618 629/817/603 627/815/601 
f 644/832/618 645/833/619 631/819/605 629/817/603 
f 645/833/619 646/834/620 633/821/607 631/819/605 
f 646/834/620 647/835/621 635/823/609 633/821/607 
f 647/835/621 648/836/622 637/825/611 635/823/609 
f 637/825/611 648/836/622 595/759/569 584/748/558 
s 32
f 644/837/618 643/838/617 596/760/570 597/763/571 
f 596/760/570 643/838/617 642/839/616 598/764/572 
s 4
f 599/766/573 600/767/574 620/808/594 619/807/593 
f 601/768/575 639/827/613 620/808/594 600/767/574 
s 8
f 602/769/576 599/771/573 619/840/593 
f 603/772/577 602/769/576 619/840/593 622/841/596 
f 604/774/578 603/772/577 622/841/596 624/842/598 
f 605/776/579 604/774/578 624/842/598 626/843/600 
f 606/778/580 605/776/579 626/843/600 628/844/602 
f 606/778/580 628/844/602 630/845/604 607/781/581 
f 607/781/581 630/845/604 632/846/606 608/783/582 
f 608/783/582 632/846/606 634/847/608 609/785/583 
f 609/785/583 634/847/608 636/848/610 610/787/584 
f 610/787/584 636/848/610 638/849/612 611/789/585 
f 583/790/557 611/789/585 638/849/612 
s 32
f 612/791/586 595/793/569 648/850/622 
f 613/794/587 612/791/586 648/850/622 647/851/621 
f 614/796/588 613/794/587 647/851/621 646/852/620 
f 615/798/589 614/796/588 646/852/620 645/853/619 
f 645/853/619 644/837/618 597/763/571 615/798/589 
f 598/764/572 642/839/616 641/854/615 616/801/590 
f 616/801/590 641/854/615 640/855/614 617/803/591 
f 617/803/591 640/855/614 639/856/613 618/805/592 
f 601/806/575 618/805/592 639/856/613 
s 4
f 649/857/623 650/858/624 651/859/625 652/860/626 
f 650/858/624 653/861/627 654/862/628 651/859/625 
f 653/861/627 655/863/629 656/864/630 654/862/628 
f 657/865/631 658/866/632 656/864/630 655/863/629 
f 659/867/633 660/868/634 658/866/632 657/865/631 
f 659/867/633 661/869/635 662/870/636 660/868/634 
f 663/871/637 664/872/638 662/870/636 661/869/635 
f 665/873/639 666/874/640 664/872/638 663/871/637 
f 667/875/641 668/876/642 666/874/640 665/873/639 
f 669/877/643 670/878/644 668/876/642 667/875/641 
f 652/879/626 651/880/625 671/881/645 672/882/646 
f 651/880/625 654/883/628 673/884/647 671/881/645 
f 654/883/628 656/885/630 674/886/648 673/884/647 
f 658/887/632 675/888/649 674/886/648 656/885/630 
f 660/889/634 676/890/650 675/888/649 658/887/632 
f 662/891/636 677/892/651 676/890/650 660/889/634 
f 664/893/638 678/894/652 677/892/651 662/891/636 
f 666/895/640 679/896/653 678/894/652 664/893/638 
f 668/897/642 680/898/654 679/896/653 666/895/640 
f 668/897/642 670/899/644 681/900/655 680/898/654 
s 32
f 682/901/656 675/902/649 676/903/650 683/904/657 
f 682/901/656 684/905/658 674/906/648 675/902/649 
s 4
f 685/907/659 649/857/623 652/860/626 686/908/660 
f 652/879/626 672/882/646 687/909/661 686/910/660 
s 8
f 688/911/662 649/912/623 685/913/659 
f 689/914/663 650/915/624 649/912/623 688/911/662 
f 690/916/664 653/917/627 650/915/624 689/914/663 
f 691/918/665 655/919/629 653/917/627 690/916/664 
f 657/920/631 655/919/629 691/918/665 692/921/666 
f 659/922/633 657/920/631 692/921/666 693/923/667 
f 661/924/635 659/922/633 693/923/667 694/925/668 
f 663/926/637 661/924/635 694/925/668 695/927/669 
f 665/928/639 663/926/637 695/927/669 696/929/670 
f 667/930/641 665/928/639 696/929/670 697/931/671 
f 669/932/643 667/930/641 697/931/671 
s 32
f 698/933/672 680/934/654 681/935/655 
f 699/936/673 679/937/653 680/934/654 698/933/672 
f 700/938/674 678/939/652 679/937/653 699/936/673 
f 701/940/675 677/941/651 678/939/652 700/938/674 
f 683/904/657 676/903/650 677/941/651 701/940/675 
f 673/942/647 674/906/648 684/905/658 702/943/676 
f 671/944/645 673/942/647 702/943/676 703/945/677 
f 672/946/646 671/944/645 703/945/677 704/947/678 
f 687/948/661 672/946/646 704/947/678 
s 4
f 705/949/679 706/950/680 707/951/681 708/952/682 
f 708/952/682 707/951/681 709/953/683 710/954/684 
f 710/954/684 709/953/683 711/955/685 712/956/686 
f 711/955/685 713/957/687 714/958/688 712/956/686 
f 713/957/687 715/959/689 716/960/690 714/958/688 
f 716/960/690 715/959/689 717/961/691 718/962/692 
f 717/961/691 719/963/693 720/964/694 718/962/692 
f 719/963/693 721/965/695 722/966/696 720/964/694 
f 721/965/695 723/967/697 724/968/698 722/966/696 
f 723/967/697 670/969/644 669/970/643 724/968/698 
f 706/971/680 725/972/699 726/973/700 707/974/681 
f 707/974/681 726/973/700 727/975/701 709/976/683 
f 709/976/683 727/975/701 728/977/702 711/978/685 
f 728/977/702 729/979/703 713/980/687 711/978/685 
f 729/979/703 730/981/704 715/982/689 713/980/687 
f 730/981/704 731/983/705 717/984/691 715/982/689 
f 731/983/705 732/985/706 719/986/693 717/984/691 
f 732/985/706 733/987/707 721/988/695 719/986/693 
f 733/987/707 734/989/708 723/990/697 721/988/695 
f 723/990/697 734/989/708 681/991/655 670/992/644 
s 32
f 730/993/704 729/994/703 682/901/656 683/904/657 
f 682/901/656 729/994/703 728/995/702 684/905/658 
s 4
f 685/907/659 686/908/660 706/950/680 705/949/679 
f 687/909/661 725/972/699 706/971/680 686/910/660 
s 8
f 688/911/662 685/913/659 705/996/679 
f 689/914/663 688/911/662 705/996/679 708/997/682 
f 690/916/664 689/914/663 708/997/682 710/998/684 
f 691/918/665 690/916/664 710/998/684 712/999/686 
f 691/918/665 712/999/686 714/1000/688 692/921/666 
f 692/921/666 714/1000/688 716/1001/690 693/923/667 
f 693/923/667 716/1001/690 718/1002/692 694/925/668 
f 694/925/668 718/1002/692 720/1003/694 695/927/669 
f 695/927/669 720/1003/694 722/1004/696 696/929/670 
f 696/929/670 722/1004/696 724/1005/698 697/931/671 
f 669/932/643 697/931/671 724/1005/698 
s 32
f 698/933/672 681/935/655 734/1006/708 
f 699/936/673 698/933/672 734/1006/708 733/1007/707 
f 700/938/674 699/936/673 733/1007/707 732/1008/706 
f 701/940/675 700/938/674 732/1008/706 731/1009/705 
f 731/1009/705 730/993/704 683/904/657 701/940/675 
f 684/905/658 728/995/702 727/1010/701 702/943/676 
f 702/943/676 727/1010/701 726/1011/700 703/945/677 
f 703/945/677 726/1011/700 725/1012/699 704/947/678 
f 687/948/661 704/947/678 725/1012/699 
s off
f 735/1013/709 736/1014/710 737/1015/711 738/1016/712 
f 737/1015/711 739/1017/713 740/1018/714 738/1016/712 
f 741/1019/715 742/1020/716 743/1021/717 744/1022/718 
f 742/1020/716 745/1023/719 746/1024/720 743/1021/717 
f 747/1025/721 748/1026/722 749/1027/723 750/1028/724 
f 749/1027/723 748/1026/722 751/1029/725 752/1030/726 
f 753/1031/727 754/1032/728 755/1033/729 756/1034/730 
f 757/1035/731 758/1036/732 755/1033/729 754/1032/728 
f 759/1037/733 760/1038/734 761/1039/735 762/1040/736 
f 763/1041/737 764/1042/738 760/1038/734 759/1037/733 
f 765/1043/739 766/1044/740 767/1045/741 768/1046/742 
f 765/1043/739 769/1047/743 770/1048/744 766/1044/740 
f 771/1049/745 735/1050/709 738/1051/712 772/1052/746 
f 772/1052/746 738/1051/712 773/1053/13 774/1054/747 
f 738/1051/712 740/1055/714 775/1056/748 776/1057/749 
f 775/1056/748 777/1058/750 776/1057/749 
f 738/1051/712 776/1057/749 773/1053/13 
f 774/1054/747 773/1053/13 754/1059/728 778/1060/751 
f 754/1059/728 753/1061/727 778/1060/751 
f 774/1054/747 778/1060/751 779/1062/752 
f 773/1053/13 776/1057/749 780/1063/753 781/1064/754 
f 773/1053/13 781/1064/754 757/1065/731 754/1059/728 
f 777/1066/750 782/1067/755 783/1068/756 776/1069/749 
f 784/1070/757 785/1071/758 786/1072/759 787/1073/760 
f 788/1074/761 789/1075/762 790/1076/763 791/1077/764 
f 783/1068/756 792/1078/765 780/1079/753 776/1069/749 
f 785/1071/758 793/1080/766 794/1081/767 786/1072/759 
f 790/1076/763 789/1075/762 795/1082/768 796/1083/769 
f 751/1084/725 748/1085/722 797/1086/21 798/1087/770 
f 788/1088/761 798/1087/770 797/1086/21 789/1089/762 
f 748/1085/722 747/1090/721 799/1091/771 800/1092/772 
f 748/1085/722 800/1092/772 801/1093/773 797/1086/21 
f 797/1086/21 766/1094/740 770/1095/744 802/1096/774 
f 797/1086/21 802/1096/774 795/1097/768 789/1089/762 
f 797/1086/21 801/1093/773 803/1098/775 804/1099/776 
f 797/1086/21 804/1099/776 767/1100/741 766/1094/740 
f 800/1101/772 805/1102/777 806/1103/778 801/1104/773 
f 807/1105/779 808/1106/780 809/1107/781 810/1108/782 
f 772/1109/746 774/1110/747 811/1111/783 812/1112/784 
f 806/1103/778 813/1113/785 803/1114/775 801/1104/773 
f 808/1106/780 814/1115/786 815/1116/787 809/1107/781 
f 811/1111/783 774/1110/747 779/1117/752 816/1118/788 
f 735/1013/709 771/1119/745 817/1120/789 736/1014/710 
f 740/1018/714 739/1017/713 818/1121/790 775/1122/748 
f 819/1123/791 820/1124/792 821/1125/793 822/1126/794 
f 823/1127/795 824/1128/796 825/1129/797 826/1130/798 
f 747/1025/721 750/1028/724 827/1131/799 799/1132/771 
f 751/1029/725 798/1133/770 828/1134/800 752/1030/726 
f 753/1031/727 756/1034/730 829/1135/801 778/1136/751 
f 757/1035/731 781/1137/754 830/1138/802 758/1036/732 
f 831/1139/803 832/1140/804 833/1141/805 834/1142/806 
f 835/1143/807 836/1144/808 837/1145/809 838/1146/810 
f 767/1045/741 804/1147/776 839/1148/811 768/1046/742 
f 770/1048/744 769/1047/743 840/1149/812 802/1150/774 
f 777/1066/750 775/1151/748 818/1152/790 782/1067/755 
f 841/1153/813 825/1129/797 824/1154/796 842/1155/814 
f 788/1074/761 791/1077/764 828/1156/800 798/1157/770 
f 780/1079/753 792/1078/765 830/1158/802 781/1159/754 
f 843/1160/815 837/1161/809 836/1162/808 844/1163/816 
f 795/1082/768 802/1164/774 840/1165/812 796/1083/769 
f 800/1101/772 799/1166/771 827/1167/799 805/1102/777 
f 845/1168/817 821/1169/793 820/1124/792 846/1170/818 
f 772/1109/746 812/1112/784 817/1171/789 771/1172/745 
f 803/1114/775 813/1113/785 839/1173/811 804/1174/776 
f 847/1175/819 833/1141/805 832/1176/804 848/1177/820 
f 779/1117/752 778/1178/751 829/1179/801 816/1118/788 
f 755/1180/729 759/1037/733 762/1040/736 756/1181/730 
f 755/1180/729 758/1182/732 763/1041/737 759/1037/733 
f 769/1183/743 764/1042/738 763/1041/737 758/1182/732 
f 765/1184/739 760/1038/734 764/1042/738 769/1183/743 
f 765/1184/739 768/1185/742 761/1039/735 760/1038/734 
f 756/1181/730 762/1040/736 761/1039/735 768/1185/742 
f 758/1186/732 835/1187/807 838/1188/810 769/1189/743 
f 830/1190/802 836/1191/808 835/1192/807 758/1193/732 
f 830/1194/802 792/1195/765 844/1196/816 836/1197/808 
f 796/1198/769 843/1160/815 844/1163/816 792/1199/765 
f 840/1200/812 837/1201/809 843/1160/815 796/1198/769 
f 840/1200/812 769/1189/743 838/1188/810 837/1201/809 
f 783/1202/756 782/1203/755 787/1073/760 786/1072/759 
f 791/1204/764 784/1070/757 787/1073/760 782/1203/755 
f 790/1205/763 785/1071/758 784/1070/757 791/1204/764 
f 790/1205/763 796/1206/769 793/1080/766 785/1071/758 
f 792/1207/765 794/1081/767 793/1080/766 796/1206/769 
f 783/1202/756 786/1072/759 794/1081/767 792/1207/765 
f 752/1208/726 823/1127/795 826/1130/798 739/1209/713 
f 828/1210/800 824/1211/796 823/1212/795 752/1213/726 
f 828/1210/800 791/1214/764 842/1215/814 824/1211/796 
f 782/1203/755 841/1153/813 842/1155/814 791/1204/764 
f 818/1216/790 825/1129/797 841/1153/813 782/1203/755 
f 818/1216/790 739/1209/713 826/1130/798 825/1129/797 
f 737/1217/711 736/1218/710 744/1022/718 743/1021/717 
f 750/1219/724 741/1019/715 744/1022/718 736/1218/710 
f 749/1220/723 742/1221/716 741/1222/715 750/1223/724 
f 749/1220/723 752/1224/726 745/1225/719 742/1221/716 
f 739/1226/713 746/1024/720 745/1023/719 752/1227/726 
f 737/1217/711 743/1021/717 746/1024/720 739/1226/713 
f 736/1228/710 819/1123/791 822/1126/794 750/1229/724 
f 817/1230/789 820/1124/792 819/1123/791 736/1228/710 
f 817/1230/789 812/1231/784 846/1170/818 820/1124/792 
f 805/1232/777 845/1168/817 846/1170/818 812/1231/784 
f 827/1233/799 821/1234/793 845/1235/817 805/1236/777 
f 827/1233/799 750/1229/724 822/1126/794 821/1234/793 
f 806/1237/778 805/1238/777 810/1108/782 809/1107/781 
f 812/1112/784 807/1105/779 810/1108/782 805/1238/777 
f 811/1111/783 808/1106/780 807/1105/779 812/1112/784 
f 811/1111/783 816/1118/788 814/1115/786 808/1106/780 
f 813/1239/785 815/1116/787 814/1115/786 816/1118/788 
f 806/1237/778 809/1107/781 815/1116/787 813/1239/785 
f 768/1185/742 831/1139/803 834/1142/806 756/1181/730 
f 839/1240/811 832/1241/804 831/1242/803 768/1243/742 
f 839/1240/811 813/1244/785 848/1245/820 832/1241/804 
f 816/1246/788 847/1175/819 848/1177/820 813/1247/785 
f 829/1248/801 833/1141/805 847/1175/819 816/1246/788 
f 829/1248/801 756/1181/730 834/1142/806 833/1141/805 
# 826 polygons - 28 triangles

