#File written by RizomUV 2025.0.101.g577a16f3. Compilation :Sep 18 2025,15:37:21
#begin vertices
v 59.2765 37.8571 -10.6963
v 59.6009 37.538 -0.029
v 20.7266 37.6401 -0.0101
v 20.6765 37.5953 -10.9393
v 59.5864 49.34 -11.0065
v 20.6191 49.349 -10.9966
v 20.6245 49.349 -0.01
v 59.6009 49.349 -0.029
v 59.5961 -49.349 -9.8716
v 59.6009 -49.349 -0.029
v 20.6245 -49.349 -0.01
v 20.6197 -49.349 -9.8526
v 59.5961 -37.538 -9.8716
v 23.3543 -37.538 -9.8539
v 21.9773 -37.538 -8.4963
v 20.621 -37.538 -7.118
v 20.6245 -37.538 -0.01
v 59.6009 -37.538 -0.029
v 20.6197 -40.2726 -9.8526
v 21.9766 -38.8949 -9.8532
v 20.6203 -38.8949 -8.4956
v -20.5557 -49.349 -9.8325
v -20.5509 -49.349 0.01
v -59.5272 -49.349 0.029
v -59.532 -49.349 -9.8135
v -21.1082 -38.0908 -9.2794
v -55.6884 -37.538 -9.8154
v -57.6239 -37.538 -7.9072
v -59.5302 -37.538 -5.9699
v -59.5272 -37.538 0.029
v -20.5509 -37.538 0.01
v -59.532 -41.3816 -9.8135
v -57.6248 -39.4452 -9.8144
v -59.5311 -39.4452 -7.9063
v 19.4238 -49.349 -10.8583
v 19.4291 -49.349 -0.0095
v -19.5473 -49.349 0.0095
v -19.5526 -49.349 -10.8393
v 19.4258 -37.538 -6.846
v 17.6185 -37.538 -8.8665
v 15.7837 -37.538 -10.8565
v -19.2576 -37.8328 -10.5446
v -19.5473 -37.538 0.0095
v 19.4291 -37.538 -0.0095
v 17.6175 -39.3443 -10.8574
v 19.4238 -41.1781 -10.8583
v -20.5557 37.538 -9.8325
v -20.5509 37.538 0.01
v -59.5233 37.542 0.029
v -59.532 37.538 -9.8135
v -59.532 49.349 -9.8135
v -31.4878 49.349 -9.8272
v -23.6268 46.2778 -9.831
v -20.5557 38.4169 -9.8325
v -59.5272 49.349 0.029
v 13.2939 37.538 -9.849
v 17.6691 37.6478 -8.0951
v 19.4119 37.5534 -3.7201
v 19.31 37.6571 -0.0094
v -19.5473 37.538 0.0095
v -19.5521 37.538 -9.833
v 19.4243 49.349 -9.852
v -19.5521 49.349 -9.833
v -19.5473 49.349 0.0095
v 19.4291 49.349 -0.0095
v 19.3362 43.6769 -9.7638
v 17.6426 39.3199 -9.5188
v 59.0384 -49.2868 -5.2541
v 59.041 -49.2868 -0.0288
v -59.0693 -49.2868 0.0288
v -59.0718 -49.2868 -5.1965
v 59.0384 49.1384 -5.2541
v -59.0718 49.1384 -5.1965
v -59.0693 49.1384 0.0288
v 59.041 49.1384 -0.0288
v 17.9437 37.8502 -8.3699
v 16.1307 37.7976 -9.5908
v 18.4185 38.5443 -8.8452
v 19.148 37.8159 -6.5501
v 17.8884 39.0741 -9.3421
v 18.8313 40.9768 -9.2584
v 18.7822 39.1113 -8.2784
v 18.8471 39.3485 -8.0412
v -23.0494 49.0803 -7.3364
v -20.8813 49.0205 -4.0378
v -21.869 48.0351 -8.5179
v -26.35 49.0205 -9.5012
v -23.6253 49.349 -6.7598
v -20.9766 49.349 0.0102
v -20.6205 49.2794 0.01
v -23.0505 46.8541 -9.5626
v -20.884 43.5545 -9.5039
v -20.8232 46.8541 -7.3374
v -20.5542 46.2778 -6.7613
v -20.5509 48.9233 0.01
v 17.8197 -37.9373 -9.0884
v 18.8268 -38.1364 -8.1923
v 18.2222 -38.7403 -9.5325
v 17.0057 -38.1364 -10.1976
v 17.819 -39.143 -10.4173
v 18.8258 -39.9564 -10.1985
v 19.0254 -39.143 -9.089
v 19.4248 -39.3443 -8.8673
v 21.826 -37.838 -8.6474
v 22.4367 -37.9875 -9.4039
v 21.5233 -38.4412 -8.9498
v 21.0701 -37.9875 -8.036
v 21.8256 -38.7437 -9.5532
v 21.0694 -39.3548 -9.4033
v 20.9203 -38.7437 -8.647
v -57.8365 -37.9597 -8.1196
v -56.9781 -38.1698 -9.1829
v -58.2619 -38.8075 -8.5446
v -58.899 -38.1698 -7.2602
v -57.8371 -39.2327 -9.3927
v -58.8999 -40.0916 -9.182
v -59.1096 -39.2327 -8.119
v 59.6062 37.538 10.9576
v 20.9375 37.8459 10.6685
v 59.6062 49.349 10.9576
v 20.6298 49.349 10.9765
v 59.6057 -49.349 9.8135
v 20.6293 -49.349 9.8325
v 59.6057 -37.538 9.8135
v 20.6279 -37.538 7.0979
v 21.9855 -37.538 8.4749
v 23.3639 -37.538 9.8311
v 21.9862 -38.8949 9.8318
v 20.6293 -40.2726 9.8325
v 20.6286 -38.8949 8.4755
v -20.5461 -49.349 9.8525
v -59.5224 -49.349 9.8715
v -20.9472 -37.939 9.4518
v -59.5243 -37.538 6.0279
v -57.6161 -37.538 7.9633
v -55.6788 -37.538 9.8696
v -57.6152 -39.4452 9.8706
v -59.5224 -41.3816 9.8715
v -59.5234 -39.4452 7.9643
v 19.4344 -49.349 10.8394
v -19.542 -49.349 10.8583
v 19.4324 -37.538 6.8271
v -19.1158 -37.9644 10.4318
v 15.7943 -37.538 10.8411
v 17.6271 -37.538 8.8493
v 19.4344 -41.1781 10.8394
v 17.6281 -39.3443 10.8402
v -20.5461 37.538 9.8525
v -59.0339 38.0268 9.3825
v -20.5461 38.4169 9.8525
v -23.6173 46.2778 9.854
v -31.4782 49.349 9.8579
v -59.5224 49.349 9.8715
v 13.2268 38.3271 9.047
v -19.5425 37.538 9.852
v 18.8689 38.1 3.6486
v 17.5059 39.1195 7.907
v 19.4339 49.349 9.8331
v -19.5425 49.349 9.852
v 19.3497 43.6765 9.7489
v 17.5705 39.4009 8.8042
v 59.0435 -49.2868 5.1965
v -59.0667 -49.2868 5.2541
v 59.0435 49.1384 5.1965
v -59.0667 49.1384 5.2541
v 17.6047 39.0974 8.0056
v 18.4421 38.528 6.2222
v 17.9951 38.9761 8.3957
v 15.6859 38.841 8.5319
v 17.7134 39.258 8.664
v 18.8006 40.9941 9.2004
v 18.3595 39.2312 8.1404
v 18.4438 39.3962 7.9753
v -23.0422 49.0803 7.3588
v -26.3408 49.0205 9.5269
v -21.8607 48.0351 8.5392
v -20.8774 49.0205 4.0582
v -23.6187 49.349 6.7828
v -23.0411 46.8541 9.585
v -20.8747 43.5545 9.5242
v -20.816 46.8541 7.3577
v -20.5476 46.2778 6.7814
v 17.8285 -37.9373 9.071
v 17.0156 -38.1364 10.181
v 18.2315 -38.7403 9.5147
v 18.8347 -38.1364 8.174
v 17.8292 -39.143 10.4
v 18.8357 -39.9564 10.1801
v 19.0342 -39.143 9.0704
v 19.4334 -39.3443 8.8484
v 21.8344 -37.838 8.6261
v 21.0779 -37.9875 8.0154
v 21.532 -38.4412 8.9288
v 22.4459 -37.9875 9.3821
v 21.8349 -38.7437 9.5319
v 21.0786 -39.3548 9.3827
v 20.9287 -38.7437 8.6266
v -57.8285 -37.9597 8.1759
v -58.8919 -38.1698 7.3176
v -58.2536 -38.8075 8.6014
v -56.9691 -38.1698 9.2385
v -57.8279 -39.2327 9.449
v -58.8909 -40.0916 9.2394
v -59.1016 -39.2327 8.1766
v 59.1673 13.0095 -8.0681
v 59.1712 13.0095 -0.0288
v 39.6432 13.1665 -0.0193
v 39.4823 13.0095 -8.0585
v 59.0276 36.4918 -7.9283
v 39.4823 36.6316 -8.0585
v 39.4862 36.6316 -0.0192
v 59.1712 36.6316 -0.0288
v 39.4823 16.7994 -8.0585
v 43.3376 21.1589 -8.0604
v 47.6972 25.0142 -8.0625
v 59.1673 25.0142 -8.0681
v 39.4862 24.1911 -0.0192
v 39.4844 21.1589 -3.8034
v 43.3376 28.8696 -8.0604
v 39.4823 33.2291 -8.0585
v 59.1712 25.0142 -0.0288
v 42.6867 22.444 -7.3605
v 40.4336 20.9068 -7.0096
v 41.3849 25.0142 -5.9607
v 44.3508 25.0142 -7.0535
v 40.1179 22.444 -4.5225
v 40.3977 25.0142 -2.6862
v 39.7401 25.0142 -0.0194
v 42.6867 27.5845 -7.3605
v 40.4336 29.1217 -7.0096
v 40.1179 27.5845 -4.5225
v 39.4844 28.8696 -3.8034
v 39.4862 25.8374 -0.0192
v 59.1752 13.0095 8.0105
v 39.6674 13.1868 7.8427
v 59.1752 36.6316 8.0105
v 39.4901 36.6316 8.02
v 59.1752 25.0142 8.0105
v 47.705 25.0142 8.016
v 43.3494 21.155 8.0008
v 40.3125 16.5835 7.2259
v 39.6066 21.1349 3.7426
v 39.4901 33.2291 8.02
v 43.3455 28.8696 8.0182
v 42.6978 22.4403 7.3081
v 44.3577 25.0142 7.0103
v 41.3907 25.0142 5.9204
v 40.5999 20.8307 6.8206
v 40.1553 22.4336 4.4736
v 40.4003 25.0142 2.6468
v 42.6939 27.5845 7.3189
v 40.4404 29.1217 6.9702
v 40.1223 27.5845 4.4834
v 39.4881 28.8696 3.765
v 38.3211 13.0327 -7.3027
v 38.1249 13.2324 -0.0186
v -0.6518 13.0327 0.0003
v -0.6535 13.0327 -3.5484
v 0.4074 13.0327 -6.222
v 3.08 13.0327 -7.2855
v 38.3211 36.6547 -7.3027
v -0.6553 36.6547 -7.2837
v -0.6518 36.6547 0.0003
v 38.3246 36.6547 -0.0187
v 0.4069 14.0949 -7.2842
v -0.6553 16.768 -7.2837
v -0.6548 14.0949 -6.2215
v 0.2232 13.1347 -6.4061
v -0.5296 13.1574 -5.2914
v -0.1562 13.5316 -6.7851
v 1.3372 13.1574 -7.16
v 0.2228 13.9107 -7.1821
v -0.5305 15.0251 -7.1591
v -0.5529 13.9107 -6.4057
v 38.0536 13.307 6.9911
v 3.0871 13.0327 7.2825
v 0.4135 13.0327 6.2216
v -0.65 13.0327 3.549
v 38.3282 36.6547 7.2654
v -0.5559 36.5624 7.192
v -0.6482 16.768 7.2844
v 0.414 14.0949 7.2838
v -0.6487 14.0949 6.2221
v 0.2294 13.1347 6.4059
v 1.3441 13.1574 7.1587
v -0.1496 13.5316 6.7852
v -0.5245 13.1574 5.2919
v 0.2298 13.9107 7.1819
v -0.5236 15.0251 7.1596
v -0.5466 13.9107 6.4063
v -1.4922 13.0327 -7.6629
v -1.4885 13.0327 0.0007
v -40.4649 13.0327 0.0197
v -40.4686 13.0327 -7.6439
v -1.4922 36.6547 -7.6629
v -30.4835 36.6547 -7.6488
v -37.662 36.6547 -4.6939
v -39.4096 36.6547 0.0192
v -1.4885 36.6547 0.0007
v -40.4686 26.6696 -7.6439
v -37.6634 33.8495 -7.6453
v -40.4649 35.5994 0.0197
v -40.4672 33.8495 -4.6926
v -38.1886 36.4093 -5.2475
v -35.1758 36.3547 -7.3308
v -39.2679 35.4546 -6.3818
v -40.1659 36.3547 -2.0756
v -40.2922 36.482 0.0196
v -38.1897 34.3759 -7.3868
v -40.1684 31.3621 -7.3284
v -40.222 34.3759 -5.2465
v -1.4848 13.0327 7.6643
v -40.4611 13.0327 7.6833
v -1.6241 36.5155 7.5252
v -37.6574 36.6547 4.7306
v -30.476 36.6547 7.6785
v -37.656 33.8495 7.682
v -40.4611 26.6696 7.6833
v -40.4626 33.8495 4.732
v -38.1835 36.4093 5.2847
v -40.1638 36.3547 2.1148
v -39.2616 35.4546 6.4201
v -35.1687 36.3547 7.3651
v -38.1824 34.3759 7.424
v -40.1613 31.3621 7.3675
v -40.2169 34.3759 5.2857
v -46.2578 12.9301 -8.4891
v -43.0282 12.9301 -7.0178
v -41.7659 12.9301 -3.2454
v -41.7643 12.9301 0.0203
v -59.4506 12.9604 0.029
v -59.485 12.9301 -8.4827
v -41.7684 36.5522 -8.4913
v -59.485 36.5522 -8.4827
v -59.4764 36.5477 0.029
v -41.7643 36.5522 0.0203
v -41.7684 17.4195 -8.4913
v -43.0289 14.1906 -8.4907
v -42.7909 13.0399 -7.2953
v -44.1472 13.0643 -8.3334
v -42.3048 13.4669 -7.8639
v -41.9013 13.0643 -5.7115
v -42.7915 13.9532 -8.3626
v -41.9025 15.309 -8.3345
v -41.8776 13.9532 -7.2958
v -41.7677 14.1906 -7.0184
v -46.2495 12.9301 8.5342
v -59.0819 13.3251 8.1455
v -41.7627 12.9301 3.2861
v -43.0213 12.9301 7.0597
v -41.7601 36.5522 8.532
v -58.9727 36.048 8.0362
v -41.7601 17.4195 8.532
v -43.0206 14.1906 8.5326
v -42.7838 13.0399 7.337
v -41.8957 13.0643 5.7523
v -42.2972 13.4669 7.9051
v -44.1391 13.0643 8.3764
v -42.7833 13.9532 8.4043
v -41.8944 15.309 8.3753
v -41.8705 13.9532 7.3366
v -41.7609 14.1906 7.0591
v 58.9657 -11.4433 -7.0046
v 59.2143 -11.6885 -0.0288
v 20.3009 -11.7515 -0.0099
v 20.2973 -11.7515 -7.2939
v 59.2737 11.8706 -7.3129
v 26.1818 11.8706 -7.2968
v 22.5759 11.8706 -5.0176
v 20.3002 11.8706 -1.4095
v 20.3009 11.8706 -0.0099
v 59.2772 11.8706 -0.0289
v 20.2973 5.9861 -7.2939
v 22.5748 9.5931 -7.295
v 20.2984 9.5931 -5.0164
v 22.296 11.464 -5.2972
v 23.8194 11.291 -6.7161
v 21.7246 10.444 -5.8681
v 20.8786 11.291 -3.7725
v 22.2952 9.8729 -6.8883
v 20.8771 8.3488 -6.7147
v 20.7049 9.8729 -5.2964
v 59.2808 -11.7515 7.2552
v 20.373 -11.6828 7.2055
v 59.2808 11.8706 7.2552
v 20.3016 11.8706 1.3897
v 22.5808 11.8706 4.9956
v 26.1889 11.8706 7.2713
v 22.5819 9.5931 7.273
v 20.3044 5.9861 7.2742
v 20.3033 9.5931 4.9967
v 22.3012 11.464 5.2755
v 20.8822 11.291 3.7521
v 21.7303 10.444 5.8469
v 23.8259 11.291 6.6929
v 22.3019 9.8729 6.8666
v 20.8837 8.3488 6.6943
v 20.71 9.8729 5.2763
v 19.0424 -11.7515 -7.9098
v 19.0456 -11.7507 -0.0093
v 7.8184 -11.7345 -0.0038
v 7.8171 -11.7515 -2.5854
v 10.1172 -11.7515 -5.4092
v 12.7184 -11.7515 -7.9067
v 19.0424 11.8706 -7.9098
v 12.7184 11.8706 -7.9067
v 10.1172 11.8706 -5.4092
v 7.8171 11.8706 -2.5854
v 7.8184 11.8706 -0.0038
v 19.0463 11.8706 -0.0093
v 10.116 -9.45 -7.9054
v 7.8145 -6.8476 -7.9043
v 19.0424 -6.9491 -7.9098
v -19.9339 -11.7515 -7.8908
v -19.9301 -11.7515 0.0097
v -19.9301 -6.4023 0.0097
v -19.9339 -5.8331 -7.8908
v 5.5143 11.8706 -5.407
v 2.9106 11.8706 -7.9019
v -19.9339 11.8706 -7.8908
v -19.9301 11.8706 0.0097
v 5.5129 -9.4499 -7.9025
v 2.864 -11.5727 -7.7283
v 9.3498 -11.3731 -5.8305
v 7.816 -11.2066 -4.7524
v 7.8151 -10.6163 -6.6731
v 10.2667 -11.1839 -7.2899
v 9.3498 11.4922 -5.8305
v 10.2667 11.303 -7.2899
v 7.8151 10.7354 -6.6731
v 7.816 11.3257 -4.7524
v 9.349 -9.8388 -7.4947
v 7.8148 -8.8455 -7.3133
v 9.349 9.9579 -7.4947
v 7.8148 8.9646 -7.3133
v 10.116 9.5691 -7.9054
v 7.8145 6.9667 -7.9043
v 6.2793 -11.367 -5.8272
v 5.3445 -11.1453 -7.2509
v 5.5073 -11.7169 -5.4004
v 6.2812 11.4922 -5.829
v 5.3629 11.303 -7.2875
v 6.2804 -9.8388 -7.4932
v 6.2804 9.9579 -7.4932
v 5.5131 9.5691 -7.9032
v 19.0424 7.4288 -7.9098
v 19.0461 6.8442 -0.0093
v 19.0457 -6.2998 -0.0093
v 18.9709 -11.6723 7.8121
v 12.7462 -11.6741 7.8192
v 10.1669 -11.5318 5.3573
v 7.8196 -11.5748 2.5554
v 19.0501 11.8706 7.8912
v 7.8196 11.8706 2.5778
v 10.1224 11.8706 5.3994
v 12.7261 11.8706 7.8943
v 19.0312 6.236 7.8723
v 10.1237 9.5691 7.8956
v 7.8222 6.9667 7.8967
v -19.9262 -11.7515 7.9102
v -19.9262 -6.9715 7.9102
v -19.9262 11.8706 7.9102
v 2.9183 11.8706 7.8991
v 5.5195 11.8706 5.4016
v 7.8222 -6.8344 7.8075
v 2.7722 -11.1929 7.3568
v 5.4377 -9.3652 7.5177
v 9.4493 -11.0749 5.7311
v 10.3493 -11.025 7.1292
v 7.8215 -10.3378 6.4013
v 7.8206 -10.9796 4.6789
v 9.3555 11.4922 5.8214
v 7.8207 11.3257 4.7448
v 7.8216 10.7354 6.6655
v 10.2738 11.303 7.2799
v 9.4382 -9.7533 7.2454
v 7.8217 -8.7161 6.927
v 10.1483 -9.4247 7.7823
v 9.3563 9.9579 7.4856
v 7.8219 8.9646 7.3057
v 6.165 -10.986 5.7058
v 5.161 -10.7447 6.866
v 5.3978 -11.1507 5.2868
v 6.2869 11.4922 5.8229
v 5.37 11.303 7.2823
v 6.1576 -9.7034 7.1066
v 6.2877 9.9579 7.487
v 5.5208 9.5691 7.8978
v 18.9911 -5.6942 7.8322
v -28.6144 -11.7515 -7.2701
v -23.4965 -11.7515 -4.4027
v -21.0184 -11.7515 0.0102
v -59.6008 -11.7515 0.029
v -59.6044 -11.7515 -7.255
v -20.628 11.8706 -7.274
v -59.6044 11.8706 -7.255
v -59.5678 11.8376 0.029
v -20.6245 11.8706 0.01
v -20.628 -3.7651 -7.274
v -23.4979 -8.8816 -7.2726
v -23.1326 -11.2819 -4.767
v -25.274 -11.0984 -6.6186
v -22.3853 -9.9933 -5.515
v -21.2788 -11.0984 -2.6274
v -20.7618 -11.6141 0.0101
v -23.1336 -9.2456 -6.8032
v -21.2808 -7.1052 -6.6206
v -21.0964 -9.2456 -4.7679
v -20.6266 -8.8816 -4.4041
v -20.6245 -11.3575 0.01
v -28.6073 -11.7515 7.298
v -59.5973 -11.7515 7.3131
v -23.4922 -11.7515 4.4256
v -20.6209 11.8706 7.2941
v -59.2514 11.5245 6.9668
v -20.6209 -3.7651 7.2941
v -23.4908 -8.8816 7.2955
v -23.128 -11.2819 4.7895
v -21.2763 -11.0984 2.6482
v -22.3799 -9.9933 5.5368
v -25.2675 -11.0984 6.6433
v -23.127 -9.2456 6.8257
v -21.2743 -7.1052 6.6413
v -21.0917 -9.2456 4.7885
v -20.6223 -8.8816 4.4242
v 38.3211 -36.8617 -7.3027
v 38.3246 -36.8617 -0.0187
v -0.6518 -36.8617 0.0003
v -0.6553 -36.8617 -7.2837
v 38.3226 -13.2397 -4.0544
v 36.71 -13.2397 -5.6901
v 35.0728 -13.2397 -7.3011
v -0.3358 -13.5591 -6.9645
v -0.6299 -13.2615 0.0003
v 38.3246 -13.2397 -0.0187
v 36.7092 -14.8515 -7.3019
v 38.3211 -16.488 -7.3027
v 36.8895 -13.596 -5.8698
v 37.7882 -13.7736 -5.1444
v 37.2487 -14.3125 -6.2293
v 36.1632 -13.7736 -6.7677
v 36.889 -14.6719 -6.9457
v 37.7874 -15.3978 -6.7685
v 37.9654 -14.6719 -5.8703
v 38.3218 -14.8515 -5.6909
v 38.3282 -36.8617 7.2654
v -0.6482 -36.8617 7.2844
v 38.3266 -13.2397 4.0171
v 0.0786 -13.9669 6.5568
v 35.0799 -13.2397 7.267
v 36.7156 -13.2397 5.6543
v 38.3282 -16.488 7.2654
v 36.7163 -14.8515 7.2662
v 36.8952 -13.596 5.8338
v 36.1698 -13.7736 6.7325
v 37.2548 -14.3125 6.193
v 37.7932 -13.7736 5.1076
v 36.8958 -14.6719 6.9097
v 37.794 -15.3978 6.7317
v 37.9711 -14.6719 5.8333
v 38.3274 -14.8515 5.6536
v -45.4873 -36.8849 -7.2619
v -43.6126 -36.8849 -5.4172
v -41.766 -36.8849 -3.5443
v -41.7643 -36.8849 0.0203
v -59.4808 -36.8849 0.029
v -59.4844 -36.8849 -7.2551
v -41.7678 -13.2628 -7.2637
v -59.4844 -13.2628 -7.2551
v -59.4808 -13.2628 0.029
v -41.7643 -13.2628 0.0203
v -41.7678 -33.1654 -7.2637
v -43.6135 -35.0392 -7.2628
v -43.407 -36.4769 -5.6229
v -44.2387 -36.2735 -6.6511
v -42.9957 -35.6564 -6.0346
v -42.378 -36.2735 -4.7923
v -43.4076 -35.2449 -6.8549
v -42.3789 -34.4138 -6.652
v -42.1751 -35.2449 -5.6235
v -41.7669 -35.0392 -5.4181
v -45.4802 -36.8849 7.3062
v -59.4773 -36.8849 7.313
v -41.7625 -36.8849 3.5849
v -43.6073 -36.8849 5.4597
v -41.7607 -13.2628 7.3044
v -59.4773 -13.2628 7.313
v -41.7607 -33.1654 7.3044
v -43.6064 -35.0392 7.3053
v -43.4015 -36.4769 5.6652
v -42.3733 -36.2735 4.8336
v -42.9898 -35.6564 6.0765
v -44.2322 -36.2735 6.6942
v -43.4009 -35.2449 6.8972
v -42.3724 -34.4138 6.6933
v -42.1696 -35.2449 5.6646
v -41.7616 -35.0392 5.4588
v 59.1674 -36.8849 -7.9382
v 59.1712 -36.8849 -0.0288
v 39.4862 -36.8849 -0.0192
v 39.4824 -36.8849 -7.9286
v 59.1284 -13.3019 -7.8991
v 39.4824 -13.2628 -7.9286
v 39.4862 -13.2628 -0.0192
v 59.1565 -13.2776 -0.0288
v 59.1751 -36.8849 7.8805
v 39.4901 -36.8849 7.8901
v 59.1751 -13.2628 7.8805
v 39.4901 -13.2628 7.8901
v -1.4923 -36.8617 -7.9056
v -1.4885 -36.8617 0.0007
v -40.4649 -36.8617 0.0197
v -40.4687 -36.8617 -7.8866
v -1.9241 -13.6734 -3.8316
v -3.4471 -13.8151 -5.828
v -5.2718 -13.6622 -7.4996
v -40.4687 -13.2397 -7.8866
v -40.4649 -13.2397 0.0197
v -1.5107 -13.262 0.0007
v -3.4334 -15.181 -7.3849
v -2.0473 -17.0821 -7.3743
v -3.4032 -14.0696 -5.8998
v -2.5972 -14.346 -4.9001
v -3.0751 -14.8233 -6.2653
v -4.1408 -14.1283 -6.9991
v -3.3591 -15.1069 -7.1275
v -2.4815 -15.9814 -6.9069
v -2.4437 -15.2619 -5.7985
v -2.2759 -15.2978 -5.7342
v -1.4846 -36.8617 7.9071
v -40.461 -36.8617 7.9261
v -1.7442 -13.4973 3.9099
v -40.461 -13.2397 7.9261
v -5.1 -13.3153 7.8365
v -3.322 -13.5712 5.9412
v -1.7465 -16.9432 7.6568
v -3.299 -15.0539 7.6355
v -3.2055 -13.8568 6.0798
v -3.9758 -13.9562 7.1617
v -2.8196 -14.574 6.4978
v -2.3576 -14.1113 5.1012
v -3.1758 -14.9305 7.3109
v -2.246 -15.7713 7.1199
v -2.1427 -14.9958 6.0459
v -1.9271 -15.1299 5.891
v 17.9475 10.4511 -9.3118
v 17.9521 10.4511 0.0234
v -21.0236 10.4511 0.0424
v -21.0281 10.4511 -9.2928
v 17.9475 28.5613 -9.3118
v -21.0281 28.5613 -9.2928
v -21.0236 28.5613 0.0424
v 17.9521 28.5613 0.0234
v 15.1318 13.2675 -7.8316
v -18.211 13.2675 -7.8154
v -18.211 25.7449 -7.8154
v 15.1318 25.7449 -7.8316
v -18.2117 13.2675 -9.2942
v 15.1311 13.2675 -9.3104
v -18.2117 25.7449 -9.2942
v 15.1311 25.7449 -9.3104
v 9.6175 11.0776 -8.7767
v 10.842 11.0776 -9.2846
v 12.067 11.0776 -8.7779
v 12.575 11.0776 -7.5534
v 12.0682 11.0776 -6.3283
v 10.8437 11.0776 -5.8204
v 9.6187 11.0776 -6.3271
v 9.1107 11.0776 -7.5517
v 9.6187 26.5761 -6.3271
v 9.1107 26.5761 -7.5517
v 10.8437 26.5761 -5.8204
v 12.0682 26.5761 -6.3283
v 12.575 26.5761 -7.5534
v 12.067 26.5761 -8.7779
v 10.842 26.5761 -9.2846
v 9.6175 26.5761 -8.7767
v 3.5204 11.0776 -8.7737
v 4.745 11.0776 -9.2817
v 5.97 11.0776 -8.7749
v 6.4779 11.0776 -7.5504
v 5.9712 11.0776 -6.3254
v 4.7466 11.0776 -5.8174
v 3.5216 11.0776 -6.3242
v 3.0137 11.0776 -7.5487
v 3.5216 26.5761 -6.3242
v 3.0137 26.5761 -7.5487
v 4.7466 26.5761 -5.8174
v 5.9712 26.5761 -6.3254
v 6.4779 26.5761 -7.5504
v 5.97 26.5761 -8.7749
v 4.745 26.5761 -9.2817
v 3.5204 26.5761 -8.7737
v -2.5766 11.0776 -8.7708
v -1.3521 11.0776 -9.2787
v -0.1271 11.0776 -8.772
v 0.3809 11.0776 -7.5474
v -0.1259 11.0776 -6.3224
v -1.3504 11.0776 -5.8145
v -2.5754 11.0776 -6.3212
v -3.0834 11.0776 -7.5457
v -2.5754 26.5761 -6.3212
v -3.0834 26.5761 -7.5457
v -1.3504 26.5761 -5.8145
v -0.1259 26.5761 -6.3224
v 0.3809 26.5761 -7.5474
v -0.1271 26.5761 -8.772
v -1.3521 26.5761 -9.2787
v -2.5766 26.5761 -8.7708
v -8.6737 11.0776 -8.7678
v -7.4491 11.0776 -9.2757
v -6.2241 11.0776 -8.769
v -5.7162 11.0776 -7.5444
v -6.2229 11.0776 -6.3194
v -7.4474 11.0776 -5.8115
v -8.6725 11.0776 -6.3182
v -9.1804 11.0776 -7.5428
v -8.6725 26.5761 -6.3182
v -9.1804 26.5761 -7.5428
v -7.4474 26.5761 -5.8115
v -6.2229 26.5761 -6.3194
v -5.7162 26.5761 -7.5444
v -6.2241 26.5761 -8.769
v -7.4491 26.5761 -9.2757
v -8.6737 26.5761 -8.7678
v -14.7707 11.0776 -8.7648
v -13.5462 11.0776 -9.2727
v -12.3211 11.0776 -8.766
v -11.8132 11.0776 -7.5415
v -12.3199 11.0776 -6.3164
v -13.5445 11.0776 -5.8085
v -14.7695 11.0776 -6.3153
v -15.2774 11.0776 -7.5398
v -14.7695 26.5761 -6.3153
v -15.2774 26.5761 -7.5398
v -13.5445 26.5761 -5.8085
v -12.3199 26.5761 -6.3164
v -11.8132 26.5761 -7.5415
v -12.3211 26.5761 -8.766
v -13.5462 26.5761 -9.2727
v -14.7707 26.5761 -8.7648
v 17.9566 10.4511 9.3586
v -21.019 10.4511 9.3776
v 17.926 28.5308 9.2975
v -21.019 28.5613 9.3776
v 15.1395 13.2675 7.8812
v 15.1395 25.7449 7.8812
v -18.2033 25.7449 7.8974
v -18.2033 13.2675 7.8974
v 15.1402 13.2675 9.36
v -18.2026 13.2675 9.3762
v -18.2026 25.7449 9.3762
v 15.1402 25.7449 9.36
v 9.626 11.0776 8.8317
v 9.1181 11.0776 7.6071
v 9.6249 11.0776 6.3821
v 10.8494 11.0776 5.8742
v 12.0744 11.0776 6.3809
v 12.5823 11.0776 7.6054
v 12.0756 11.0776 8.8305
v 10.8511 11.0776 9.3384
v 9.1181 26.5761 7.6071
v 9.6249 26.5761 6.3821
v 10.8494 26.5761 5.8742
v 12.0744 26.5761 6.3809
v 12.5823 26.5761 7.6054
v 12.0756 26.5761 8.8305
v 10.8511 26.5761 9.3384
v 9.626 26.5761 8.8317
v 3.529 11.0776 8.8346
v 3.0211 11.0776 7.6101
v 3.5278 11.0776 6.3851
v 4.7523 11.0776 5.8771
v 5.9774 11.0776 6.3839
v 6.4853 11.0776 7.6084
v 5.9786 11.0776 8.8334
v 4.754 11.0776 9.3414
v 3.0211 26.5761 7.6101
v 3.5278 26.5761 6.3851
v 4.7523 26.5761 5.8771
v 5.9774 26.5761 6.3839
v 6.4853 26.5761 7.6084
v 5.9786 26.5761 8.8334
v 4.754 26.5761 9.3414
v 3.529 26.5761 8.8346
v -2.568 11.0776 8.8376
v -3.076 11.0776 7.6131
v -2.5692 11.0776 6.388
v -1.3447 11.0776 5.8801
v -0.1197 11.0776 6.3868
v 0.3883 11.0776 7.6114
v -0.1185 11.0776 8.8364
v -1.343 11.0776 9.3443
v -3.076 26.5761 7.6131
v -2.5692 26.5761 6.388
v -1.3447 26.5761 5.8801
v -0.1197 26.5761 6.3868
v 0.3883 26.5761 7.6114
v -0.1185 26.5761 8.8364
v -1.343 26.5761 9.3443
v -2.568 26.5761 8.8376
v -8.6651 11.0776 8.8406
v -9.173 11.0776 7.616
v -8.6663 11.0776 6.391
v -7.4417 11.0776 5.8831
v -6.2167 11.0776 6.3898
v -5.7088 11.0776 7.6143
v -6.2155 11.0776 8.8394
v -7.4401 11.0776 9.3473
v -9.173 26.5761 7.616
v -8.6663 26.5761 6.391
v -7.4417 26.5761 5.8831
v -6.2167 26.5761 6.3898
v -5.7088 26.5761 7.6143
v -6.2155 26.5761 8.8394
v -7.4401 26.5761 9.3473
v -8.6651 26.5761 8.8406
v -14.7621 11.0776 8.8435
v -15.2701 11.0776 7.619
v -14.7633 11.0776 6.394
v -13.5388 11.0776 5.8861
v -12.3138 11.0776 6.3928
v -11.8058 11.0776 7.6173
v -12.3126 11.0776 8.8424
v -13.5371 11.0776 9.3503
v -15.2701 26.5761 7.619
v -14.7633 26.5761 6.394
v -13.5388 26.5761 5.8861
v -12.3138 26.5761 6.3928
v -11.8058 26.5761 7.6173
v -12.3126 26.5761 8.8424
v -13.5371 26.5761 9.3503
v -14.7621 26.5761 8.8435
v -19.9262 7.2685 7.9102
v -19.9301 7.0311 0.0097
v -19.9339 6.7938 -7.8908
#end vertices

#begin 1536 textures vertices 
vt 0.115502 0.6330965 0
vt 0.1166306 0.6629966 0
vt 0.007691713 0.6638584 0
vt 0.007324251 0.6332319 0
vt 0.3713613 0.5957273 0
vt 0.4805638 0.5957021 0
vt 0.4805636 0.6264911 0
vt 0.3713356 0.6264908 0
vt 0.767449 0.007324227 0
vt 0.767449 0.03490727 0
vt 0.658221 0.03490727 0
vt 0.658221 0.007324227 0
vt 0.6406926 0.3900327 0
vt 0.742257 0.390033 0
vt 0.7461172 0.3938371 0
vt 0.7499203 0.3976942 0
vt 0.7499208 0.417616 0
vt 0.6406924 0.4176158 0
vt 0.8685298 0.4043748 0
vt 0.8647259 0.4082294 0
vt 0.9214504 0.8920153 0
vt 0.4414161 0.6669853 0
vt 0.4414161 0.694568 0
vt 0.3321884 0.694568 0
vt 0.3321884 0.6669853 0
vt 0.6349224 0.2629175 0
vt 0.7318196 0.2603209 0
vt 0.7373061 0.2656042 0
vt 0.7427119 0.2709699 0
vt 0.7429015 0.2877802 0
vt 0.633681 0.2890135 0
vt 0.8679539 0.3586155 0
vt 0.8626091 0.3640357 0
vt 0.9428552 0.9541634 0
vt 0.2580238 0.7423246 0
vt 0.2276209 0.7423246 0
vt 0.2276209 0.6330966 0
vt 0.2580238 0.6330965 0
vt 0.1378405 0.7424795 0
vt 0.1321415 0.7374622 0
vt 0.1265189 0.7323744 0
vt 0.1265189 0.6341688 0
vt 0.1560966 0.6330965 0
vt 0.1570089 0.7423291 0
vt 0.7614433 0.797857 0
vt 0.7563813 0.7927181 0
vt 0.7493358 0.3251768 0
vt 0.7493358 0.3527596 0
vt 0.640119 0.3527596 0
vt 0.640108 0.3251768 0
vt 0.866213 0.3267249 0
vt 0.7876187 0.326731 0
vt 0.7656073 0.3180961 0
vt 0.7569656 0.2960883 0
vt 0.3391997 0.9539918 0
vt 0.5428377 0.6669853 0
vt 0.5550626 0.6719166 0
vt 0.5600569 0.684125 0
vt 0.5598375 0.6946102 0
vt 0.4508294 0.6945319 0
vt 0.4508332 0.6669853 0
vt 0.5968707 0.6436137 0
vt 0.7060988 0.6436137 0
vt 0.7060988 0.6711965 0
vt 0.5968707 0.6711965 0
vt 0.7554516 0.7444525 0
vt 0.7602183 0.7322341 0
vt 0.6240349 0.2924567 0
vt 0.6240351 0.3071001 0
vt 0.293041 0.3071001 0
vt 0.2930412 0.2924567 0
vt 0.322328 0.3316041 0
vt 0.322328 0.6625979 0
vt 0.3076845 0.662598 0
vt 0.3076845 0.331604 0
vt 0.5559126 0.6710498 0
vt 0.5508238 0.6676592 0
vt 0.5578202 0.6691156 0
vt 0.5593084 0.6761138 0
vt 0.7594318 0.7314782 0
vt 0.7565933 0.7367074 0
vt 0.9669158 0.4451154 0
vt 0.9662334 0.4457899 0
vt 0.6913463 0.4618638 0
vt 0.6852139 0.4710695 0
vt 0.6874403 0.4579387 0
vt 0.7005545 0.4557627 0
vt 0.6930279 0.463551 0
vt 0.685534 0.4825016 0
vt 0.6845139 0.4824949 0
vt 0.7639236 0.3197806 0
vt 0.7578124 0.3105603 0
vt 0.9477387 0.168911 0
vt 0.9494293 0.167233 0
vt 0.942036 0.1482755 0
vt 0.1311531 0.7384466 0
vt 0.1334992 0.7414598 0
vt 0.1291653 0.7404274 0
vt 0.1278358 0.7364033 0
vt 0.7604084 0.7988919 0
vt 0.7573456 0.7968494 0
vt 0.9449047 0.3753351 0
vt 0.9439281 0.3763311 0
vt 0.7468447 0.3931093 0
vt 0.7452854 0.3908343 0
vt 0.7483086 0.3916445 0
vt 0.7491197 0.3946673 0
vt 0.8654531 0.4089577 0
vt 0.8677281 0.4074007 0
vt 0.9207222 0.8927434 0
vt 0.7383168 0.2645704 0
vt 0.7360889 0.2613972 0
vt 0.7403513 0.2624894 0
vt 0.7415395 0.266726 0
vt 0.863632 0.3650588 0
vt 0.8668287 0.362869 0
vt 0.941833 0.9551855 0
vt 0.1168756 0.6937846 0
vt 0.008503433 0.6937846 0
vt 0.3713357 0.6572798 0
vt 0.4805637 0.6572798 0
vt 0.767449 0.06249004 0
vt 0.658221 0.06249004 0
vt 0.6406923 0.4451986 0
vt 0.7499209 0.4375352 0
vt 0.7461154 0.4413952 0
vt 0.7422576 0.4451986 0
vt 0.6088531 0.7625319 0
vt 0.6127077 0.7587279 0
vt 0.9690063 0.8920185 0
vt 0.4414161 0.7221508 0
vt 0.3321884 0.7221508 0
vt 0.6350967 0.3154827 0
vt 0.7430914 0.3045906 0
vt 0.7378081 0.3100769 0
vt 0.7324424 0.3154827 0
vt 0.5677438 0.7640694 0
vt 0.5731629 0.7587236 0
vt 0.9873309 0.9541636 0
vt 0.1972178 0.7423246 0
vt 0.1972181 0.6330966 0
vt 0.1761773 0.7421616 0
vt 0.1853357 0.6340463 0
vt 0.1873299 0.7318706 0
vt 0.1817922 0.7370506 0
vt 0.7706722 0.1808237 0
vt 0.7655333 0.1757618 0
vt 0.7493448 0.3803424 0
vt 0.6414776 0.3790079 0
vt 0.4985809 0.8408829 0
vt 0.4766839 0.8319637 0
vt 0.4683274 0.8098452 0
vt 0.4693039 0.7312569 0
vt 0.5426325 0.7208646 0
vt 0.4507988 0.7220775 0
vt 0.5587257 0.7050109 0
vt 0.5546757 0.7172227 0
vt 0.5968707 0.6987795 0
vt 0.7060987 0.6987792 0
vt 0.8634459 0.7018217 0
vt 0.8581976 0.6896265 0
vt 0.6240349 0.3217436 0
vt 0.2930412 0.3217436 0
vt 0.293041 0.3316041 0
vt 0.293041 0.6625979 0
vt 0.5549604 0.7174966 0
vt 0.5575041 0.7123518 0
vt 0.5561094 0.7186007 0
vt 0.5496083 0.7191944 0
vt 0.858656 0.689112 0
vt 0.8617531 0.6941907 0
vt 0.9205056 0.4451832 0
vt 0.9209836 0.4456845 0
vt 0.6913408 0.5031381 0
vt 0.7005442 0.5092452 0
vt 0.6874319 0.5070602 0
vt 0.6852062 0.4939315 0
vt 0.6930245 0.5014528 0
vt 0.4749783 0.8336265 0
vt 0.4841207 0.8398535 0
vt 0.9477703 0.1276506 0
vt 0.9494591 0.1293301 0
vt 0.1827968 0.7380185 0
vt 0.1860798 0.7359206 0
vt 0.1848171 0.7399663 0
vt 0.1805011 0.7410701 0
vt 0.7644985 0.1767965 0
vt 0.7665408 0.1798594 0
vt 0.9449087 0.4269709 0
vt 0.9439319 0.4259752 0
vt 0.7468433 0.4421226 0
vt 0.7491184 0.4405638 0
vt 0.7483077 0.443587 0
vt 0.7452847 0.4443978 0
vt 0.6081248 0.7618046 0
vt 0.6096816 0.7595296 0
vt 0.9697344 0.8927459 0
vt 0.7388419 0.3110875 0
vt 0.7420152 0.3088598 0
vt 0.7409231 0.3131222 0
vt 0.7366862 0.3143105 0
vt 0.5667202 0.7630466 0
vt 0.5689095 0.7598496 0
vt 0.9883531 0.9551859 0
vt 0.6845826 0.9377529 0
vt 0.6620531 0.9377529 0
vt 0.6620489 0.8830256 0
vt 0.6845826 0.8825874 0
vt 0.8794724 0.4979296 0
vt 0.9342477 0.4975417 0
vt 0.9342476 0.5200712 0
vt 0.8790821 0.5200709 0
vt 0.2891913 0.8014243 0
vt 0.2784504 0.8137056 0
vt 0.266288 0.8247299 0
vt 0.2341277 0.8245035 0
vt 0.4528211 0.8810241 0
vt 0.4422637 0.872262 0
vt 0.2782931 0.8359247 0
vt 0.2888574 0.8483543 0
vt 0.3208292 0.8830085 0
vt 0.2806808 0.8174889 0
vt 0.2871267 0.8132923 0
vt 0.2852468 0.8248636 0
vt 0.2762898 0.8248004 0
vt 0.439938 0.8760669 0
vt 0.444874 0.8834977 0
vt 0.4527996 0.8835318 0
vt 0.2805768 0.8321732 0
vt 0.2869624 0.8364601 0
vt 0.4398984 0.8909203 0
vt 0.4422046 0.8947264 0
vt 0.4527762 0.8860328 0
vt 0.6395237 0.9377549 0
vt 0.6400162 0.8830839 0
vt 0.8790818 0.5426004 0
vt 0.9342476 0.5426004 0
vt 0.1474102 0.8576459 0
vt 0.1476064 0.8254673 0
vt 0.1587769 0.8135087 0
vt 0.1714502 0.8045564 0
vt 0.4634428 0.8724504 0
vt 0.124326 0.80254 0
vt 0.1365935 0.81329 0
vt 0.155106 0.8112346 0
vt 0.1476788 0.8154538 0
vt 0.1478028 0.806504 0
vt 0.1595208 0.8051215 0
vt 0.4656915 0.8760878 0
vt 0.4607689 0.8835765 0
vt 0.1403814 0.8110596 0
vt 0.1362031 0.8046101 0
vt 0.4657196 0.8909475 0
vt 0.463399 0.8947392 0
vt 0.8247144 0.6342651 0
vt 0.8241547 0.6546856 0
vt 0.7154817 0.6546782 0
vt 0.7154824 0.6447332 0
vt 0.7184714 0.6372526 0
vt 0.7259529 0.6342651 0
vt 0.370677 0.7318415 0
vt 0.370677 0.8410696 0
vt 0.3502642 0.8410697 0
vt 0.3502642 0.7318417 0
vt 0.6721446 0.4952711 0
vt 0.6751329 0.502752 0
vt 0.8709573 0.05307757 0
vt 0.7179238 0.6367048 0
vt 0.7157994 0.639818 0
vt 0.7165977 0.6353786 0
vt 0.7210376 0.6345809 0
vt 0.6726923 0.4947233 0
vt 0.6748163 0.4978369 0
vt 0.870404 0.05253513 0
vt 0.8239455 0.6743308 0
vt 0.7259501 0.6750929 0
vt 0.7184691 0.6721043 0
vt 0.7154812 0.6646231 0
vt 0.3298511 0.7318412 0
vt 0.3301083 0.8408108 0
vt 0.5933413 0.1166846 0
vt 0.5858534 0.1137141 0
vt 0.9058761 0.05310632 0
vt 0.7179213 0.6726521 0
vt 0.7210346 0.6747764 0
vt 0.716595 0.6739779 0
vt 0.7157972 0.6695385 0
vt 0.5853069 0.1142631 0
vt 0.5884255 0.11638 0
vt 0.9064306 0.05256474 0
vt 0.793742 0.5816792 0
vt 0.7937419 0.6031558 0
vt 0.6845139 0.6031558 0
vt 0.684514 0.5816792 0
vt 0.7067168 0.1907906 0
vt 0.7880141 0.1907906 0
vt 0.8081099 0.1991136 0
vt 0.8129975 0.2122871 0
vt 0.7067247 0.2122645 0
vt 0.5570947 0.3699195 0
vt 0.5491748 0.3899615 0
vt 0.266051 0.8699238 0
vt 0.2792246 0.8748867 0
vt 0.8096547 0.1975075 0
vt 0.8012394 0.1916255 0
vt 0.8132473 0.1938131 0
vt 0.8152312 0.2063878 0
vt 0.8155254 0.2123162 0
vt 0.5507147 0.3915118 0
vt 0.5563102 0.3831309 0
vt 0.2808348 0.8733452 0
vt 0.7937418 0.6246324 0
vt 0.6845141 0.6246324 0
vt 0.7071319 0.2333607 0
vt 0.80804 0.2254751 0
vt 0.7879882 0.2337586 0
vt 0.5147438 0.1345504 0
vt 0.5347858 0.1266311 0
vt 0.2528758 0.8748101 0
vt 0.809579 0.2270872 0
vt 0.815181 0.2182306 0
vt 0.8131551 0.2307983 0
vt 0.8011734 0.2329501 0
vt 0.5131936 0.1330108 0
vt 0.5215745 0.127415 0
vt 0.2512705 0.8732644 0
vt 0.04438597 0.8977789 0
vt 0.05341047 0.9019071 0
vt 0.05698109 0.9124654 0
vt 0.05701411 0.9216497 0
vt 0.007408115 0.9216136 0
vt 0.00732426 0.8977789 0
vt 0.9583396 0.186138 0
vt 0.9583396 0.2357873 0
vt 0.9344863 0.2357747 0
vt 0.9344866 0.1861381 0
vt 0.8031244 0.4342221 0
vt 0.8066526 0.4252173 0
vt 0.05410151 0.901103 0
vt 0.05031771 0.8981851 0
vt 0.05571059 0.8992948 0
vt 0.05661827 0.9055214 0
vt 0.8059478 0.4245161 0
vt 0.8034445 0.4282888 0
vt 0.09902383 0.8246699 0
vt 0.09822274 0.8253638 0
vt 0.0443674 0.9455151 0
vt 0.008395362 0.9443659 0
vt 0.05697236 0.9308335 0
vt 0.05339172 0.9413879 0
vt 0.9106333 0.1861163 0
vt 0.9120025 0.2343744 0
vt 0.8221779 0.8118886 0
vt 0.8131562 0.8153738 0
vt 0.0540823 0.9421924 0
vt 0.05660288 0.9377765 0
vt 0.05569034 0.9440013 0
vt 0.05029851 0.9451095 0
vt 0.8124589 0.8146649 0
vt 0.8162436 0.8121806 0
vt 0.0579901 0.8246717 0
vt 0.05879122 0.8253656 0
vt 0.2232026 0.7529515 0
vt 0.2239208 0.7725119 0
vt 0.1148694 0.772704 0
vt 0.1148332 0.7522912 0
vt 0.5688249 0.7084795 0
vt 0.661584 0.7084696 0
vt 0.6716055 0.7149506 0
vt 0.6780922 0.7249674 0
vt 0.6780924 0.7288904 0
vt 0.5688266 0.7288961 0
vt 0.4962121 0.05751208 0
vt 0.489635 0.06717509 0
vt 0.8254797 0.9041019 0
vt 0.6725363 0.7140196 0
vt 0.6687431 0.7096149 0
vt 0.6752673 0.7112878 0
vt 0.6769431 0.7178103 0
vt 0.4905624 0.06815329 0
vt 0.494972 0.06450708 0
vt 0.8264109 0.9050331 0
vt 0.2241336 0.7929252 0
vt 0.1150975 0.7929252 0
vt 0.5688271 0.749313 0
vt 0.6780926 0.7328134 0
vt 0.671607 0.7428309 0
vt 0.6615862 0.749313 0
vt 0.5666217 0.1099812 0
vt 0.5568985 0.116467 0
vt 0.8254755 0.8762154 0
vt 0.6725378 0.7437619 0
vt 0.6769444 0.7399704 0
vt 0.6752692 0.7464932 0
vt 0.6687452 0.7481669 0
vt 0.5675915 0.1109177 0
vt 0.5639045 0.1152926 0
vt 0.8264062 0.8752842 0
vt 0.4966718 0.2346122 0
vt 0.4966507 0.256651 0
vt 0.465136 0.2569423 0
vt 0.4650624 0.2496461 0
vt 0.4716334 0.2417097 0
vt 0.4789923 0.2347178 0
vt 0.05154784 0.7032492 0
vt 0.05159574 0.7209336 0
vt 0.04466948 0.7283622 0
vt 0.0367916 0.7350115 0
vt 0.02949735 0.7349811 0
vt 0.02952471 0.7034643 0
vt 0.4123193 0.08975842 0
vt 0.4189969 0.09700767 0
vt 0.38759 0.0969808 0
vt 0.1907906 0.8662273 0
vt 0.2129311 0.8662273 0
vt 0.2129311 0.881218 0
vt 0.1907906 0.8828132 0
vt 0.0446646 0.7416091 0
vt 0.0516463 0.748943 0
vt 0.05153575 0.812939 0
vt 0.02943001 0.8128939 0
vt 0.4256006 0.08972811 0
vt 0.4330432 0.08375724 0
vt 0.469398 0.2403433 0
vt 0.4650286 0.2432552 0
vt 0.4649921 0.2375704 0
vt 0.4719341 0.2361774 0
vt 0.04605497 0.7305859 0
vt 0.05019895 0.7280035 0
vt 0.04886805 0.7349578 0
vt 0.04318062 0.7349906 0
vt 0.4145555 0.08840882 0
vt 0.4189684 0.09100223 0
vt 0.4145663 0.1444925 0
vt 0.4190246 0.1419126 0
vt 0.4123122 0.1431389 0
vt 0.4190969 0.1359248 0
vt 0.4606223 0.2404352 0
vt 0.4580222 0.2363901 0
vt 0.4584176 0.2418286 0
vt 0.04605104 0.7393628 0
vt 0.05019117 0.7418912 0
vt 0.42337 0.08839885 0
vt 0.4234246 0.1445338 0
vt 0.4256956 0.1432022 0
vt 0.3532643 0.8630476 0
vt 0.3754101 0.8646118 0
vt 0.3755333 0.9014466 0
vt 0.4968349 0.2784661 0
vt 0.4794162 0.2787013 0
vt 0.4719605 0.2719634 0
vt 0.4651893 0.2641719 0
vt 0.007501987 0.7032111 0
vt 0.02220306 0.734999 0
vt 0.01433658 0.7283361 0
vt 0.007423372 0.7208954 0
vt 0.4209904 0.3324039 0
vt 0.4310558 0.3568298 0
vt 0.4239619 0.3636977 0
vt 0.2350716 0.8662273 0
vt 0.2350716 0.8796229 0
vt 0.007324219 0.8129007 0
vt 0.007324219 0.7489047 0
vt 0.01431878 0.7415831 0
vt 0.3850566 0.3645583 0
vt 0.3730941 0.3791522 0
vt 0.3780721 0.3715567 0
vt 0.4697763 0.2732954 0
vt 0.4724033 0.2771659 0
vt 0.4651052 0.2756453 0
vt 0.4651432 0.2704442 0
vt 0.01294737 0.7305572 0
vt 0.01581408 0.7349668 0
vt 0.01012672 0.7349243 0
vt 0.008807878 0.7279677 0
vt 0.3764449 0.3600323 0
vt 0.3790797 0.3647131 0
vt 0.3777508 0.3577806 0
vt 0.43245 0.35905 0
vt 0.4299509 0.3635379 0
vt 0.4604777 0.2732026 0
vt 0.4577125 0.2765318 0
vt 0.4583316 0.2719318 0
vt 0.0129361 0.7393341 0
vt 0.008791585 0.7418554 0
vt 0.3767481 0.3695093 0
vt 0.4326566 0.3678783 0
vt 0.4313683 0.3701698 0
vt 0.3975032 0.899676 0
vt 0.8398241 0.2434688 0
vt 0.8540406 0.2515277 0
vt 0.860984 0.2638729 0
vt 0.7528832 0.2638189 0
vt 0.7529457 0.2433765 0
vt 0.5529748 0.7306763 0
vt 0.5529748 0.8399044 0
vt 0.5325618 0.8398118 0
vt 0.532562 0.7306765 0
vt 0.4457873 0.465965 0
vt 0.4539005 0.4518163 0
vt 0.8553979 0.250192 0
vt 0.8494713 0.2448657 0
vt 0.8587112 0.2469022 0
vt 0.8607224 0.2561691 0
vt 0.8618074 0.2638974 0
vt 0.4525618 0.4504608 0
vt 0.4472309 0.456324 0
vt 0.6227515 0.8837399 0
vt 0.6214221 0.8851046 0
vt 0.6091106 0.8781515 0
vt 0.8398359 0.2842589 0
vt 0.7528756 0.2842589 0
vt 0.8540522 0.2762165 0
vt 0.512149 0.7306726 0
vt 0.5130989 0.8389353 0
vt 0.4964546 0.1812181 0
vt 0.4882162 0.1671419 0
vt 0.8554104 0.2775496 0
vt 0.8607122 0.2715666 0
vt 0.8587313 0.2808316 0
vt 0.8494859 0.2828722 0
vt 0.4895428 0.1657746 0
vt 0.4949257 0.1715904 0
vt 0.5954724 0.8837226 0
vt 0.596797 0.8850925 0
vt 0.4209257 0.8410693 0
vt 0.4005129 0.8410692 0
vt 0.4005129 0.7318412 0
vt 0.4209257 0.7318413 0
vt 0.71531 0.8171485 0
vt 0.7106909 0.8126703 0
vt 0.7061326 0.8081285 0
vt 0.7061326 0.7088916 0
vt 0.7256589 0.7078853 0
vt 0.7266277 0.8170541 0
vt 0.5704242 0.62992 0
vt 0.5659035 0.6253361 0
vt 0.7098333 0.8135419 0
vt 0.7117068 0.8162278 0
vt 0.7081082 0.8152958 0
vt 0.7071156 0.8117144 0
vt 0.5695596 0.6307844 0
vt 0.566857 0.628933 0
vt 0.8453497 0.9069086 0
vt 0.8462137 0.9060434 0
vt 0.3800999 0.8410693 0
vt 0.3800999 0.7318413 0
vt 0.7379455 0.8169577 0
vt 0.7441556 0.7096964 0
vt 0.7469702 0.8077844 0
vt 0.7424883 0.8124022 0
vt 0.5738425 0.4829007 0
vt 0.5692543 0.4783832 0
vt 0.7433605 0.8132591 0
vt 0.7460472 0.8113862 0
vt 0.7451149 0.8149839 0
vt 0.7415326 0.8159762 0
vt 0.5683906 0.4792483 0
vt 0.5702441 0.48195 0
vt 0.845351 0.8733845 0
vt 0.8462151 0.8742498 0
vt 0.9492775 0.6325122 0
vt 0.9545242 0.6376845 0
vt 0.9596992 0.6429288 0
vt 0.9597046 0.6529255 0
vt 0.9100512 0.6529241 0
vt 0.9100503 0.6325122 0
vt 0.4694217 0.9264091 0
vt 0.4694217 0.9760584 0
vt 0.4490086 0.9760582 0
vt 0.4490089 0.9264092 0
vt 0.8527738 0.6123322 0
vt 0.8476014 0.6175778 0
vt 0.9555138 0.6366942 0
vt 0.9533936 0.6336008 0
vt 0.9575049 0.6347014 0
vt 0.9586084 0.6388123 0
vt 0.8485916 0.6185676 0
vt 0.851685 0.6164483 0
vt 0.5750846 0.8809274 0
vt 0.5740954 0.8819169 0
vt 0.9492761 0.6733383 0
vt 0.910049 0.6733357 0
vt 0.9596986 0.6629223 0
vt 0.9545232 0.6681664 0
vt 0.4285958 0.926409 0
vt 0.4285958 0.9760583 0
vt 0.8135513 0.4975417 0
vt 0.8083058 0.5027141 0
vt 0.9555127 0.6691568 0
vt 0.9586075 0.6670389 0
vt 0.9575037 0.6711498 0
vt 0.9533924 0.6722501 0
vt 0.807316 0.5017238 0
vt 0.8094352 0.4986304 0
vt 0.5426248 0.8809275 0
vt 0.543614 0.881917 0
vt 0.7387772 0.9377531 0
vt 0.7166118 0.937753 0
vt 0.7166118 0.8825874 0
vt 0.7387772 0.8825876 0
vt 0.8856181 0.8090765 0
vt 0.9406744 0.8089671 0
vt 0.9406746 0.8311326 0
vt 0.8855502 0.8311325 0
vt 0.6944467 0.9377531 0
vt 0.6944467 0.8825875 0
vt 0.8855089 0.8532977 0
vt 0.9406744 0.8532977 0
vt 0.0610788 0.7032111 0
vt 0.08323553 0.7032112 0
vt 0.08323553 0.8124393 0
vt 0.0610788 0.8124391 0
vt 0.7183017 0.1802574 0
vt 0.7126412 0.1760309 0
vt 0.7079357 0.1708983 0
vt 0.7067169 0.07225973 0
vt 0.7288851 0.07221495 0
vt 0.7290582 0.1813209 0
vt 0.3767821 0.5805153 0
vt 0.3728916 0.5751955 0
vt 0.7120935 0.1765713 0
vt 0.7143963 0.1794495 0
vt 0.7102719 0.1783565 0
vt 0.7090661 0.1744146 0
vt 0.3762434 0.5810011 0
vt 0.3735002 0.5787729 0
vt 0.8301706 0.2288732 0
vt 0.8305467 0.2284525 0
vt 0.1053925 0.7032111 0
vt 0.1053925 0.8124391 0
vt 0.7399518 0.1807298 0
vt 0.7510559 0.0721802 0
vt 0.7510559 0.171293 0
vt 0.7457112 0.176337 0
vt 0.5003203 0.628246 0
vt 0.4949604 0.623976 0
vt 0.7463881 0.1770515 0
vt 0.7495578 0.1750779 0
vt 0.7481801 0.1789623 0
vt 0.7439538 0.1798382 0
vt 0.4942729 0.6247374 0
vt 0.4965116 0.6274999 0
vt 0.8300025 0.195052 0
vt 0.8305922 0.1956925 0
vt 0.7937398 0.5197447 0
vt 0.7937399 0.5459058 0
vt 0.6845138 0.5459058 0
vt 0.684514 0.5197447 0
vt 0.3202388 0.6722439 0
vt 0.3202388 0.7814697 0
vt 0.2940777 0.7814699 0
vt 0.2940777 0.6722438 0
vt 0.592768 0.2053969 0
vt 0.6874769 0.2054254 0
vt 0.6873931 0.2397646 0
vt 0.592683 0.2397366 0
vt 0.6890692 0.2019436 0
vt 0.5910098 0.2019486 0
vt 0.6891516 0.2432128 0
vt 0.5910906 0.2432183 0
vt 0.9486661 0.7375979 0
vt 0.948683 0.7338767 0
vt 0.9513249 0.7312569 0
vt 0.955046 0.7312719 0
vt 0.9576676 0.7339107 0
vt 0.957655 0.7376308 0
vt 0.9550231 0.7402512 0
vt 0.9512847 0.7402413 0
vt 0.9548109 0.7838194 0
vt 0.9512053 0.7834014 0
vt 0.9289776 0.7837866 0
vt 0.9326979 0.7837859 0
vt 0.9364185 0.7837859 0
vt 0.9401388 0.7837867 0
vt 0.9438589 0.7837882 0
vt 0.947579 0.7837907 0
vt 0.9492507 0.2514707 0
vt 0.9492672 0.2477492 0
vt 0.9519093 0.2451294 0
vt 0.9556303 0.2451445 0
vt 0.9582518 0.2477828 0
vt 0.9582395 0.2515034 0
vt 0.9556074 0.2541237 0
vt 0.9518695 0.2541138 0
vt 0.9553951 0.2976918 0
vt 0.9517898 0.2972739 0
vt 0.9295618 0.2976589 0
vt 0.9332824 0.2976583 0
vt 0.9370027 0.2976583 0
vt 0.9407229 0.2976591 0
vt 0.9444431 0.2976606 0
vt 0.9481636 0.2976632 0
vt 0.771627 0.9263228 0
vt 0.771644 0.9226016 0
vt 0.7742859 0.9199819 0
vt 0.7780074 0.9199971 0
vt 0.7806286 0.9226358 0
vt 0.7806159 0.926356 0
vt 0.7779839 0.9289763 0
vt 0.7742458 0.9289664 0
vt 0.7777719 0.9725444 0
vt 0.7741665 0.9721264 0
vt 0.7519385 0.9725117 0
vt 0.7556588 0.9725111 0
vt 0.7593792 0.9725111 0
vt 0.7630997 0.9725118 0
vt 0.7668199 0.9725133 0
vt 0.77054 0.9725158 0
vt 0.3205566 0.9327504 0
vt 0.3205733 0.929029 0
vt 0.323215 0.926409 0
vt 0.3269364 0.9264241 0
vt 0.329558 0.9290624 0
vt 0.3295456 0.9327825 0
vt 0.3269137 0.9354033 0
vt 0.3231755 0.9353934 0
vt 0.3267015 0.9789715 0
vt 0.323096 0.9785535 0
vt 0.3008683 0.9789386 0
vt 0.3045886 0.978938 0
vt 0.3083088 0.978938 0
vt 0.3120293 0.9789387 0
vt 0.3157494 0.9789403 0
vt 0.3194698 0.9789428 0
vt 0.8727088 0.9263232 0
vt 0.8727255 0.922602 0
vt 0.8753674 0.9199818 0
vt 0.8790884 0.919997 0
vt 0.8817102 0.9226354 0
vt 0.8816977 0.9263558 0
vt 0.8790656 0.9289761 0
vt 0.8753276 0.9289663 0
vt 0.8788534 0.9725443 0
vt 0.8752481 0.9721264 0
vt 0.8530201 0.9725114 0
vt 0.8567407 0.9725108 0
vt 0.8604612 0.9725108 0
vt 0.8641814 0.9725116 0
vt 0.8679018 0.9725131 0
vt 0.8716219 0.9725156 0
vt 0.7937398 0.5720669 0
vt 0.684514 0.5720669 0
vt 0.2680878 0.6723296 0
vt 0.2679166 0.7814697 0
vt 0.6874018 0.1382049 0
vt 0.6874824 0.1725489 0
vt 0.5927693 0.1725726 0
vt 0.5926873 0.1382318 0
vt 0.6891606 0.1347564 0
vt 0.5910945 0.1347501 0
vt 0.5910108 0.176021 0
vt 0.6890743 0.1760314 0
vt 0.9393153 0.6071637 0
vt 0.9419342 0.6045225 0
vt 0.94567 0.6045126 0
vt 0.9483034 0.6071322 0
vt 0.9483145 0.6108532 0
vt 0.945692 0.6134921 0
vt 0.9419717 0.613505 0
vt 0.939332 0.6108835 0
vt 0.9418528 0.5613236 0
vt 0.9454589 0.5609528 0
vt 0.9196285 0.5609848 0
vt 0.9233485 0.5609855 0
vt 0.9270685 0.5609856 0
vt 0.9307886 0.5609851 0
vt 0.9345084 0.5609838 0
vt 0.9382285 0.5609816 0
vt 0.8306381 0.973512 0
vt 0.8332568 0.970871 0
vt 0.8369926 0.9708611 0
vt 0.8396261 0.9734807 0
vt 0.8396368 0.9772021 0
vt 0.8370142 0.9798408 0
vt 0.8332942 0.9798535 0
vt 0.8306542 0.9772317 0
vt 0.8331749 0.9276722 0
vt 0.8367809 0.9273013 0
vt 0.8109506 0.9273336 0
vt 0.8146709 0.9273343 0
vt 0.8183909 0.9273344 0
vt 0.8221107 0.9273338 0
vt 0.8258309 0.9273324 0
vt 0.8295508 0.9273302 0
vt 0.4099507 0.9729281 0
vt 0.4125693 0.9702868 0
vt 0.4163054 0.9702769 0
vt 0.4189387 0.9728965 0
vt 0.4189497 0.9766175 0
vt 0.416327 0.9792567 0
vt 0.4126069 0.9792692 0
vt 0.4099672 0.9766477 0
vt 0.4124877 0.927088 0
vt 0.416094 0.9267171 0
vt 0.3902636 0.9267492 0
vt 0.3939836 0.9267499 0
vt 0.3977039 0.92675 0
vt 0.4014239 0.9267494 0
vt 0.4051437 0.9267481 0
vt 0.4088635 0.9267459 0
vt 0.9416526 0.06202312 0
vt 0.9442716 0.059382 0
vt 0.9480073 0.05937212 0
vt 0.9506406 0.06199212 0
vt 0.9506515 0.0657131 0
vt 0.9480289 0.06835184 0
vt 0.9443086 0.06836456 0
vt 0.9416689 0.06574264 0
vt 0.9441899 0.01618316 0
vt 0.9477959 0.01581237 0
vt 0.9219656 0.0158445 0
vt 0.9256856 0.01584519 0
vt 0.9294055 0.01584529 0
vt 0.9331257 0.01584473 0
vt 0.9368458 0.0158434 0
vt 0.9405655 0.01584119 0
vt 0.9206184 0.9665011 0
vt 0.9232369 0.9638596 0
vt 0.9269727 0.9638497 0
vt 0.9296061 0.9664693 0
vt 0.9296173 0.9701903 0
vt 0.9269949 0.9728295 0
vt 0.9232745 0.9728422 0
vt 0.9206347 0.9702207 0
vt 0.9231552 0.9206608 0
vt 0.9267612 0.9202899 0
vt 0.900931 0.9203221 0
vt 0.904651 0.9203228 0
vt 0.908371 0.9203229 0
vt 0.9120913 0.9203223 0
vt 0.9158111 0.920321 0
vt 0.919531 0.9203188 0
vt 0.4261656 0.4416214 0
vt 0.2129311 0.918864 0
vt 0.1907906 0.918199 0
vt 0.007324265 0.007324219 0
vt 0.3479641 0.2831524 0
vt 0.8858655 0.007324219 0
vt 0.007549029 0.8841949 0
vt 0.9434759 0.473889 0
vt 0.3755844 0.9167222 0
vt 0.7776902 0.008071469 0
vt 0.5670097 0.2461672 0
vt 0.9708613 0.4580748 0
vt 0.5370917 0.2457137 0
vt 0.5703642 0.1136223 0
vt 0.8291373 0.8725516 0
vt 0.007324271 0.853567 0
vt 0.007324265 0.2831524 0
vt 0.3479641 0.007324219 0
vt 0.5375793 0.2788094 0
vt 0.3626076 0.2831524 0
vt 0.573004 0.100178 0
vt 0.7768314 0.04026331 0
vt 0.5683393 0.2783431 0
vt 0.3468317 0.6074322 0
vt 0.8860339 0.04026331 0
vt 0.04048785 0.8839795 0
vt 0.2350716 0.9324263 0
vt 0.4390494 0.4414562 0
vt 0.338318 0.007324219 0
vt 0.3614752 0.6074322 0
vt 0.04013657 0.8531925 0
vt 0.8685393 0.3789312 0
vt 0.9176454 0.8627217 0
vt 0.338318 0.2831524 0
vt 0.3614752 0.331604 0
vt 0.7593027 0.3789312 0
vt 0.9733948 0.07802306 0
vt 0.3468317 0.331604 0
vt 0.9458118 0.07802306 0
vt 0.4509446 0.2777491 0
vt 0.3626076 0.007324219 0
vt 0.9452289 0.8627217 0
vt 0.9458118 0.1111224 0
vt 0.7593079 0.4120288 0
vt 0.9733948 0.1111224 0
vt 0.8608684 0.4120319 0
vt 0.9253081 0.8958211 0
vt 0.9452277 0.8958216 0
vt 0.375363 0.8505259 0
vt 0.9176448 0.8881578 0
vt 0.8679549 0.3362783 0
vt 0.9375105 0.926409 0
vt 0.7587184 0.3362783 0
vt 0.6222375 0.331604 0
vt 0.4969458 0.08328164 0
vt 0.3871114 0.2352242 0
vt 0.5946548 0.331604 0
vt 0.9650932 0.926409 0
vt 0.5946548 0.3647033 0
vt 0.7602719 0.367865 0
vt 0.6207367 0.3631945 0
vt 0.3737646 0.3722667 0
vt 0.8571899 0.369383 0
vt 0.9482815 0.959508 0
vt 0.965093 0.9595082 0
vt 0.9375106 0.948737 0
vt 0.31793 0.9824467 0
vt 0.8656092 0.7698198 0
vt 0.1007883 0.8977789 0
vt 0.4189534 0.08566202 0
vt 0.8604449 0.928987 0
vt 0.7563813 0.7698198 0
vt 0.9158919 0.3707513 0
vt 0.9158965 0.4011551 0
vt 0.4969974 0.1493445 0
vt 0.1907906 0.9324263 0
vt 0.1000104 0.9281718 0
vt 0.9489971 0.4011526 0
vt 0.4189748 0.1472521 0
vt 0.9489918 0.3819892 0
vt 0.7665822 0.802919 0
vt 0.8647863 0.8021037 0
vt 0.068494 0.8977789 0
vt 0.06692165 0.9273367 0
vt 0.849283 0.9289943 0
vt 0.9387949 0.3707515 0
vt 0.8662107 0.2936253 0
vt 0.372299 0.926409 0
vt 0.7569656 0.2936253 0
vt 0.9738959 0.175926 0
vt 0.9739401 0.1483013 0
vt 0.3722878 0.9539918 0
vt 0.9714274 0.1759189 0
vt 0.4259544 0.1483798 0
vt 0.3391997 0.926409 0
vt 0.7935842 0.4548887 0
vt 0.7149921 0.4549307 0
vt 0.3874277 0.1368301 0
vt 0.7936323 0.4824963 0
vt 0.8644468 0.7272619 0
vt 0.5119439 0.926409 0
vt 0.772404 0.7271669 0
vt 0.9539773 0.4408658 0
vt 0.8319682 0.8862343 0
vt 0.9435739 0.4411219 0
vt 0.5119439 0.9539918 0
vt 0.7552127 0.7603585 0
vt 0.9710591 0.4739733 0
vt 0.8154484 0.8697331 0
vt 0.8644546 0.7603585 0
vt 0.4788445 0.926409 0
vt 0.4788445 0.9539918 0
vt 0.3873208 0.2794426 0
vt 0.3730206 0.4426798 0
vt 0.7644263 0.7279387 0
vt 0.7575903 0.7297546 0
vt 0.9687057 0.4434222 0
vt 0.3742894 0.3648263 0
vt 0.9619426 0.4415155 0
vt 0.9405509 0.05937573 0
vt 0.9696628 0.4503442 0
vt 0.9256695 0.05935963 0
vt 0.9416475 0.1596745 0
vt 0.9438097 0.1728137 0
vt 0.7600083 0.3236969 0
vt 0.7731457 0.3258887 0
vt 0.9410162 0.1482712 0
vt 0.9569474 0.175043 0
vt 0.5549547 0.5100047 0
vt 0.8732389 0.682761 0
vt 0.9479367 0.3776569 0
vt 0.7583247 0.8009755 0
vt 0.9468697 0.3733318 0
vt 0.4680887 0.4437873 0
vt 0.7624509 0.8019546 0
vt 0.9428346 0.3720347 0
vt 0.6167861 0.8784355 0
vt 0.8638947 0.4112317 0
vt 0.866917 0.4104229 0
vt 0.9192579 0.8942078 0
vt 0.6091296 0.9432524 0
vt 0.9222805 0.8950184 0
vt 0.9184473 0.891185 0
vt 0.8614429 0.3682562 0
vt 0.3871114 0.1600772 0
vt 0.939444 0.7235868 0
vt 0.8656905 0.3671174 0
vt 0.939775 0.9572435 0
vt 0.9440247 0.9583838 0
vt 0.9386348 0.9529938 0
vt 0.5063061 0.2461672 0
vt 0.6477037 0.7587184 0
vt 0.648555 0.8670873 0
vt 0.007549029 0.8236306 0
vt 0.4372506 0.3492453 0
vt 0.0397853 0.8224058 0
vt 0.680803 0.86795 0
vt 0.680803 0.7587219 0
vt 0.5067937 0.279263 0
vt 0.918229 0.07802306 0
vt 0.6381513 0.867955 0
vt 0.3714091 0.3504509 0
vt 0.6381513 0.7587184 0
vt 0.9728118 0.8627226 0
vt 0.6050506 0.7663893 0
vt 0.6050538 0.8679498 0
vt 0.918229 0.1111224 0
vt 0.9651492 0.8958213 0
vt 0.4088487 0.9702805 0
vt 0.9728107 0.8881582 0
vt 0.567072 0.331604 0
vt 0.5955003 0.867955 0
vt 0.5659042 0.5584828 0
vt 0.875576 0.2445479 0
vt 0.5955003 0.7587184 0
vt 0.9926758 0.9264093 0
vt 0.5731007 0.1265189 0
vt 0.2445451 0.9331586 0
vt 0.5623977 0.7694898 0
vt 0.3939673 0.9702643 0
vt 0.5635065 0.8668271 0
vt 0.5681708 0.3636001 0
vt 0.9819045 0.9595082 0
vt 0.9926755 0.9487373 0
vt 0.8734929 0.05039439 0
vt 0.9158965 0.4315593 0
vt 0.7935705 0.1808237 0
vt 0.4124403 0.918229 0
vt 0.7935705 0.07159589 0
vt 0.09926669 0.9585655 0
vt 0.8883644 0.1162505 0
vt 0.9489947 0.4203163 0
vt 0.8072144 0.9708446 0
vt 0.06737873 0.9565902 0
vt 0.7616435 0.07278335 0
vt 0.8884194 0.04997724 0
vt 0.7604713 0.1706229 0
vt 0.9387995 0.4315556 0
vt 0.9739401 0.1206761 0
vt 0.5010438 0.8409142 0
vt 0.5010438 0.7330208 0
vt 0.3709603 0.9802416 0
vt 0.6695787 0.4925994 0
vt 0.9714752 0.1206764 0
vt 0.7149821 0.5100849 0
vt 0.3391997 0.9815746 0
vt 0.7936125 0.5100849 0
vt 0.9156417 0.3099797 0
vt 0.5833808 0.008244587 0
vt 0.845973 0.6866059 0
vt 0.7540442 0.6845139 0
vt 0.5119439 0.9815746 0
vt 0.5831757 0.1111547 0
vt 0.9332435 0.442319 0
vt 0.4788445 0.9815746 0
vt 0.7541234 0.7176408 0
vt 0.6488134 0.007324244 0
vt 0.9164019 0.2445451 0
vt 0.8632321 0.7176408 0
vt 0.9158919 0.473889 0
vt 0.8682888 0.05564699 0
vt 0.9161279 0.4579906 0
vt 0.377251 0.2831524 0
vt 0.2831525 0.6234505 0
vt 0.2831525 0.2924567 0
vt 0.3321883 0.6074322 0
vt 0.9046348 0.9638372 0
vt 0.3321883 0.331604 0
vt 0.007324271 0.2924567 0
vt 0.2660253 0.9331742 0
vt 0.007324271 0.6234505 0
vt 0.377251 0.007324219 0
vt 0.9258887 0.4432439 0
vt 0.9195705 0.4440833 0
vt 0.8595489 0.6881157 0
vt 0.853141 0.6872567 0
vt 0.9175922 0.4502976 0
vt 0.468987 0.8243276 0
vt 0.9085405 0.05567993 0
vt 0.4710129 0.8374918 0
vt 0.9438447 0.1237443 0
vt 0.9416695 0.1368783 0
vt 0.8295364 0.9708648 0
vt 0.956989 0.1215314 0
vt 0.7614357 0.174754 0
vt 0.7624148 0.1788804 0
vt 0.9468739 0.4289738 0
vt 0.2719861 0.8677422 0
vt 0.9479404 0.4246489 0
vt 0.9428391 0.4302716 0
vt 0.5423122 0.3970765 0
vt 0.9681761 0.895021 0
vt 0.6066596 0.7603407 0
vt 0.9711989 0.8942097 0
vt 0.8308186 0.9012408 0
vt 0.6058509 0.7633633 0
vt 0.2453853 0.8816792 0
vt 0.9720093 0.8911866 0
vt 0.9861613 0.958384 0
vt 0.4867702 0.07243884 0
vt 0.5646614 0.7609887 0
vt 0.990411 0.9572437 0
vt 0.5635236 0.7652367 0
vt 0.9915514 0.9529942 0
vt 0.2601522 0.8676898 0
vt 0.2891476 0.7908543 0
vt 0.4304946 0.849283 0
vt 0.2340896 0.7908543 0
vt 0.2982999 0.9166511 0
vt 0.815652 0.4216656 0
vt 0.3208292 0.9166509 0
vt 0.452931 0.8499436 0
vt 0.8042537 0.4228308 0
vt 0.1008244 0.8230539 0
vt 0.5647349 0.473803 0
vt 0.320831 0.8504516 0
vt 0.2986897 0.850842 0
vt 0.234028 0.8566794 0
vt 0.7564708 0.8503493 0
vt 0.2886828 0.8578389 0
vt 0.4303992 0.9166484 0
vt 0.4528101 0.91646 0
vt 0.08765864 0.8218215 0
vt 0.2982996 0.8830091 0
vt 0.4304275 0.8598984 0
vt 0.069355 0.8218223 0
vt 0.4303486 0.9071082 0
vt 0.4328718 0.8717591 0
vt 0.1023632 0.8344043 0
vt 0.9078934 0.8697378 0
vt 0.630938 0.4829008 0
vt 0.4351757 0.8834829 0
vt 0.903345 0.05041903 0
vt 0.4328133 0.8952136 0
vt 0.3433585 0.9166511 0
vt 0.1810613 0.8580836 0
vt 0.1812347 0.8035034 0
vt 0.4748522 0.8497577 0
vt 0.4752385 0.9166484 0
vt 0.1148332 0.8025733 0
vt 0.7657299 0.8901677 0
vt 0.1148332 0.8576512 0
vt 0.3433603 0.8504526 0
vt 0.3433588 0.8830091 0
vt 0.2350716 0.9195293 0
vt 0.4732086 0.8594626 0
vt 0.4752711 0.9071199 0
vt 0.4704618 0.8834774 0
vt 0.4724814 0.8715727 0
vt 0.8226166 0.9094393 0
vt 0.4728015 0.8952109 0
vt 0.6646635 0.4922832 0
vt 0.5659034 0.4922841 0
vt 0.875576 0.3107465 0
vt 0.8959966 0.3101893 0
vt 0.8784149 0.05004871 0
vt 0.9553058 0.3046533 0
vt 0.8321287 0.191991 0
vt 0.8959888 0.2445479 0
vt 0.6751327 0.5584828 0
vt 0.8679802 0.1162465 0
vt 0.8679802 0.06054588 0
vt 0.7593626 0.9289872 0
vt 0.869066 0.05122132 0
vt 0.6740183 0.4933975 0
vt 0.5828478 0.1062401 0
vt 0.8984236 0.05006518 0
vt 0.9084922 0.1160213 0
vt 0.6488134 0.1162946 0
vt 0.9088415 0.06057917 0
vt 0.5839842 0.1155923 0
vt 0.9077704 0.05125313 0
vt 0.9052428 0.1766869 0
vt 0.5572075 0.331604 0
vt 0.2875179 0.9331477 0
vt 0.4478773 0.331604 0
vt 0.1119118 0.9335946 0
vt 0.1333884 0.9335946 0
vt 0.1333884 0.867396 0
vt 0.447889 0.3977738 0
vt 0.1119118 0.867396 0
vt 0.9476101 0.7907511 0
vt 0.5291263 0.3978138 0
vt 0.7668041 0.9289787 0
vt 0.2875246 0.8949215 0
vt 0.5543337 0.3951541 0
vt 0.2845412 0.8697649 0
vt 0.9547216 0.7907806 0
vt 0.2660793 0.867396 0
vt 0.2867044 0.8817382 0
vt 0.9481946 0.3046238 0
vt 0.1548649 0.9335946 0
vt 0.5731007 0.2358486 0
vt 0.9052428 0.1259346 0
vt 0.5068904 0.1545982 0
vt 0.5073192 0.2354468 0
vt 0.1544786 0.8677849 0
vt 0.9369865 0.2541345 0
vt 0.2445451 0.8949094 0
vt 0.2475777 0.86967 0
vt 0.5095516 0.1293915 0
vt 0.5076284 0.1414122 0
vt 0.8678863 0.9289785 0
vt 0.8527827 0.4215843 0
vt 0.7565557 0.8264958 0
vt 0.07850696 0.821822 0
vt 0.9344929 0.6045109 0
vt 0.3008517 0.9354197 0
vt 0.0785099 0.8880229 0
vt 0.8031497 0.4878401 0
vt 0.1023632 0.8880225 0
vt 0.8527827 0.4878342 0
vt 0.6903568 0.8264958 0
vt 0.9453899 0.5540152 0
vt 0.6903694 0.8503492 0
vt 0.8097121 0.422002 0
vt 0.09459273 0.8221642 0
vt 0.3195008 0.9859035 0
vt 0.1019485 0.8284568 0
vt 0.8095515 0.8243502 0
vt 0.8104138 0.8604008 0
vt 0.755451 0.8731187 0
vt 0.8530035 0.9289925 0
vt 0.6917712 0.8728329 0
vt 0.8741482 0.8604008 0
vt 0.8757917 0.8121697 0
vt 0.05465632 0.8880246 0
vt 0.05465157 0.8344065 0
vt 0.06242104 0.8221656 0
vt 0.05618938 0.8230558 0
vt 0.810783 0.8129618 0
vt 0.8099229 0.8184136 0
vt 0.871653 0.9794764 0
vt 0.05506585 0.8284589 0
vt 0.497215 0.007324223 0
vt 0.7657309 0.9105871 0
vt 0.388409 0.007324223 0
vt 0.8758424 0.7983508 0
vt 0.9270522 0.6045029 0
vt 0.8954039 0.7990364 0
vt 0.938238 0.5540469 0
vt 0.8954045 0.7330138 0
vt 0.3871114 0.07252714 0
vt 0.8749917 0.7330097 0
vt 0.4797713 0.0734629 0
vt 0.8319694 0.8940813 0
vt 0.8787644 0.9795058 0
vt 0.8319687 0.8901578 0
vt 0.8154546 0.9105871 0
vt 0.493241 0.07095076 0
vt 0.8291425 0.9077648 0
vt 0.3713356 0.5042895 0
vt 0.5828478 0.1842572 0
vt 0.9158176 0.7992127 0
vt 0.5068904 0.007324222 0
vt 0.9159085 0.5609835 0
vt 0.5068904 0.116796 0
vt 0.7659171 0.8699396 0
vt 0.572958 0.007520851 0
vt 0.9158176 0.7330138 0
vt 0.8416943 0.9014643 0
vt 0.8308152 0.8790753 0
vt 0.9002232 0.6529231 0
vt 0.5719127 0.1071663 0
vt 0.822611 0.870879 0
vt 0.4048702 0.08339389 0
vt 0.5886906 0.8992584 0
vt 0.3872289 0.08362954 0
vt 0.353444 0.9167985 0
vt 0.3532226 0.8506 0
vt 0.3871114 0.1491985 0
vt 0.8261417 0.2228214 0
vt 0.4048243 0.1494742 0
vt 0.353399 0.9033402 0
vt 0.4968954 0.09985727 0
vt 0.8423573 0.6227512 0
vt 0.5750063 0.6344393 0
vt 0.3872399 0.2573305 0
vt 0.8507981 0.8697331 0
vt 0.4330576 0.1496202 0
vt 0.2129311 0.9324263 0
vt 0.9435278 0.3409156 0
vt 0.4509678 0.2353297 0
vt 0.4119805 0.08457446 0
vt 0.411962 0.1483151 0
vt 0.5666521 0.4809887 0
vt 0.8436127 0.8716438 0
vt 0.4259398 0.08462729 0
vt 0.3975033 0.9164293 0
vt 0.3713356 0.3330158 0
vt 0.4366413 0.331604 0
vt 0.3975033 0.8504516 0
vt 0.8031244 0.04997722 0
vt 0.4846875 0.9166505 0
vt 0.3975033 0.8662422 0
vt 0.8032336 0.1160667 0
vt 0.4847968 0.8505611 0
vt 0.3863998 0.4422954 0
vt 0.529018 0.9166505 0
vt 0.8693232 0.1811002 0
vt 0.4379433 0.3774039 0
vt 0.3728577 0.3575058 0
vt 0.9481488 0.2541205 0
vt 0.4352896 0.3633919 0
vt 0.8031243 0.1811002 0
vt 0.529018 0.8504516 0
vt 0.4362252 0.3563859 0
vt 0.4365515 0.3703301 0
vt 0.8915986 0.1907906 0
vt 0.5561447 0.6289796 0
vt 0.3879733 0.3330191 0
vt 0.4901475 0.6188413 0
vt 0.5549366 0.4438551 0
vt 0.9394378 0.682761 0
vt 0.9394378 0.7031738 0
vt 0.8842943 0.6227535 0
vt 0.6296215 0.9431189 0
vt 0.4455402 0.5100047 0
vt 0.8733313 0.703174 0
vt 0.8260018 0.2012989 0
vt 0.6295009 0.8992559 0
vt 0.4584673 0.4451676 0
vt 0.44928 0.4471391 0
vt 0.6260245 0.8804096 0
vt 0.6091368 0.8773288 0
vt 0.8693287 0.4975425 0
vt 0.5384419 0.9429432 0
vt 0.4924749 0.6267224 0
vt 0.8281881 0.1931744 0
vt 0.6280863 0.8896255 0
vt 0.4739573 0.1592391 0
vt 0.8742075 0.7226369 0
vt 0.3886385 0.2252533 0
vt 0.4970923 0.2252533 0
vt 0.5886906 0.9431799 0
vt 0.6014417 0.8784092 0
vt 0.5922091 0.8803827 0
vt 0.4927952 0.1624241 0
vt 0.4835907 0.1605341 0
vt 0.5901263 0.8896047 0
vt 0.6751319 0.5682406 0
vt 0.9005029 0.6325123 0
vt 0.5659035 0.5682406 0
vt 0.9078917 0.9105604 0
vt 0.9078916 0.8901493 0
vt 0.8416873 0.8901465 0
vt 0.6742408 0.6335504 0
vt 0.8351871 0.6325123 0
vt 0.8340916 0.652035 0
vt 0.8507964 0.9105604 0
vt 0.8426473 0.9050591 0
vt 0.5678199 0.632524 0
vt 0.8436112 0.9086492 0
vt 0.5714105 0.6334869 0
vt 0.8472017 0.9096098 0
vt 0.630938 0.3736727 0
vt 0.8999828 0.6733348 0
vt 0.8416952 0.8788285 0
vt 0.8358182 0.670541 0
vt 0.5667442 0.3756931 0
vt 0.5656873 0.4773982 0
vt 0.8426484 0.8752337 0
vt 0.8472033 0.8706834 0
vt 0.8031244 0.6227592 0
vt 0.9435278 0.3205025 0
vt 0.5688443 0.8767446 0
vt 0.5588548 0.8767446 0
vt 0.558855 0.9429432 0
vt 0.8527729 0.5565548 0
vt 0.5792678 0.9429431 0
vt 0.8031244 0.5565562 0
vt 0.8773289 0.3205025 0
vt 0.8773289 0.3409156 0
vt 0.5792675 0.8871678 0
vt 0.8464731 0.6216616 0
vt 0.850584 0.6205591 0
vt 0.577076 0.878936 0
vt 0.5729636 0.8778326 0
vt 0.5781794 0.8830484 0
vt 0.8031323 0.5079581 0
vt 0.8031243 0.5471911 0
vt 0.9435278 0.3613284 0
vt 0.5488653 0.8767446 0
vt 0.8773289 0.3613284 0
vt 0.8693273 0.5471911 0
vt 0.5384419 0.887168 0
vt 0.5447458 0.8778327 0
vt 0.8053244 0.4997315 0
vt 0.5406334 0.8789361 0
vt 0.804222 0.5038423 0
vt 0.53953 0.8830485 0
vt 0.8582899 0.04997731 0
vt 0.9064679 0.4877832 0
vt 0.5068529 0.9166505 0
vt 0.8843025 0.4877832 0
vt 0.5068528 0.8504931 0
vt 0.8582899 0.1161762 0
vt 0.9064679 0.4215843 0
vt 0.8843025 0.4215843 0
vt 0.8693232 0.1259347 0
vt 0.8621373 0.4877832 0
vt 0.8621373 0.4215843 0
vt 0.8031243 0.1259347 0
vt 0.4805637 0.5197447 0
vt 0.9064511 0.6227535 0
vt 0.3713356 0.5197447 0
vt 0.8910699 0.2351634 0
vt 0.891357 0.2129735 0
vt 0.8253273 0.2121693 0
vt 0.3819344 0.5847797 0
vt 0.4805774 0.5859434 0
vt 0.9064511 0.5565549 0
vt 0.8842943 0.5565549 0
vt 0.8356229 0.2331243 0
vt 0.8273279 0.2265961 0
vt 0.3742978 0.5827704 0
vt 0.8283887 0.2307359 0
vt 0.3782679 0.5838996 0
vt 0.8322961 0.2319329 0
vt 0.5561447 0.5197517 0
vt 0.8621373 0.6227535 0
vt 0.8621373 0.5565549 0
vt 0.489946 0.5197447 0
vt 0.8357903 0.1907906 0
vt 0.4913054 0.6227715 0
vt 0.8271369 0.1973613 0
vt 0.4220879 0.4519673 0
vt 0.697293 0.1937128 0
vt 0.5828478 0.1937121 0
vt 0.9314039 0.1259346 0
vt 0.4220879 0.4781284 0
vt 0.5828665 0.2514491 0
vt 0.9314039 0.1766869 0
vt 0.697314 0.2514491 0
vt 0.3713356 0.4519673 0
vt 0.3713356 0.4781284 0
vt 0.9475639 0.740248 0
vt 0.9438433 0.7402536 0
vt 0.825816 0.9708595 0
vt 0.9401227 0.7402583 0
vt 0.9364021 0.7402621 0
vt 0.9326812 0.7402652 0
vt 0.9289608 0.7402676 0
vt 0.9252404 0.7402695 0
vt 0.9252572 0.7837879 0
vt 0.956318 0.7873397 0
vt 0.9511601 0.792161 0
vt 0.9460393 0.7872943 0
vt 0.9444277 0.2541261 0
vt 0.9407071 0.2541307 0
vt 0.9332661 0.2541375 0
vt 0.9295453 0.25414 0
vt 0.9258248 0.2541418 0
vt 0.9258413 0.2976602 0
vt 0.9569024 0.3012121 0
vt 0.9517446 0.3060334 0
vt 0.9466235 0.3011671 0
vt 0.7705247 0.9289731 0
vt 0.7630835 0.9289834 0
vt 0.7556421 0.9289903 0
vt 0.7519216 0.9289928 0
vt 0.7482013 0.9289946 0
vt 0.7482182 0.972513 0
vt 0.779279 0.9760647 0
vt 0.7776827 0.9795056 0
vt 0.7741214 0.980886 0
vt 0.7705711 0.9794762 0
vt 0.7690003 0.9760195 0
vt 0.3194548 0.9354001 0
vt 0.3157339 0.9354057 0
vt 0.3120133 0.9354103 0
vt 0.3082926 0.9354141 0
vt 0.3045721 0.9354172 0
vt 0.297131 0.9354215 0
vt 0.2971477 0.9789399 0
vt 0.3282086 0.9824921 0
vt 0.3266122 0.985933 0
vt 0.323051 0.9873131 0
vt 0.8716069 0.928973 0
vt 0.8641654 0.9289832 0
vt 0.8567242 0.9289901 0
vt 0.8492997 0.9725127 0
vt 0.8803607 0.9760645 0
vt 0.8752029 0.9808859 0
vt 0.8700822 0.9760193 0
vt 0.8790816 0.1259346 0
vt 0.6973241 0.1265189 0
vt 0.58287 0.1265189 0
vt 0.4220879 0.5042895 0
vt 0.6972092 0.1841756 0
vt 0.8792528 0.1766015 0
vt 0.9382135 0.6045162 0
vt 0.9158919 0.6044957 0
vt 0.9196119 0.6044976 0
vt 0.923332 0.6044999 0
vt 0.9307727 0.6045065 0
vt 0.9469571 0.5575756 0
vt 0.9418061 0.5524648 0
vt 0.9367038 0.5576218 0
vt 0.8109345 0.9708464 0
vt 0.814655 0.9708487 0
vt 0.8183752 0.9708517 0
vt 0.8220954 0.9708552 0
vt 0.8072304 0.9273324 0
vt 0.8382792 0.9239241 0
vt 0.8367114 0.9203634 0
vt 0.8331275 0.9188133 0
vt 0.8295599 0.9203956 0
vt 0.8280256 0.9239708 0
vt 0.4051284 0.9702752 0
vt 0.3865271 0.9702602 0
vt 0.3902472 0.970262 0
vt 0.3976878 0.9702673 0
vt 0.4014081 0.9702709 0
vt 0.3865436 0.9267479 0
vt 0.417592 0.9233398 0
vt 0.4160245 0.9197794 0
vt 0.4088726 0.9198115 0
vt 0.4073386 0.9233865 0
vt 0.9368306 0.0593705 0
vt 0.918229 0.05935549 0
vt 0.9219493 0.05935728 0
vt 0.9293896 0.05936256 0
vt 0.9331101 0.05936616 0
vt 0.9182453 0.01584325 0
vt 0.9492939 0.01243476 0
vt 0.9477265 0.008874413 0
vt 0.9441427 0.007324221 0
vt 0.9405747 0.008906457 0
vt 0.9390407 0.01248169 0
vt 0.9157959 0.9638481 0
vt 0.9195164 0.9638533 0
vt 0.8971946 0.9638331 0
vt 0.9009147 0.9638349 0
vt 0.9083551 0.9638402 0
vt 0.9120757 0.9638438 0
vt 0.897211 0.9203208 0
vt 0.9282592 0.9169126 0
vt 0.9266917 0.9133523 0
vt 0.9231078 0.9118018 0
vt 0.9195398 0.9133845 0
vt 0.9180058 0.9169595 0
vt 0.4968678 0.1351427 0
#end 1536 textures vertices 

#begin 579 normals 
vn 0.5654 -0.582 -0.5846
vn 0.706 -0.7079 -0.0213
vn -0.7049 -0.7092 0.0168
vn -0.5739 -0.5827 -0.5754
vn 0.5839 0.5629 -0.585
vn -0.5788 0.5748 -0.5784
vn -0.7102 0.704 0.0003
vn 0.7071 0.7071 -0.0009
vn 0.5771 -0.5774 -0.5776
vn 0.7071 -0.7071 -0.0003
vn -0.7071 -0.7071 0.0003
vn -0.5776 -0.5774 -0.5771
vn 0.5771 0.5774 -0.5776
vn -0.1399 0.7002 -0.7001
vn -0.3251 0.8881 -0.3248
vn -0.7003 0.7002 -0.1392
vn -0.7071 0.7071 0.0003
vn 0.7071 0.7071 -0.0003
vn -0.7005 0.1395 -0.6998
vn -0.3255 0.3251 -0.8879
vn -0.8882 0.3252 -0.3247
vn 0.5895 -0.5516 -0.5901
vn 0.5558 0.5835 -0.5921
vn -0.125 0.7016 -0.7015
vn -0.3252 0.8881 -0.3248
vn 0.7071 0.7071 -0.012
vn -0.3256 0.3251 -0.8879
vn -0.8882 0.3251 -0.3247
vn -0.5842 -0.5639 -0.5837
vn 0.7018 0.7018 -0.1225
vn 0.333 0.8931 -0.3023
vn 0.1405 0.7011 -0.6991
vn -0.5677 0.5813 -0.5829
vn -0.7071 0.7071 0.0093
vn 0.3388 0.3393 -0.8775
vn 0.7002 0.1486 -0.6984
vn -0.7065 -0.7067 0.0366
vn -0.5777 -0.5774 -0.5769
vn -0.5776 0.5774 -0.5771
vn 0.0103 0.7071 -0.7071
vn 0.1399 0.1404 -0.9802
vn 0.7067 0.0106 -0.7074
vn -0.7072 0.707 0.0003
vn 0.0153 -0.6626 -0.7488
vn 0.2238 -0.9493 -0.2208
vn 0.7825 -0.6224 0.0164
vn 0.7011 -0.7059 0.1011
vn -0.706 -0.7082 0.0003
vn 0.5811 0.5692 -0.5817
vn 0.7106 0.7036 -0.0003
vn 0.7543 -0.0487 -0.6547
vn 0.2528 -0.235 -0.9385
vn 0.6831 0.2679 -0.6795
vn 0.1754 -0.6272 -0.7589
vn 0.6247 -0.4778 -0.6177
vn 0.7962 -0.5793 -0.1747
vn 0.7133 -0.6381 0.2901
vn 0.7492 -0.2521 -0.6125
vn 0.3108 0.6388 0.7038
vn 0.9748 -0.1507 -0.1645
vn 0.7032 -0.1009 -0.7038
vn 0.7015 0.7016 -0.1248
vn 0.1241 0.7016 -0.7017
vn 0.1404 0.9801 -0.1405
vn 0.119 0.9929 -0.0001
vn 0.7036 0.7035 0.1005
vn 0.7013 0.1244 -0.702
vn -0.1012 0.7035 -0.7035
vn 0.98 0.1404 -0.1409
vn 0.9929 0.119 -0.0005
vn 0.5967 0.5919 -0.5419
vn 0.5979 0.5982 -0.5335
vn 0.5949 0.5952 -0.5402
vn 0.5882 0.5989 -0.5435
vn 0.5963 0.5966 -0.5371
vn 0.5986 0.5884 -0.5435
vn 0.5916 0.5969 -0.5419
vn 0.8929 0.3333 -0.3027
vn -0.5793 0.5741 -0.5787
vn -0.5709 0.5807 -0.5804
vn -0.581 0.5807 -0.5703
vn -0.5793 0.579 -0.5738
vn -0.581 0.5706 -0.5804
vn -0.5744 0.579 -0.5787
vn -0.5743 0.579 -0.5787
vn 0.5735 -0.5794 0.5791
vn -0.569 -0.5843 0.5786
vn 0.5776 0.5774 0.5771
vn -0.584 0.5633 0.5845
vn 0.5776 -0.5774 0.5771
vn -0.5771 -0.5774 0.5776
vn -0.7001 0.7002 0.1399
vn -0.3248 0.8881 0.3251
vn -0.1392 0.7002 0.7003
vn -0.3247 0.3251 0.8882
vn -0.6999 0.1395 0.7005
vn -0.8878 0.3252 0.3256
vn 0.5866 -0.5589 0.5861
vn 0.5628 0.5817 0.5873
vn -0.3248 0.8881 0.3252
vn -0.1284 0.7012 0.7013
vn -0.6998 0.1395 0.7005
vn -0.8879 0.3251 0.3256
vn -0.5866 -0.5577 0.5872
vn 0.7019 0.7018 0.1218
vn -0.5623 0.5832 0.5862
vn 0.1377 0.7013 0.6995
vn 0.3333 0.8931 0.302
vn 0.7008 0.1486 0.6977
vn 0.3397 0.3393 0.8772
vn 0.571 -0.5807 0.5804
vn -0.5579 -0.5832 0.5904
vn 0.7074 0.0106 0.7067
vn 0.1409 0.1404 0.98
vn 0.011 0.7071 0.7071
vn -0.5881 0.5547 0.5886
vn 0.0516 -0.8457 0.5312
vn -0.5644 -0.5836 0.5838
vn 0.4284 -0.8888 0.1627
vn 0.01 -0.9991 0.0406
vn 0.5815 0.5696 0.5809
vn -0.5771 0.5774 0.5776
vn 0.7001 -0.0547 0.712
vn 0.2504 -0.4094 0.8773
vn -0.6541 -0.2126 -0.7259
vn 0.2577 -0.9446 0.2034
vn 0.415 -0.714 0.564
vn 0.2564 -0.8826 0.394
vn 0.5834 -0.7162 -0.3831
vn 0.6266 -0.301 0.7189
vn 0.3504 0.6968 -0.6258
vn 0.9411 -0.2834 0.1844
vn 0.7038 -0.1009 0.7032
vn 0.1248 0.7016 0.7015
vn 0.7017 0.7016 0.1241
vn 0.1405 0.9801 0.1404
vn 0.7035 0.7035 -0.1012
vn 0.702 0.1244 0.7013
vn -0.1005 0.7035 0.7036
vn 0.9802 0.1404 0.1399
vn 0.5972 0.5919 0.5414
vn 0.5887 0.5989 0.5429
vn 0.5955 0.5952 0.5396
vn 0.5985 0.5982 0.5329
vn 0.5969 0.5966 0.5365
vn 0.5991 0.5884 0.5429
vn 0.5921 0.5969 0.5414
vn 0.8932 0.3333 0.3018
vn -0.5787 0.5741 0.5793
vn -0.5804 0.5807 0.5709
vn -0.5703 0.5807 0.581
vn -0.5787 0.579 0.5743
vn -0.5804 0.5706 0.581
vn -0.5738 0.579 0.5793
vn 0.7043 -0.7099 -0.0003
vn -0.7048 -0.7092 0.0161
vn -0.5827 -0.5824 -0.5668
vn 0.5729 0.5772 -0.5819
vn -0.5739 0.5792 -0.5789
vn 0.707 0.7071 -0.0128
vn -0.7059 0.0757 -0.7043
vn -0.1746 0.1701 -0.9698
vn -0.0681 0 -0.9977
vn 0.7067 0.0086 -0.7074
vn -0.9784 0.206 0.0162
vn -0.9768 0.1577 -0.145
vn -0.1746 -0.1701 -0.9698
vn -0.7059 -0.0757 -0.7043
vn 1 0 -0.0005
vn -0.3496 0.3255 -0.8785
vn -0.6905 0.3249 -0.6462
vn -0.7338 0 -0.6793
vn -0.3081 0 -0.9513
vn -0.9058 0.304 -0.2953
vn -0.9669 0 -0.2552
vn -1 0 0.0005
vn -0.3496 -0.3255 -0.8785
vn -0.6905 -0.3249 -0.6462
vn -0.9058 -0.304 -0.2953
vn -0.9768 -0.1577 -0.145
vn -0.9777 -0.2101 0.0005
vn 0.5729 -0.5797 0.5794
vn -0.6244 -0.4783 0.6176
vn 0.7075 0 0.7068
vn -0.0671 -0.0023 0.9977
vn -0.093 -0.0355 0.995
vn -0.7222 0.2302 0.6523
vn -0.9963 -0.0424 0.0751
vn -0.7052 -0.0757 0.705
vn -0.1736 -0.1701 0.97
vn -0.4187 0.3439 0.8405
vn -0.3072 -0.0022 0.9516
vn -0.7328 -0.0292 0.6798
vn -0.7216 0.1593 0.6738
vn -0.8939 0.297 0.3356
vn -0.9666 -0.0068 0.2561
vn -0.3487 -0.3255 0.8789
vn -0.6899 -0.3249 0.6469
vn -0.9055 -0.304 0.2962
vn -0.9766 -0.1577 0.1459
vn 0.5841 -0.5844 -0.5632
vn 0.7057 -0.708 0.0267
vn -0.7054 -0.7088 0.0003
vn -0.7071 -0.7071 -0.0117
vn -0.1635 -0.9729 -0.1633
vn -0.0124 -0.7071 -0.707
vn -0.7071 0.7071 0.0094
vn 0.7101 0.7041 -0.0003
vn -0.1639 -0.1634 -0.9729
vn -0.7074 -0.0121 -0.7067
vn -0.973 -0.1634 -0.1629
vn -0.7024 0.1189 -0.7017
vn -0.7002 -0.7001 -0.1397
vn -0.1404 -0.7001 -0.7001
vn -0.702 -0.7021 0.1192
vn -0.7005 -0.1401 -0.6998
vn 0.1186 -0.7021 -0.7021
vn 0.5759 -0.5787 0.5775
vn -0.0022 -0.7071 0.7071
vn -0.1633 -0.9729 0.1635
vn -0.707 -0.7071 0.0124
vn 0.5795 0.5718 0.5807
vn -0.5737 0.5758 0.5825
vn -0.7067 -0.0064 0.7074
vn -0.1629 -0.1634 0.973
vn -0.9729 -0.1634 0.1639
vn -0.7017 0.1189 0.7024
vn -0.1397 -0.7001 0.7002
vn -0.7001 -0.7001 0.1404
vn -0.7021 -0.7021 -0.1186
vn -0.6998 -0.1401 0.7005
vn 0.1192 -0.7021 0.702
vn -0.0115 0.7071 -0.707
vn -0.1419 0.981 -0.1326
vn -0.118 0.993 0.0001
vn 0.7071 0.707 0.0127
vn -0.7074 0.0111 -0.7067
vn -0.1475 0.147 -0.9781
vn -0.993 0.118 0.0005
vn -0.981 0.1418 -0.1322
vn -0.7167 -0.0986 -0.6904
vn -0.1285 0.7063 -0.6961
vn -0.5842 0.5839 -0.5637
vn -0.7023 0.7022 -0.1169
vn -0.7031 0.7032 0.106
vn -0.7067 0.1282 -0.6958
vn 0.0982 0.7164 -0.6908
vn 0.5792 -0.5742 0.5786
vn 0.5737 0.5743 0.584
vn -0.1418 0.981 0.1327
vn -0.0049 0.7069 0.7073
vn -0.1466 0.147 0.9782
vn -0.7067 0.0111 0.7074
vn -0.9809 0.1418 0.1331
vn -0.7161 -0.0986 0.6911
vn -0.7022 0.7022 0.1176
vn -0.5837 0.5839 0.5643
vn -0.1279 0.7063 0.6962
vn -0.7032 0.7032 -0.1053
vn -0.706 0.1282 0.6965
vn 0.0989 0.7164 0.6907
vn 0.0119 -0.7071 -0.707
vn 0.1434 -0.9827 -0.1168
vn 0.7071 -0.7071 -0.0082
vn 0.7066 -0.7076 -0.0003
vn -0.7069 -0.7065 0.0341
vn -0.5786 -0.5783 -0.5752
vn -0.5778 0.5775 -0.5768
vn -0.7069 0.706 0.0439
vn 0.7068 -0.0122 -0.7073
vn 0.1598 -0.1603 -0.974
vn 0.7419 0.0933 -0.664
vn 0.1352 -0.7161 -0.6848
vn 0.5966 -0.5969 -0.5364
vn 0.7033 -0.7034 -0.1033
vn 0.7025 -0.7024 0.1147
vn 0.7157 -0.1355 -0.6851
vn -0.0936 -0.7422 -0.6636
vn 0.9827 -0.1435 -0.1172
vn -0.0241 -0.7035 0.7102
vn -0.5827 -0.5541 0.5945
vn 0.7071 -0.7071 0.0075
vn 0.1435 -0.9827 0.1167
vn 0.5623 0.5849 0.5846
vn -0.5746 0.5548 0.6017
vn 0.7075 -0.0122 0.7066
vn 0.1608 -0.1603 0.9739
vn 0.7425 0.0933 0.6633
vn 0.7034 -0.7034 0.1026
vn 0.5972 -0.5969 0.5358
vn 0.1358 -0.7161 0.6847
vn 0.7024 -0.7024 -0.1154
vn 0.7164 -0.1355 0.6844
vn -0.093 -0.7422 0.6637
vn 0.9828 -0.1435 0.1163
vn 0.5683 -0.5729 -0.5906
vn 0.7064 -0.7071 -0.031
vn -0.7065 -0.7077 0.0071
vn -0.5735 -0.5794 -0.5791
vn 0.5805 0.5704 -0.5811
vn -0.0583 0.7059 -0.7059
vn -0.3068 0.9011 -0.3065
vn -0.7059 0.7059 -0.0576
vn 0.7081 0.7062 -0.0003
vn -0.7063 0.0579 -0.7056
vn -0.307 0.3066 -0.901
vn -0.9013 0.3066 -0.3062
vn -0.6923 0.206 -0.6916
vn -0.3609 0.6595 -0.6594
vn -0.6597 0.6595 -0.3602
vn -0.692 0.6919 -0.2057
vn -0.6599 0.3605 -0.6592
vn -0.2063 0.6919 -0.6918
vn 0.579 -0.5801 0.573
vn -0.5745 -0.5764 0.5811
vn -0.7059 0.7059 0.0583
vn -0.3065 0.9011 0.3068
vn -0.0576 0.7059 0.7059
vn -0.3062 0.3066 0.9013
vn -0.7057 0.0537 0.7064
vn -0.901 0.3066 0.307
vn -0.6916 0.206 0.6923
vn -0.6594 0.6595 0.3609
vn -0.3602 0.6595 0.6597
vn -0.6918 0.6919 0.2063
vn -0.6592 0.3605 0.6599
vn -0.2057 0.6919 0.692
vn 0.7065 -0.7076 0.0068
vn -0.0004 -0.9994 0.0344
vn -0.0076 -0.9988 -0.0487
vn -0.1575 -0.9764 -0.1479
vn -0.075 -0.7055 -0.7047
vn -0.075 0.7055 -0.7047
vn -0.1575 0.9764 -0.1479
vn -0 0.9986 -0.0537
vn 0 1 -0
vn -0.1681 -0.1716 -0.9707
vn -0.0005 -0.0665 -0.9978
vn 0.7068 -0 -0.7074
vn -0.5736 -0.5794 -0.579
vn -0.7069 -0.7073 0.0003
vn -0.7075 -0 -0.7068
vn 0.1574 0.9764 -0.148
vn 0.0743 0.7055 -0.7048
vn 0.0548 -0.1051 -0.9929
vn 0.0624 -0.7131 -0.6983
vn -0.3037 -0.9042 -0.3003
vn -0.0022 -0.9656 -0.26
vn -0.0123 -0.7288 -0.6846
vn -0.3228 -0.6871 -0.6509
vn -0.3037 0.9042 -0.3003
vn -0.3228 0.6871 -0.6509
vn -0.0003 0.7289 -0.6846
vn -0.0001 0.9656 -0.26
vn -0.3216 -0.3445 -0.882
vn -0.0005 -0.3028 -0.953
vn -0.3216 0.3445 -0.882
vn -0.0005 0.3028 -0.953
vn -0.1681 0.1716 -0.9707
vn -0.0005 0.0665 -0.9978
vn 0.2985 -0.9012 -0.3143
vn 0.2634 -0.7015 -0.6623
vn 0.0637 -0.9927 -0.1019
vn 0.3034 0.9042 -0.3006
vn 0.3222 0.6871 -0.6512
vn 0.3305 -0.3747 -0.8662
vn 0.3207 0.3445 -0.8823
vn 0.1671 0.1716 -0.9709
vn 0.7068 0 -0.7074
vn 1 -0 0.0007
vn 1 -0 0.0033
vn 0.5743 -0.5764 0.5813
vn -0.0833 -0.7191 0.6898
vn -0.347 -0.8856 0.3088
vn -0.0805 -0.9907 0.1096
vn 0.5785 0.5756 0.5779
vn 0 0.9986 0.0537
vn -0.1574 0.9764 0.148
vn -0.0743 0.7055 0.7048
vn 0.7072 -0.0048 0.707
vn -0.1671 0.1716 0.9709
vn 0.001 0.0631 0.998
vn -0.5643 -0.5837 0.5838
vn -0.7056 0 0.7086
vn 0.075 0.7055 0.7047
vn 0.1575 0.9764 0.1479
vn -0.0131 -0.1235 0.9923
vn 0.0791 -0.745 0.6624
vn 0.1783 -0.3124 0.9331
vn -0.2655 -0.927 0.2648
vn -0.3666 -0.6919 0.622
vn -0.0815 -0.6908 0.7185
vn -0.0287 -0.9546 0.2963
vn -0.3034 0.9042 0.3006
vn 0.0001 0.9656 0.26
vn 0.0003 0.7289 0.6846
vn -0.3222 0.6871 0.6512
vn -0.4154 -0.3842 0.8246
vn -0.0434 -0.3827 0.9229
vn -0.2703 -0.2775 0.9219
vn -0.3207 0.3445 0.8823
vn 0.0005 0.3028 0.953
vn 0.1666 -0.9399 0.298
vn 0.2576 -0.7027 0.6632
vn 0.2386 -0.9186 0.3149
vn 0.3037 0.9042 0.3003
vn 0.3228 0.6871 0.6509
vn 0.3506 -0.478 0.8054
vn 0.3216 0.3445 0.882
vn 0.1681 0.1716 0.9707
vn 0.7039 -0.0048 0.7103
vn 0.0425 -0.7065 -0.7065
vn 0.2923 -0.9105 -0.2926
vn 0.3143 -0.9493 -0.0002
vn -0.7076 -0.7066 0.0003
vn -0.5788 0.5785 -0.5747
vn -0.7065 0.7069 0.035
vn 0.7068 0.7074 -0.0003
vn 0.7061 -0.0428 -0.7068
vn 0.292 -0.2925 -0.9106
vn 0.7065 -0.0264 -0.7072
vn 0.3055 -0.6732 -0.6734
vn 0.5771 -0.5773 -0.5776
vn 0.6731 -0.6732 -0.3062
vn 0.7068 -0.7069 -0.0267
vn 0.6729 -0.3059 -0.6735
vn 0.026 -0.7069 -0.7069
vn 0.9103 -0.2925 -0.2929
vn 0.9493 -0.3143 -0.0005
vn 0.0432 -0.7065 0.7064
vn -0.5809 -0.5695 0.5815
vn 0.2926 -0.9105 0.2923
vn 0.5729 0.5797 0.5794
vn -0.5657 0.5707 0.5952
vn 0.7068 -0.0428 0.7061
vn 0.2929 -0.2925 0.9103
vn 0.7072 -0.0264 0.7065
vn 0.6734 -0.6732 0.3055
vn 0.5776 -0.5773 0.5771
vn 0.3062 -0.6732 0.6731
vn 0.7069 -0.7069 0.026
vn 0.6735 -0.3059 0.6729
vn 0.0267 -0.7069 0.7068
vn 0.9106 -0.2925 0.292
vn -0.7074 -0.7068 0.0003
vn -0.5812 -0.5702 -0.5806
vn 0.7001 0.7002 -0.1399
vn 0.3249 0.8881 -0.3252
vn 0.1307 0.701 -0.7011
vn -0.5673 0.5708 -0.5937
vn -0.7063 0.7066 0.0436
vn 0.707 0.7072 -0.0003
vn 0.3247 0.3251 -0.8882
vn 0.6998 0.1395 -0.7005
vn 0.5787 0.5741 -0.5793
vn 0.5804 0.5807 -0.5709
vn 0.5771 0.5773 -0.5776
vn 0.5703 0.5807 -0.581
vn 0.5787 0.579 -0.5744
vn 0.5804 0.5706 -0.581
vn 0.5738 0.579 -0.5793
vn 0.8879 0.3251 -0.3255
vn -0.5852 -0.5607 0.5858
vn 0.7003 0.7002 0.1392
vn -0.5494 0.5591 0.6209
vn 0.1205 0.702 0.7019
vn 0.3252 0.8881 0.3249
vn 0.7005 0.1395 0.6998
vn 0.3255 0.3251 0.8879
vn 0.5793 0.5741 0.5787
vn 0.5709 0.5807 0.5804
vn 0.5776 0.5773 0.5771
vn 0.581 0.5807 0.5703
vn 0.5793 0.579 0.5738
vn 0.581 0.5706 0.5804
vn 0.5743 0.579 0.5787
vn 0.8882 0.3251 0.3247
vn 0.1392 -0.7002 -0.7003
vn 0.325 -0.888 -0.3253
vn 0.7001 -0.7002 -0.1399
vn 0.6998 -0.1395 -0.7005
vn 0.3247 -0.3251 -0.8882
vn 0.5787 -0.5741 -0.5793
vn 0.5703 -0.5807 -0.581
vn 0.5804 -0.5807 -0.5709
vn 0.5787 -0.579 -0.5744
vn 0.5804 -0.5706 -0.581
vn 0.5738 -0.579 -0.5793
vn 0.8879 -0.3251 -0.3255
vn 0.1399 -0.7002 0.7001
vn 0.7003 -0.7002 0.1392
vn 0.3253 -0.888 0.325
vn 0.7005 -0.1395 0.6998
vn 0.3255 -0.3251 0.8879
vn 0.5793 -0.5741 0.5787
vn 0.581 -0.5807 0.5703
vn 0.5709 -0.5807 0.5804
vn 0.5793 -0.579 0.5738
vn 0.581 -0.5706 0.5804
vn 0.5744 -0.579 0.5787
vn 0.8882 -0.3251 0.3247
vn 0.5775 -0.5765 -0.5781
vn 0.7073 -0.7069 -0.0003
vn 0.5769 0.5769 -0.5783
vn -0.5766 0.5779 -0.5776
vn -0.7069 0.7073 0.0003
vn 0.7071 0.7071 -0.0038
vn 0.5781 0.5778 0.5761
vn 0.5844 -0.5629 -0.5845
vn 0.7074 -0.7068 -0.0003
vn 0.7397 0.6262 -0.2466
vn 0.6016 0.5843 -0.5447
vn 0.127 0.7078 -0.6949
vn -0.5715 0.5805 -0.58
vn -0.707 0.7072 0.0003
vn 0.7066 0.7069 -0.0316
vn 0.4889 0.4334 -0.757
vn 0.7556 0.1336 -0.6413
vn 0.7824 0.3034 -0.5439
vn 0.6271 0.4745 -0.6177
vn 0.68 0.587 -0.4393
vn 0.5537 0.6443 -0.5276
vn 0.6997 0.6078 -0.3755
vn 0.7329 0.51 -0.4502
vn 0.6102 0.6326 -0.477
vn 0.4199 0.647 -0.6365
vn 0.5811 -0.5706 0.5803
vn 0.7217 0.6672 0.1845
vn -0.576 0.5779 0.5782
vn 0.1616 0.7059 0.6896
vn 0.6434 0.5583 0.5238
vn 0.7336 0.1329 0.6665
vn 0.5806 0.505 0.6386
vn 0.7221 0.4387 0.5349
vn 0.631 0.592 0.5014
vn 0.6472 0.6063 0.4621
vn 0.614 0.5605 0.5557
vn 0.6421 0.6009 0.4761
vn 0.6668 0.5357 0.518
vn 0.586 0.6408 0.4959
vn 0.6506 0.5586 0.5144
vn 0.7071 0.7071 0.002
vn 0.3011 0.3015 -0.9047
vn -0.302 0.3015 -0.9044
vn 0.3011 -0.3015 -0.9047
vn -0.302 -0.3015 -0.9044
vn -0.5493 -0.6303 -0.5487
vn -0.0004 -0.6303 -0.7764
vn 0.5487 -0.6303 -0.5493
vn 0.7764 -0.6303 -0.0004
vn 0.5493 -0.6303 0.5487
vn 0.0004 -0.6303 0.7764
vn -0.5487 -0.6303 0.5493
vn -0.7764 -0.6303 0.0004
vn -0.5487 0.6303 0.5493
vn -0.7764 0.6303 0.0004
vn 0.0004 0.6303 0.7764
vn 0.5493 0.6303 0.5487
vn 0.7764 0.6303 -0.0004
vn 0.5487 0.6303 -0.5493
vn -0.0004 0.6303 -0.7764
vn -0.5493 0.6303 -0.5487
vn -0.5492 -0.6303 -0.5487
vn 0.7763 -0.6303 -0.0004
vn 0.5492 -0.6303 0.5487
vn -0.7763 -0.6303 0.0004
vn -0.7763 0.6303 0.0004
vn 0.5492 0.6303 0.5487
vn 0.7763 0.6303 -0.0004
vn -0.5492 0.6303 -0.5487
vn 0.5783 -0.5763 0.5774
vn 0.5787 0.5793 0.5741
vn -0.5766 0.5777 0.5778
vn -0.3011 0.3015 0.9047
vn 0.302 0.3015 0.9044
vn 0.302 -0.3015 0.9044
vn -0.293 -0.2934 0.91
vn -0.7068 0 0.7075
vn -0.7075 0 -0.7068
#end 579 normals 

#begin 640 faces
o prefab_window_lvl2
g prefab_window_lvl2
s 1
f 1/1/1 2/2/2 3/3/3 4/4/4 
f 5/5/5 6/6/6 7/7/7 8/8/8 
s 2
f 1/843/1 4/839/4 6/858/6 5/855/5 
s 4
f 4/840/4 3/849/3 7/864/7 6/859/6 
s 1
f 9/9/9 10/10/10 11/11/11 12/12/12 
f 13/13/13 14/14/14 15/15/15 16/16/16 17/17/17 18/18/18 
s 2
f 9/869/9 12/865/12 19/19/19 20/20/20 14/879/14 13/877/13 
s 4
f 12/866/12 11/875/11 17/881/17 16/880/16 21/21/21 19/883/19 
s 1
f 22/22/22 23/23/10 24/24/11 25/25/12 
f 26/26/23 27/27/24 28/28/25 29/29/16 30/30/17 31/31/26 
s 2
f 22/886/22 25/884/12 32/32/19 33/33/27 27/896/24 26/893/23 
s 4
f 25/885/12 24/891/11 30/898/17 29/897/16 34/34/28 32/899/19 
s 1
f 35/35/9 36/36/10 37/37/11 38/38/29 
f 39/39/30 40/40/31 41/41/32 42/42/33 43/43/34 44/44/18 
s 2
f 35/905/9 38/901/29 42/915/33 41/914/32 45/45/35 46/46/36 
s 4
f 38/902/29 37/910/11 43/917/34 42/916/33 
s 1
f 47/47/9 48/48/10 49/49/37 50/50/38 
s 2
f 47/922/9 50/920/38 51/51/39 52/52/40 53/53/41 54/54/42 
s 4
f 50/921/38 49/925/37 55/55/43 51/928/39 
s 1
f 56/56/44 57/57/45 58/58/46 59/59/47 60/60/48 61/61/12 
f 62/62/49 63/63/39 64/64/17 65/65/50 
s 2
f 66/66/51 67/67/52 56/935/44 61/933/12 63/943/39 62/940/49 
s 4
f 61/934/12 60/939/48 64/945/17 63/944/39 
s 1
f 68/68/9 69/69/10 70/70/11 71/71/12 
f 72/72/13 73/73/39 74/74/17 75/75/18 
s 2
f 68/837/9 71/862/12 73/867/39 72/850/13 
s 4
f 71/863/12 70/857/11 74/871/17 73/868/39 
s 1
f 76/76/53 77/77/54 78/78/55 79/79/56 
f 76/76/53 57/57/45 56/56/44 77/77/54 
f 76/76/53 79/79/56 58/58/46 57/57/45 
s 2
f 80/80/57 81/81/58 78/949/55 77/948/54 
f 80/80/57 67/67/52 66/66/51 81/81/58 
f 80/80/57 77/948/54 56/935/44 67/67/52 
s 4
f 82/82/59 79/952/56 78/950/55 81/954/58 
f 82/82/59 83/83/60 58/936/46 79/952/56 
f 82/82/59 81/954/58 66/845/51 83/83/60 
s 1
f 84/84/61 85/85/62 86/86/13 87/87/63 
f 84/84/61 88/88/64 89/89/65 90/90/18 85/85/62 
f 84/84/61 87/87/63 52/930/40 88/88/64 
s 2
f 91/91/66 87/959/63 86/958/13 92/92/67 
f 91/91/66 53/53/41 52/52/40 87/959/63 
f 91/91/66 92/92/67 54/54/42 53/53/41 
s 4
f 93/93/68 92/961/67 86/957/13 85/956/62 
f 93/93/68 94/94/69 54/926/42 92/961/67 
f 93/93/68 85/956/62 90/960/18 95/95/70 94/94/69 
s 8
f 96/96/71 97/97/72 98/98/73 99/99/74 
f 96/96/71 40/40/31 39/39/30 97/97/72 
f 96/96/71 99/99/74 41/41/32 40/40/31 
f 100/100/75 99/968/74 98/965/73 101/101/76 
f 100/100/75 45/45/35 41/914/32 99/968/74 
f 100/100/75 101/101/76 46/46/36 45/45/35 
f 102/102/77 101/969/76 98/966/73 97/964/72 
f 102/102/77 103/103/78 46/919/36 101/969/76 
f 102/102/77 97/964/72 39/913/30 103/103/78 
f 104/104/79 105/105/80 106/106/39 107/107/81 
f 104/104/79 15/15/15 14/14/14 105/105/80 
f 104/104/79 107/107/81 16/16/16 15/15/15 
f 108/108/82 109/109/83 106/972/39 105/971/80 
f 108/108/82 20/20/20 19/19/19 109/109/83 
f 108/108/82 105/971/80 14/879/14 20/20/20 
f 110/110/84 107/975/81 106/973/39 109/976/83 
f 110/110/84 21/21/21 16/880/16 107/975/81 
f 110/110/84 109/976/83 19/883/19 21/21/21 
f 111/111/79 112/112/80 113/113/39 114/114/81 
f 111/111/79 28/28/25 27/27/24 112/112/80 
f 111/111/79 114/114/81 29/29/16 28/28/25 
f 115/115/82 116/116/83 113/980/39 112/977/80 
f 115/115/82 33/33/27 32/32/19 116/116/83 
f 115/115/82 112/977/80 27/896/24 33/33/27 
f 117/117/85 114/982/81 113/981/39 116/983/83 
f 117/117/85 34/34/28 29/897/16 114/982/81 
f 117/117/85 116/983/83 32/899/19 34/34/28 
s 4
f 2/846/2 1/844/1 5/856/5 8/852/8 
f 10/872/10 9/870/9 13/878/13 18/876/18 
f 23/890/10 22/887/22 26/894/23 31/892/26 
f 36/907/10 35/906/9 46/919/36 103/103/78 39/913/30 44/911/18 
s 1
f 89/89/65 88/88/64 52/930/40 51/929/39 55/932/43 
s 4
f 48/924/10 47/923/9 54/926/42 94/94/69 95/95/70 
f 59/938/47 58/936/46 83/83/60 66/845/51 62/941/49 65/841/50 
f 69/853/10 68/838/9 72/851/13 75/874/18 
s 1
f 118/118/86 119/119/87 3/3/3 2/2/2 
f 120/120/88 8/8/8 7/7/7 121/121/89 
s 2
f 118/985/86 120/991/88 121/990/89 119/986/87 
s 4
f 119/987/87 121/989/89 7/864/7 3/849/3 
s 1
f 122/122/90 123/123/91 11/11/11 10/10/10 
f 124/124/88 18/18/18 17/17/17 125/125/92 126/126/93 127/127/94 
s 2
f 122/994/90 124/999/88 127/998/94 128/128/95 129/129/96 123/996/91 
s 4
f 123/997/91 129/1003/96 130/130/97 125/1001/92 17/881/17 11/875/11 
s 1
f 131/131/98 132/132/91 24/24/11 23/23/10 
f 133/133/99 31/31/26 30/30/17 134/134/92 135/135/100 136/136/101 
s 2
f 131/1005/98 133/1014/99 136/1012/101 137/137/95 138/138/102 132/1008/91 
s 4
f 132/1009/91 138/1017/102 139/139/103 134/1016/92 30/898/17 24/891/11 
s 1
f 140/140/90 141/141/104 37/37/11 36/36/10 
f 142/142/105 44/44/18 43/43/34 143/143/106 144/144/107 145/145/108 
s 2
f 140/1020/90 146/146/109 147/147/110 144/1030/107 143/1028/106 141/1022/104 
s 4
f 141/1023/104 143/1027/106 43/917/34 37/910/11 
s 1
f 148/148/111 149/149/112 49/49/37 48/48/10 
s 2
f 148/1033/111 150/150/113 151/151/114 152/152/115 153/153/116 149/1034/112 
s 4
f 149/1035/112 153/1039/116 55/55/43 49/925/37 
s 1
f 154/154/117 155/155/118 60/60/48 59/59/47 156/156/119 157/157/120 
f 158/158/121 65/65/50 64/64/17 159/159/122 
s 2
f 160/160/123 158/1052/121 159/1049/122 155/1044/118 154/1043/117 161/161/124 
s 4
f 155/1045/118 159/1048/122 64/945/17 60/939/48 
s 1
f 162/162/90 163/163/91 70/70/11 69/69/10 
f 164/164/88 75/75/18 74/74/17 165/165/122 
s 2
f 162/1057/90 164/1064/88 165/1062/122 163/1058/91 
s 4
f 163/1059/91 165/1061/122 74/871/17 70/857/11 
s 1
f 166/166/125 167/167/126 168/168/127 169/169/128 
f 166/166/125 169/169/128 154/154/117 157/157/120 
f 166/166/125 157/157/120 156/156/119 167/167/126 
s 2
f 170/170/129 169/1069/128 168/1068/127 171/171/130 
f 170/170/129 171/171/130 160/160/123 161/161/124 
f 170/170/129 161/161/124 154/1043/117 169/1069/128 
s 4
f 172/172/131 171/1070/130 168/1067/127 167/1066/126 
f 172/172/131 167/1066/126 156/1047/119 173/173/132 
f 172/172/131 173/173/132 160/1055/123 171/1070/130 
s 1
f 174/174/133 175/175/134 176/176/88 177/177/135 
f 174/174/133 177/177/135 90/90/18 89/89/65 178/178/136 
f 174/174/133 178/178/136 152/1038/115 175/175/134 
s 2
f 179/179/137 180/180/138 176/1073/88 175/1071/134 
f 179/179/137 175/1071/134 152/152/115 151/151/114 
f 179/179/137 151/151/114 150/150/113 180/180/138 
s 4
f 181/181/139 177/1075/135 176/1074/88 180/1077/138 
f 181/181/139 180/1077/138 150/1037/113 182/182/140 
f 181/181/139 182/182/140 95/95/70 90/960/18 177/1075/135 
s 8
f 183/183/141 184/184/142 185/185/143 186/186/144 
f 183/183/141 186/186/144 142/142/105 145/145/108 
f 183/183/141 145/145/108 144/144/107 184/184/142 
f 187/187/145 188/188/146 185/1079/143 184/1078/142 
f 187/187/145 184/1078/142 144/1030/107 147/147/110 
f 187/187/145 147/147/110 146/146/109 188/188/146 
f 189/189/147 186/1082/144 185/1080/143 188/1083/146 
f 189/189/147 188/1083/146 146/1031/109 190/190/148 
f 189/189/147 190/190/148 142/1025/105 186/1082/144 
f 191/191/149 192/192/150 193/193/122 194/194/151 
f 191/191/149 194/194/151 127/127/94 126/126/93 
f 191/191/149 126/126/93 125/125/92 192/192/150 
f 195/195/152 194/1089/151 193/1086/122 196/196/153 
f 195/195/152 196/196/153 129/129/96 128/128/95 
f 195/195/152 128/128/95 127/998/94 194/1089/151 
f 197/197/154 196/1091/153 193/1087/122 192/1085/150 
f 197/197/154 192/1085/150 125/1001/92 130/130/97 
f 197/197/154 130/130/97 129/1003/96 196/1091/153 
f 198/198/149 199/199/150 200/200/122 201/201/151 
f 198/198/149 201/201/151 136/136/101 135/135/100 
f 198/198/149 135/135/100 134/134/92 199/199/150 
f 202/202/152 201/1096/151 200/1094/122 203/203/153 
f 202/202/152 203/203/153 138/138/102 137/137/95 
f 202/202/152 137/137/95 136/1012/101 201/1096/151 
f 204/204/154 203/1097/153 200/1095/122 199/1092/150 
f 204/204/154 199/1092/150 134/1016/92 139/139/103 
f 204/204/154 139/139/103 138/1017/102 203/1097/153 
s 4
f 2/846/2 8/852/8 120/992/88 118/984/86 
f 10/872/10 18/876/18 124/1000/88 122/993/90 
f 23/890/10 31/892/26 133/1015/99 131/1004/98 
f 36/907/10 44/911/18 142/1025/105 190/190/148 146/1031/109 140/1019/90 
s 1
f 89/89/65 55/932/43 153/1040/116 152/1038/115 178/178/136 
s 4
f 48/924/10 95/95/70 182/182/140 150/1037/113 148/1032/111 
f 59/938/47 65/841/50 158/1053/121 160/1055/123 173/173/132 156/1047/119 
f 69/853/10 75/874/18 164/1065/88 162/1056/90 
s 1
f 205/205/9 206/206/155 207/207/156 208/208/157 
f 209/209/158 210/210/159 211/211/17 212/212/160 
s 2
f 205/1101/9 208/1099/157 213/213/161 214/214/162 215/215/163 216/216/164 
s 4
f 208/1100/157 207/1105/156 217/217/165 218/218/166 213/1118/161 
s 2
f 215/215/163 219/219/167 220/220/168 210/1113/159 209/1111/158 216/216/164 
s 4
f 216/1117/164 209/1110/158 212/1109/160 221/221/169 
s 2
f 222/222/170 223/223/171 224/224/172 225/225/173 
f 222/222/170 214/214/162 213/213/161 223/223/171 
f 222/222/170 225/225/173 215/215/163 214/214/162 
s 4
f 226/226/174 227/227/175 224/1125/172 223/1121/171 
f 226/226/174 218/218/166 217/217/165 228/228/176 227/227/175 
f 226/226/174 223/1121/171 213/1118/161 218/218/166 
s 2
f 229/229/177 225/225/173 224/224/172 230/230/178 
f 229/229/177 219/219/167 215/215/163 225/225/173 
f 229/229/177 230/230/178 220/220/168 219/219/167 
s 4
f 231/231/179 230/1127/178 224/1125/172 227/227/175 
f 231/231/179 232/232/180 220/1120/168 230/1127/178 
f 231/231/179 227/227/175 228/228/176 233/233/181 232/232/180 
f 206/1104/155 205/1102/9 216/1117/164 221/221/169 
f 211/1115/17 210/1114/159 220/1120/168 232/232/180 233/233/181 
s 1
f 234/234/182 235/235/183 207/207/156 206/206/155 
f 236/236/88 212/212/160 211/211/17 237/237/122 
s 2
f 234/1129/182 238/238/184 239/239/185 240/240/186 241/241/187 235/1130/183 
s 4
f 235/1131/183 241/1139/187 242/242/188 217/217/165 207/1105/156 
s 2
f 239/239/185 238/238/184 236/1135/88 237/1133/122 243/243/189 244/244/190 
s 4
f 238/1137/184 221/221/169 212/1109/160 236/1136/88 
s 2
f 245/245/191 246/246/192 247/247/193 248/248/194 
f 245/245/191 248/248/194 241/241/187 240/240/186 
f 245/245/191 240/240/186 239/239/185 246/246/192 
s 4
f 249/249/195 248/1142/194 247/1141/193 250/250/196 
f 249/249/195 250/250/196 228/228/176 217/217/165 242/242/188 
f 249/249/195 242/242/188 241/1139/187 248/1142/194 
s 2
f 251/251/197 252/252/198 247/247/193 246/246/192 
f 251/251/197 246/246/192 239/239/185 244/244/190 
f 251/251/197 244/244/190 243/243/189 252/252/198 
s 4
f 253/253/199 250/250/196 247/1141/193 252/1144/198 
f 253/253/199 252/1144/198 243/1140/189 254/254/200 
f 253/253/199 254/254/200 233/233/181 228/228/176 250/250/196 
f 206/1104/155 221/221/169 238/1137/184 234/1128/182 
f 211/1115/17 233/233/181 254/254/200 243/1140/189 237/1132/122 
s 1
f 255/255/201 256/256/202 257/257/203 258/258/204 259/259/205 260/260/206 
f 261/261/13 262/262/39 263/263/207 264/264/208 
s 2
f 255/1146/201 260/1145/206 265/265/209 266/266/210 262/1153/39 261/1006/13 
s 4
f 266/1155/210 267/267/211 258/1149/204 257/1029/203 263/1024/207 262/1154/39 
s 1
f 268/268/212 269/269/213 270/270/12 271/271/214 
f 268/268/212 259/259/205 258/258/204 269/269/213 
f 268/268/212 271/271/214 260/260/206 259/259/205 
s 2
f 272/272/215 271/1036/214 270/1158/12 273/273/216 
f 272/272/215 265/265/209 260/1145/206 271/1036/214 
f 272/272/215 273/273/216 266/266/210 265/265/209 
s 4
f 274/274/217 273/1054/216 270/1157/12 269/1018/213 
f 274/274/217 267/267/211 266/1155/210 273/1054/216 
f 274/274/217 269/1018/213 258/1149/204 267/267/211 
f 256/1148/202 255/1147/201 261/1007/13 264/1152/208 
s 1
f 275/275/218 276/276/219 277/277/220 278/278/221 257/257/203 256/256/202 
f 279/279/222 264/264/208 263/263/207 280/280/223 
s 2
f 275/1042/218 279/1050/222 280/1162/223 281/281/224 282/282/225 276/1159/219 
s 4
f 281/1163/224 280/1161/223 263/1024/207 257/1029/203 278/1160/221 283/283/226 
s 1
f 284/284/227 285/285/228 286/286/91 287/287/229 
f 284/284/227 287/287/229 278/278/221 277/277/220 
f 284/284/227 277/277/220 276/276/219 285/285/228 
s 2
f 288/288/230 289/289/231 286/1164/91 285/1046/228 
f 288/288/230 285/1046/228 276/1159/219 282/282/225 
f 288/288/230 282/282/225 281/281/224 289/289/231 
s 4
f 290/290/232 287/1126/229 286/1165/91 289/1072/231 
f 290/290/232 289/1072/231 281/1163/224 283/283/226 
f 290/290/232 283/283/226 278/1160/221 287/1126/229 
f 256/1148/202 264/1152/208 279/1051/222 275/1041/218 
s 1
f 291/291/9 292/292/10 293/293/11 294/294/12 
f 295/295/13 296/296/233 297/297/234 298/298/235 299/299/236 
s 2
f 291/1169/9 294/1167/12 300/300/237 301/301/238 296/1176/233 295/1173/13 
s 4
f 294/1168/12 293/1063/11 302/302/239 303/303/240 300/1178/237 
s 1
f 304/304/241 305/305/242 306/306/243 307/307/244 
f 304/304/241 297/297/234 296/296/233 305/305/242 
f 304/304/241 307/307/244 308/308/17 298/298/235 297/297/234 
s 2
f 309/309/245 310/310/246 306/1179/243 305/1084/242 
f 309/309/245 301/301/238 300/300/237 310/310/246 
f 309/309/245 305/1084/242 296/1176/233 301/301/238 
s 4
f 311/311/247 307/1081/244 306/1180/243 310/1183/246 
f 311/311/247 303/303/240 302/302/239 308/1182/17 307/1081/244 
f 311/311/247 310/1183/246 300/1178/237 303/303/240 
f 292/1171/10 291/1170/9 295/1174/13 299/1172/236 
s 1
f 312/312/248 313/313/91 293/293/11 292/292/10 
f 314/314/249 299/299/236 298/298/235 315/315/250 316/316/251 
s 2
f 312/1186/248 314/1189/249 316/1188/251 317/317/252 318/318/253 313/1010/91 
s 4
f 313/1011/91 318/1192/253 319/319/254 302/302/239 293/1063/11 
s 1
f 320/320/255 321/321/256 322/322/257 323/323/258 
f 320/320/255 323/323/258 316/316/251 315/315/250 
f 320/320/255 315/315/250 298/298/235 308/308/17 321/321/256 
s 2
f 324/324/259 323/1195/258 322/1194/257 325/325/260 
f 324/324/259 325/325/260 318/318/253 317/317/252 
f 324/324/259 317/317/252 316/1188/251 323/1195/258 
s 4
f 326/326/261 325/1090/260 322/1193/257 321/1098/256 
f 326/326/261 321/1098/256 308/1182/17 302/302/239 319/319/254 
f 326/326/261 319/319/254 318/1192/253 325/1090/260 
f 292/1171/10 299/1172/236 314/1190/249 312/1185/248 
s 1
f 327/327/262 328/328/263 329/329/264 330/330/265 331/331/266 332/332/267 
f 333/333/13 334/334/268 335/335/269 336/336/18 
s 2
f 337/337/270 338/338/271 327/1103/262 332/1197/267 334/1205/268 333/1203/13 
s 4
f 332/1198/267 331/1112/266 335/1208/269 334/1206/268 
s 1
f 339/339/272 340/340/273 341/341/274 342/342/275 
f 339/339/272 328/328/263 327/327/262 340/340/273 
f 339/339/272 342/342/275 329/329/264 328/328/263 
s 2
f 343/343/276 344/344/277 341/1106/274 340/1209/273 
f 343/343/276 338/338/271 337/337/270 344/344/277 
f 343/343/276 340/1209/273 327/1103/262 338/338/271 
s 4
f 345/345/278 342/1210/275 341/1107/274 344/1212/277 
f 345/345/278 346/346/279 329/1116/264 342/1210/275 
f 345/345/278 344/1212/277 337/1122/270 346/346/279 
f 330/1199/265 329/1116/264 346/346/279 337/1122/270 333/1204/13 336/1202/18 
s 1
f 347/347/280 348/348/281 331/331/266 330/330/265 349/349/282 350/350/283 
f 351/351/284 336/336/18 335/335/269 352/352/285 
s 2
f 353/353/286 351/1219/284 352/1218/285 348/1214/281 347/1213/280 354/354/287 
s 4
f 348/1215/281 352/1217/285 335/1208/269 331/1112/266 
s 1
f 355/355/288 356/356/289 357/357/290 358/358/291 
f 355/355/288 358/358/291 347/347/280 350/350/283 
f 355/355/288 350/350/283 349/349/282 356/356/289 
s 2
f 359/359/292 358/1225/291 357/1224/290 360/360/293 
f 359/359/292 360/360/293 353/353/286 354/354/287 
f 359/359/292 354/354/287 347/1213/280 358/1225/291 
s 4
f 361/361/294 360/1227/293 357/1223/290 356/1222/289 
f 361/361/294 356/1222/289 349/1119/282 362/362/295 
f 361/361/294 362/362/295 353/1221/286 360/1227/293 
f 330/1199/265 336/1202/18 351/1220/284 353/1221/286 362/362/295 349/1119/282 
s 1
f 363/363/296 364/364/297 365/365/298 366/366/299 
f 367/367/300 368/368/301 369/369/302 370/370/303 371/371/17 372/372/304 
s 2
f 363/1230/296 366/1228/299 373/373/305 374/374/306 368/1238/301 367/1236/300 
s 4
f 366/1229/299 365/1134/298 371/1241/17 370/1239/303 375/375/307 373/1242/305 
s 8
f 376/376/308 377/377/309 378/378/39 379/379/310 
f 376/376/308 369/369/302 368/368/301 377/377/309 
f 376/376/308 379/379/310 370/370/303 369/369/302 
f 380/380/311 381/381/312 378/1243/39 377/1093/309 
f 380/380/311 374/374/306 373/373/305 381/381/312 
f 380/380/311 377/1093/309 368/1238/301 374/374/306 
f 382/382/313 379/1088/310 378/1244/39 381/1143/312 
f 382/382/313 375/375/307 370/1239/303 379/1088/310 
f 382/382/313 381/1143/312 373/1242/305 375/375/307 
s 4
f 364/1233/297 363/1231/296 367/1237/300 372/1235/304 
s 1
f 383/383/314 384/384/315 365/365/298 364/364/297 
f 385/385/88 372/372/304 371/371/17 386/386/316 387/387/317 388/388/318 
s 2
f 383/1248/314 385/1252/88 388/854/318 389/389/319 390/390/320 384/1250/315 
s 4
f 384/1251/315 390/942/320 391/391/321 386/937/316 371/1241/17 365/1134/298 
s 8
f 392/392/322 393/393/323 394/394/122 395/395/324 
f 392/392/322 395/395/324 388/388/318 387/387/317 
f 392/392/322 387/387/317 386/386/316 393/393/323 
f 396/396/325 395/1257/324 394/847/122 397/397/326 
f 396/396/325 397/397/326 390/390/320 389/389/319 
f 396/396/325 389/389/319 388/854/318 395/1257/324 
f 398/398/327 397/1258/326 394/848/122 393/1255/323 
f 398/398/327 393/1255/323 386/937/316 391/391/321 
f 398/398/327 391/391/321 390/942/320 397/1258/326 
s 4
f 364/1233/297 372/1235/304 385/1253/88 383/1247/314 
s 1
f 399/399/9 400/400/328 401/401/329 402/402/330 403/403/331 404/404/332 
f 405/405/13 406/406/333 407/407/334 408/408/335 409/409/336 410/410/18 
s 2
f 399/1261/9 404/1259/332 411/411/337 412/412/338 413/413/339 
s 4
f 414/414/340 415/415/341 416/416/176 417/417/342 
s 1
f 408/408/335 418/418/343 419/419/344 420/420/39 421/421/17 409/409/336 
s 2
f 412/412/338 422/422/345 423/423/346 414/888/340 417/1268/342 
s 1
f 424/424/347 425/425/348 426/426/349 427/427/350 
f 424/424/347 403/403/331 402/402/330 425/425/348 
f 424/424/347 427/427/350 404/404/332 403/403/331 
f 428/428/351 429/429/352 430/430/353 431/431/354 
f 428/428/351 407/407/334 406/406/333 429/429/352 
f 428/428/351 431/431/354 408/408/335 407/407/334 
s 2
f 432/432/355 427/1277/350 426/903/349 433/433/356 
f 432/432/355 411/411/337 404/1259/332 427/1277/350 
f 432/432/355 433/433/356 412/412/338 411/411/337 
f 434/434/357 435/435/358 430/912/353 429/1278/352 
f 434/434/357 436/436/359 437/437/360 435/435/358 
f 434/434/357 429/1278/352 406/1266/333 436/436/359 
s 1
f 438/438/361 439/439/362 426/426/349 425/425/348 
f 438/438/361 440/440/363 423/1276/346 439/439/362 
f 438/438/361 425/425/348 402/402/330 440/440/363 
f 441/441/364 431/431/354 430/430/353 442/442/365 
f 441/441/364 418/418/343 408/408/335 431/431/354 
f 441/441/364 442/442/365 419/419/344 418/418/343 
s 2
f 443/443/366 433/433/356 426/903/349 439/1281/362 
f 443/443/366 422/422/345 412/412/338 433/433/356 
f 443/443/366 439/1281/362 423/423/346 422/422/345 
f 444/444/367 442/927/365 430/912/353 435/435/358 
f 444/444/367 445/445/368 419/1273/344 442/927/365 
f 444/444/367 435/435/358 437/437/360 445/445/368 
s 4
f 413/1267/339 446/446/369 447/447/370 448/448/371 
s 1
f 415/1271/341 414/889/340 423/1276/346 440/440/363 402/402/330 401/401/329 
f 449/449/372 450/450/373 451/451/374 452/452/375 401/401/329 400/400/328 
f 453/453/376 410/410/18 409/409/336 454/454/377 455/455/378 456/456/379 
s 2
f 457/457/380 453/1284/376 456/988/379 458/458/381 459/459/382 
s 4
f 460/460/383 461/461/384 416/416/176 415/415/341 
s 1
f 454/454/377 409/409/336 421/421/17 462/462/122 463/463/385 464/464/386 
s 2
f 465/465/387 461/1291/384 460/947/383 466/466/388 467/467/389 
s 1
f 468/468/390 469/469/391 470/470/392 471/471/393 
f 468/468/390 471/471/393 452/452/375 451/451/374 
f 468/468/390 451/451/374 450/450/373 469/469/391 
f 472/472/394 473/473/395 474/474/396 475/475/397 
f 472/472/394 475/475/397 456/456/379 455/455/378 
f 472/472/394 455/455/378 454/454/377 473/473/395 
s 2
f 476/476/398 477/477/399 470/951/392 469/1295/391 
f 476/476/398 469/1295/391 450/995/373 478/478/400 
f 476/476/398 478/478/400 465/465/387 477/477/399 
f 479/479/401 475/1300/397 474/1297/396 480/480/402 
f 479/479/401 480/480/402 459/459/382 458/458/381 
f 479/479/401 458/458/381 456/988/379 475/1300/397 
s 1
f 481/481/403 471/471/393 470/470/392 482/482/404 
f 481/481/403 482/482/404 466/873/388 483/483/405 
f 481/481/403 483/483/405 452/452/375 471/471/393 
f 484/484/406 485/485/407 474/474/396 473/473/395 
f 484/484/406 473/473/395 454/454/377 464/464/386 
f 484/484/406 464/464/386 463/463/385 485/485/407 
s 2
f 486/486/408 482/895/404 470/951/392 477/477/399 
f 486/486/408 477/477/399 465/465/387 467/467/389 
f 486/486/408 467/467/389 466/466/388 482/895/404 
f 487/487/409 480/480/402 474/1297/396 485/1301/407 
f 487/487/409 485/1301/407 463/1294/385 488/488/410 
f 487/487/409 488/488/410 459/459/382 480/480/402 
s 4
f 448/448/371 447/447/370 457/1288/380 489/489/411 
s 1
f 415/1271/341 401/401/329 452/452/375 483/483/405 466/873/388 460/946/383 
f 490/490/412 491/491/413 492/492/414 493/493/415 494/494/12 
f 495/495/13 496/496/416 497/497/417 498/498/418 
s 2
f 499/499/419 500/500/420 490/967/412 494/1306/12 496/962/416 495/1311/13 
s 4
f 494/1307/12 493/1308/415 497/1312/417 496/963/416 
s 8
f 501/501/421 502/502/422 503/503/423 504/504/424 
f 501/501/421 491/491/413 490/490/412 502/502/422 
f 501/501/421 504/504/424 505/505/10 492/492/414 491/491/413 
f 506/506/425 507/507/426 503/1316/423 502/1315/422 
f 506/506/425 500/500/420 499/499/419 507/507/426 
f 506/506/425 502/1315/422 490/967/412 500/500/420 
f 508/508/427 504/970/424 503/1317/423 507/1323/426 
f 508/508/427 509/509/428 510/510/429 505/1318/10 504/970/424 
f 508/508/427 507/1323/426 499/1314/419 509/509/428 
s 4
f 510/510/429 509/509/428 499/1314/419 495/1310/13 498/974/418 
s 1
f 511/511/430 512/512/431 493/493/415 492/492/414 513/513/432 
f 514/514/433 498/498/418 497/497/417 515/515/434 
s 2
f 516/516/435 514/1327/433 515/1326/434 512/978/431 511/1324/430 517/517/436 
s 4
f 512/979/431 515/1325/434 497/1312/417 493/1308/415 
s 8
f 518/518/437 519/519/438 520/520/439 521/521/440 
f 518/518/437 521/521/440 511/511/430 513/513/432 
f 518/518/437 513/513/432 492/492/414 505/505/10 519/519/438 
f 522/522/441 521/1332/440 520/1331/439 523/523/442 
f 522/522/441 523/523/442 516/516/435 517/517/436 
f 522/522/441 517/517/436 511/1324/430 521/1332/440 
f 524/524/443 523/1333/442 520/1330/439 519/1329/438 
f 524/524/443 519/1329/438 505/1318/10 510/510/429 525/525/444 
f 524/524/443 525/525/444 516/1260/435 523/1333/442 
s 4
f 510/510/429 498/974/418 514/1328/433 516/1260/435 525/525/444 
s 1
f 526/526/9 527/527/10 528/528/445 529/529/446 
f 530/530/447 531/531/448 532/532/449 533/533/450 534/534/451 535/535/452 
s 2
f 526/1336/9 529/1334/446 533/1340/450 532/1270/449 536/536/453 537/537/454 
s 4
f 529/1335/446 528/1256/445 534/1342/451 533/1341/450 
s 8
f 538/538/455 539/539/456 540/540/457 541/541/458 
f 538/538/455 531/531/448 530/530/447 539/539/456 
f 538/538/455 541/541/458 532/532/449 531/531/448 
f 542/542/459 541/1347/458 540/1345/457 543/543/460 
f 542/542/459 536/536/453 532/1270/449 541/1347/458 
f 542/542/459 543/543/460 537/537/454 536/536/453 
f 544/544/461 543/1348/460 540/1346/457 539/1344/456 
f 544/544/461 545/545/462 537/1343/454 543/1348/460 
f 544/544/461 539/1344/456 530/1254/447 545/545/462 
s 4
f 527/1338/10 526/1337/9 537/1343/454 545/545/462 530/1254/447 535/1339/452 
s 1
f 546/546/90 547/547/463 528/528/445 527/527/10 
f 548/548/464 535/535/452 534/534/451 549/549/465 550/550/466 551/551/467 
s 2
f 546/1124/90 552/552/468 553/553/469 550/1108/466 549/1353/465 547/1349/463 
s 4
f 547/1350/463 549/1352/465 534/1342/451 528/1256/445 
s 8
f 554/554/470 555/555/471 556/556/472 557/557/473 
f 554/554/470 557/557/473 548/548/464 551/551/467 
f 554/554/470 551/551/467 550/550/466 555/555/471 
f 558/558/474 559/559/475 556/1279/472 555/1354/471 
f 558/558/474 555/1354/471 550/1108/466 553/553/469 
f 558/558/474 553/553/469 552/552/468 559/559/475 
f 560/560/476 557/1355/473 556/1280/472 559/1356/475 
f 560/560/476 559/1356/475 552/1272/468 561/561/477 
f 560/560/476 561/561/477 548/1351/464 557/1355/473 
s 4
f 527/1338/10 535/1339/452 548/1351/464 561/561/477 552/1272/468 546/1123/90 
s 1
f 562/562/478 563/563/479 564/564/480 565/565/10 566/566/11 567/567/12 
f 568/568/13 569/569/39 570/570/17 571/571/18 
s 2
f 572/572/481 573/573/482 562/1269/478 567/1357/12 569/1364/39 568/1362/13 
s 4
f 567/1358/12 566/1275/11 570/1366/17 569/1365/39 
s 8
f 574/574/483 575/575/484 576/576/423 577/577/485 
f 574/574/483 563/563/479 562/562/478 575/575/484 
f 574/574/483 577/577/485 564/564/480 563/563/479 
f 578/578/486 579/579/487 576/1369/423 575/1368/484 
f 578/578/486 573/573/482 572/572/481 579/579/487 
f 578/578/486 575/1368/484 562/1269/478 573/573/482 
f 580/580/488 577/1371/485 576/1370/423 579/1372/487 
f 580/580/488 581/581/489 564/1359/480 577/1371/485 
f 580/580/488 579/1372/487 572/1367/481 581/581/489 
s 4
f 565/1360/10 564/1359/480 581/581/489 572/1367/481 568/1363/13 571/1361/18 
s 1
f 582/582/490 583/583/91 566/566/11 565/565/10 584/584/491 585/585/492 
f 586/586/88 571/571/18 570/570/17 587/587/122 
s 2
f 588/588/493 586/1319/88 587/1378/122 583/1374/91 582/1373/490 589/589/494 
s 4
f 583/1375/91 587/1377/122 570/1366/17 566/1275/11 
s 8
f 590/590/495 591/591/496 592/592/439 593/593/497 
f 590/590/495 593/593/497 582/582/490 585/585/492 
f 590/590/495 585/585/492 584/584/491 591/591/496 
f 594/594/498 593/1383/497 592/1381/439 595/595/499 
f 594/594/498 595/595/499 588/588/493 589/589/494 
f 594/594/498 589/589/494 582/1373/490 593/1383/497 
f 596/596/500 595/1384/499 592/1382/439 591/1380/496 
f 596/596/500 591/1380/496 584/1376/491 597/597/501 
f 596/596/500 597/597/501 588/1379/493 595/1384/499 
s 4
f 565/1360/10 571/1361/18 586/1320/88 588/1379/493 597/597/501 584/1376/491 
s 1
f 598/598/502 599/599/503 600/600/11 601/601/12 
f 602/602/504 603/603/505 604/604/506 605/605/507 
s 2
f 598/1286/502 601/1385/12 603/1390/505 602/1289/504 
s 4
f 601/1386/12 600/1388/11 604/1392/506 603/1391/505 
f 599/1387/503 598/1287/502 602/1290/504 605/1389/507 
s 1
f 606/606/90 607/607/91 600/600/11 599/599/503 
f 608/608/508 605/605/507 604/604/506 609/609/122 
s 2
f 606/1293/90 608/1298/508 609/1396/122 607/1393/91 
s 4
f 607/1394/91 609/1395/122 604/1392/506 600/1388/11 
f 599/1387/503 605/1389/507 608/1299/508 606/1292/90 
s 1
f 610/610/509 611/611/510 612/612/11 613/613/12 
f 614/614/511 615/615/512 616/616/513 617/617/514 618/618/515 619/619/516 
s 2
f 610/1399/509 613/1397/12 617/1404/514 616/1403/513 620/620/517 621/621/518 
s 4
f 613/1398/12 612/1309/11 618/1406/515 617/1405/514 
s 8
f 622/622/519 623/623/520 624/624/521 625/625/522 
f 622/622/519 615/615/512 614/614/511 623/623/520 
f 622/622/519 625/625/522 616/616/513 615/615/512 
f 626/626/523 625/1411/522 624/1409/521 627/627/524 
f 626/626/523 620/620/517 616/1403/513 625/1411/522 
f 626/626/523 627/627/524 621/621/518 620/620/517 
f 628/628/525 627/1412/524 624/1410/521 623/1408/520 
f 628/628/525 629/629/526 621/1407/518 627/1412/524 
f 628/628/525 623/1408/520 614/1265/511 629/629/526 
s 4
f 611/1401/510 610/1400/509 621/1407/518 629/629/526 614/1265/511 619/1402/516 
s 1
f 630/630/527 631/631/91 612/612/11 611/611/510 
f 632/632/528 619/619/516 618/618/515 633/633/529 634/634/530 635/635/531 
s 2
f 630/1303/527 636/636/532 637/637/533 634/1305/530 633/1416/529 631/1413/91 
s 4
f 631/1414/91 633/1415/529 618/1406/515 612/1309/11 
s 8
f 638/638/534 639/639/535 640/640/536 641/641/537 
f 638/638/534 641/641/537 632/632/528 635/635/531 
f 638/638/534 635/635/531 634/634/530 639/639/535 
f 642/642/538 643/643/539 640/1321/536 639/1418/535 
f 642/642/538 639/1418/535 634/1305/530 637/637/533 
f 642/642/538 637/637/533 636/636/532 643/643/539 
f 644/644/540 641/1419/537 640/1322/536 643/1151/539 
f 644/644/540 643/1151/539 636/1417/532 645/645/541 
f 644/644/540 645/645/541 632/1313/528 641/1419/537 
s 4
f 611/1401/510 619/1402/516 632/1313/528 645/645/541 636/1417/532 630/1302/527 
s 2
f 646/646/9 647/647/10 648/648/11 649/649/12 
s 4
f 650/650/13 651/651/39 652/652/17 653/653/542 
s 8
f 654/654/39 655/655/13 656/656/9 657/657/12 
s 16
f 649/1420/12 648/1424/11 652/1429/17 651/1428/39 
s off
f 646/1422/9 649/1421/12 658/658/543 659/659/544 
f 649/1421/12 651/1427/39 660/660/545 658/658/543 
f 651/1427/39 650/1425/13 661/661/546 660/660/545 
f 650/1425/13 646/1422/9 659/659/544 661/661/546 
f 659/659/544 658/658/543 655/655/13 654/654/39 
f 658/658/543 660/660/545 656/656/9 655/655/13 
f 660/660/545 661/661/546 657/657/12 656/656/9 
f 661/661/546 659/659/544 654/654/39 657/657/12 
f 662/662/547 663/663/548 664/664/549 665/665/550 666/666/551 667/667/552 668/668/553 669/669/554 
f 669/669/554 668/668/553 670/670/555 671/671/556 
f 668/1437/553 667/1436/552 672/672/557 670/1438/555 
f 667/1436/552 666/1435/551 673/673/558 672/672/557 
f 666/1435/551 665/1434/550 674/674/559 673/673/558 
f 665/1434/550 664/1433/549 675/675/560 674/674/559 
f 664/1433/549 663/1431/548 676/676/561 675/675/560 
f 663/1431/548 662/1430/547 677/677/562 676/676/561 
f 662/1430/547 669/669/554 671/671/556 677/677/562 
f 677/677/562 671/671/556 670/670/555 672/1439/557 673/1181/558 674/1440/559 675/1175/560 676/1441/561 
f 678/678/563 679/679/548 680/680/549 681/681/564 682/682/565 683/683/552 684/684/553 685/685/566 
f 685/685/566 684/684/553 686/686/555 687/687/567 
f 684/1446/553 683/1445/552 688/688/557 686/1447/555 
f 683/1445/552 682/1444/565 689/689/568 688/688/557 
f 682/1444/565 681/1191/564 690/690/569 689/689/568 
f 681/1191/564 680/1443/549 691/691/560 690/690/569 
f 680/1443/549 679/1442/548 692/692/561 691/691/560 
f 679/1442/548 678/1296/563 693/693/570 692/692/561 
f 678/1296/563 685/685/566 687/687/567 693/693/570 
f 693/693/570 687/687/567 686/686/555 688/1448/557 689/1150/568 690/1449/569 691/1184/560 692/1450/561 
f 694/694/563 695/695/548 696/696/549 697/697/564 698/698/565 699/699/552 700/700/553 701/701/566 
f 701/701/566 700/700/553 702/702/555 703/703/567 
f 700/1455/553 699/1454/552 704/704/557 702/1456/555 
f 699/1454/552 698/1453/565 705/705/568 704/704/557 
f 698/1453/565 697/1156/564 706/706/569 705/705/568 
f 697/1156/564 696/1452/549 707/707/560 706/706/569 
f 696/1452/549 695/1177/548 708/708/561 707/707/560 
f 695/1177/548 694/1451/563 709/709/570 708/708/561 
f 694/1451/563 701/701/566 703/703/567 709/709/570 
f 709/709/570 703/703/567 702/702/555 704/1457/557 705/1458/568 706/1459/569 707/1460/560 708/1461/561 
f 710/710/563 711/711/548 712/712/549 713/713/564 714/714/565 715/715/552 716/716/553 717/717/566 
f 717/717/566 716/716/553 718/718/555 719/719/567 
f 716/1467/553 715/1201/552 720/720/557 718/1468/555 
f 715/1201/552 714/1466/565 721/721/568 720/720/557 
f 714/1466/565 713/1465/564 722/722/569 721/721/568 
f 713/1465/564 712/1464/549 723/723/560 722/722/569 
f 712/1464/549 711/1463/548 724/724/561 723/723/560 
f 711/1463/548 710/1462/563 725/725/570 724/724/561 
f 710/1462/563 717/717/566 719/719/567 725/725/570 
f 725/725/570 719/719/567 718/718/555 720/1469/557 721/1470/568 722/1471/569 723/1211/560 724/900/561 
f 726/726/563 727/727/548 728/728/549 729/729/564 730/730/565 731/731/552 732/732/553 733/733/566 
f 733/733/566 732/732/553 734/734/555 735/735/567 
f 732/918/553 731/1216/552 736/736/557 734/1475/555 
f 731/1216/552 730/1474/565 737/737/568 736/736/557 
f 730/1474/565 729/904/564 738/738/569 737/737/568 
f 729/904/564 728/1473/549 739/739/560 738/738/569 
f 728/1473/549 727/1196/548 740/740/561 739/739/560 
f 727/1196/548 726/1472/563 741/741/570 740/740/561 
f 726/1472/563 733/733/566 735/735/567 741/741/570 
f 741/741/570 735/735/567 734/734/555 736/1476/557 737/1240/568 738/1477/569 739/1226/560 740/1478/561 
s 64
f 647/1187/10 646/1423/9 650/1426/13 653/1166/542 
s 2
f 742/742/571 743/743/91 648/648/11 647/647/10 
s 4
f 744/744/572 653/653/542 652/652/17 745/745/573 
s 8
f 746/746/122 747/747/91 748/748/90 749/749/88 
s 16
f 743/1482/91 745/1245/573 652/1429/17 648/1424/11 
s off
f 742/1480/571 750/750/574 751/751/575 743/1481/91 
f 743/1481/91 751/751/575 752/752/576 745/1246/573 
f 745/1246/573 752/752/576 753/753/577 744/1483/572 
f 744/1483/572 753/753/577 750/750/574 742/1480/571 
f 750/750/574 746/746/122 749/749/88 751/751/575 
f 751/751/575 749/749/88 748/748/90 752/752/576 
f 752/752/576 748/748/90 747/747/91 753/753/577 
f 753/753/577 747/747/91 746/746/122 750/750/574 
f 754/754/553 755/755/554 756/756/547 757/757/548 758/758/549 759/759/550 760/760/551 761/761/552 
f 755/755/554 762/762/556 763/763/562 756/756/547 
f 756/1486/547 763/1249/562 764/764/561 757/1487/548 
f 757/1487/548 764/764/561 765/765/560 758/1488/549 
f 758/1488/549 765/765/560 766/766/559 759/1232/550 
f 759/1232/550 766/766/559 767/767/558 760/1489/551 
f 760/1489/551 767/767/558 768/768/557 761/1200/552 
f 761/1200/552 768/768/557 769/769/555 754/1485/553 
f 754/1485/553 769/769/555 762/762/556 755/755/554 
f 769/769/555 768/1492/557 767/1234/558 766/1491/559 765/1207/560 764/1490/561 763/763/562 762/762/556 
f 770/770/553 771/771/566 772/772/563 773/773/548 774/774/549 775/775/564 776/776/565 777/777/552 
f 771/771/566 778/778/567 779/779/570 772/772/563 
f 772/1026/563 779/1497/570 780/780/561 773/1493/548 
f 773/1493/548 780/780/561 781/781/560 774/1494/549 
f 774/1494/549 781/781/560 782/782/569 775/1495/564 
f 775/1495/564 782/782/569 783/783/568 776/1496/565 
f 776/1496/565 783/783/568 784/784/557 777/1432/552 
f 777/1432/552 784/784/557 785/785/555 770/1076/553 
f 770/1076/553 785/785/555 778/778/567 771/771/566 
f 785/785/555 784/1502/557 783/1501/568 782/1500/569 781/1499/560 780/1498/561 779/779/570 778/778/567 
f 786/786/553 787/787/566 788/788/563 789/789/548 790/790/549 791/791/564 792/792/565 793/793/552 
f 787/787/566 794/794/567 795/795/570 788/788/563 
f 788/1504/563 795/1508/570 796/796/561 789/1505/548 
f 789/1505/548 796/796/561 797/797/560 790/1013/549 
f 790/1013/549 797/797/560 798/798/569 791/1506/564 
f 791/1506/564 798/798/569 799/799/568 792/1507/565 
f 792/1507/565 799/799/568 800/800/557 793/1503/552 
f 793/1503/552 800/800/557 801/801/555 786/1002/553 
f 786/1002/553 801/801/555 794/794/567 787/787/566 
f 801/801/555 800/1512/557 799/1511/568 798/1021/569 797/1510/560 796/1509/561 795/795/570 794/794/567 
f 802/802/553 803/803/566 804/804/563 805/805/548 806/806/549 807/807/564 808/808/565 809/809/552 
f 803/803/566 810/810/567 811/811/570 804/804/563 
f 804/1514/563 811/1518/570 812/812/561 805/1515/548 
f 805/1515/548 812/812/561 813/813/560 806/955/549 
f 806/955/549 813/813/560 814/814/569 807/1516/564 
f 807/1516/564 814/814/569 815/815/568 808/1517/565 
f 808/1517/565 815/815/568 816/816/557 809/1513/552 
f 809/1513/552 816/816/557 817/817/555 802/953/553 
f 802/953/553 817/817/555 810/810/567 803/803/566 
f 817/817/555 816/1523/557 815/1522/568 814/1521/569 813/1520/560 812/1519/561 811/811/570 810/810/567 
f 818/818/553 819/819/566 820/820/563 821/821/548 822/822/549 823/823/564 824/824/565 825/825/552 
f 819/819/566 826/826/567 827/827/570 820/820/563 
f 820/1526/563 827/1530/570 828/828/561 821/1527/548 
f 821/1527/548 828/828/561 829/829/560 822/1060/549 
f 822/1060/549 829/829/560 830/830/569 823/1528/564 
f 823/1528/564 830/830/569 831/831/568 824/1529/565 
f 824/1529/565 831/831/568 832/832/557 825/1524/552 
f 825/1524/552 832/832/557 833/833/555 818/1525/553 
f 818/1525/553 833/833/555 826/826/567 819/819/566 
f 833/833/555 832/1535/557 831/1534/568 830/1533/569 829/1532/560 828/1531/561 827/827/570 826/826/567 
s 64
f 647/1187/10 653/1166/542 744/1484/572 742/1479/571 
s 2
f 459/459/382 488/488/410 463/1294/385 462/861/122 834/834/578 
s 4
f 834/1138/578 462/860/122 421/1274/17 835/835/176 
f 835/835/176 421/1274/17 420/909/39 836/836/579 
s 2
f 836/1536/579 420/908/39 419/1273/344 445/445/368 437/437/360 
f 437/437/360 436/436/359 406/1266/333 405/1264/13 446/931/369 
f 465/465/387 478/478/400 450/995/373 449/1283/372 489/1304/411 
s 4
f 489/489/411 449/1282/372 400/842/328 448/448/371 
f 448/448/371 400/842/328 399/1262/9 413/1267/339 
s 2
f 437/437/360 412/412/338 417/1268/342 836/1536/579 
s 4
f 836/836/579 417/417/342 416/416/176 835/835/176 
f 835/835/176 416/416/176 461/461/384 834/1138/578 
s 2
f 834/834/578 461/1291/384 465/465/387 459/459/382 
f 459/459/382 465/465/387 489/1304/411 457/457/380 
f 446/931/369 413/413/339 412/412/338 437/437/360 
s 4
f 446/446/369 405/1263/13 410/882/18 447/447/370 
f 447/447/370 410/882/18 453/1285/376 457/1288/380 
#end 640 faces

#ZOMPROPERTIES_04{
#ZOMPROPERTIES_04 table {Mesh table {SymPlane table {Point vector3d 0 0 0 Normal vector3d 1 0 0 Threshold double 0.01 
#ZOMPROPERTIES_04 Enabled bool false EdgeID int -1 SymEdgeID int -1 UPos double 0.5 LocalMode bool false } RootGroup C
#ZOMPROPERTIES_04 SubMeshGroup {Children table {Tile_0_0 CSubMeshGroup {Children table {} BBoxUV box3d 0 0 0 0 0 0 BBo
#ZOMPROPERTIES_04 x3D box3d 0 0 0 0 0 0 Area3D double 0 AreaUV double 0 IsRoot bool false Properties table {Selected b
#ZOMPROPERTIES_04 ool false Box box3d 0 1 0 1 0 1 U int 0 V int 0 NU int 0 NV int 0 Pack table {BoxFrameEdit bool fals
#ZOMPROPERTIES_04 e Behavior string "Free" Locked bool false Scaling table {Optimization string "Fill" } } Hotspot tab
#ZOMPROPERTIES_04 le {} } IsTile bool true PolyIDs ints { 613 614 622 621 620 619 618 617 616 615 573 574 582 581 580 
#ZOMPROPERTIES_04 579 578 577 576 575 550 551 559 558 557 556 555 554 553 552 520 521 529 528 527 526 525 524 523 522 
#ZOMPROPERTIES_04 510 511 519 518 517 516 515 514 513 512 583 584 592 591 590 589 588 587 586 585 593 594 602 601 600 
#ZOMPROPERTIES_04 599 598 597 596 595 530 531 539 538 537 536 535 534 533 532 603 604 612 611 610 609 608 607 606 605 
#ZOMPROPERTIES_04 540 541 549 548 547 546 545 544 543 542 42 44 124 123 122 157 77 43 33 35 78 158 114 113 115 34 74 1
#ZOMPROPERTIES_04 54 11 71 69 70 91 150 149 151 18 98 7 61 62 60 87 141 140 142 22 102 73 153 15 95 51 52 75 53 155 13
#ZOMPROPERTIES_04 2 131 133 432 446 452 451 450 438 436 437 3 83 72 152 433 447 256 270 276 275 274 262 260 261 257 27
#ZOMPROPERTIES_04 1 461 466 460 465 160 180 161 181 386 388 389 387 401 400 402 403 407 421 287 296 294 295 301 309 30
#ZOMPROPERTIES_04 8 310 560 623 501 564 442 443 445 459 457 456 458 444 213 227 379 393 297 311 414 415 417 416 431 42
#ZOMPROPERTIES_04 9 428 430 203 217 226 225 224 212 210 211 435 449 231 239 240 238 253 252 254 245 163 170 171 169 17
#ZOMPROPERTIES_04 5 176 179 199 196 195 189 191 183 190 197 177 480 481 483 482 497 495 494 496 241 255 342 374 639 63
#ZOMPROPERTIES_04 8 630 631 464 469 315 633 626 625 634 347 473 487 463 468 165 185 198 178 259 273 266 268 269 283 28
#ZOMPROPERTIES_04 1 280 282 267 272 279 278 277 448 455 454 453 434 441 439 440 258 265 263 264 97 120 119 121 101 112
#ZOMPROPERTIES_04  111 110 10 68 66 67 94 129 128 130 90 147 146 148 182 187 186 192 194 184 193 188 2 14 50 48 49 17 
#ZOMPROPERTIES_04 41 39 40 82 162 164 174 172 166 167 168 173 21 32 30 31 6 59 57 58 86 138 137 139 462 467 405 419 42
#ZOMPROPERTIES_04 4 423 422 410 408 409 376 390 395 394 396 382 380 381 285 299 303 302 304 290 288 289 200 206 204 20
#ZOMPROPERTIES_04 5 214 219 218 220 284 298 377 391 201 215 404 418 229 234 248 247 243 246 232 233 312 320 318 330 33
#ZOMPROPERTIES_04 1 343 332 375 363 362 350 352 344 351 364 319 228 242 471 485 490 489 488 476 474 475 313 345 354 35
#ZOMPROPERTIES_04 3 365 367 348 316 335 333 321 322 323 334 366 355 470 484 499 562 498 561 9 89 144 143 145 65 63 64 
#ZOMPROPERTIES_04 19 99 109 108 107 29 27 28 36 38 76 37 117 116 118 156 16 96 5 56 54 55 85 135 134 136 8 88 20 100 4
#ZOMPROPERTIES_04  84 13 93 127 126 125 47 45 46 0 80 563 570 566 565 568 567 572 569 571 500 508 504 503 502 505 506 
#ZOMPROPERTIES_04 507 509 12 92 1 81 420 426 425 427 392 399 398 397 472 479 477 478 346 361 360 359 371 373 624 372 6
#ZOMPROPERTIES_04 35 349 370 369 368 356 358 629 357 636 286 293 291 292 216 222 221 223 406 412 413 411 244 250 249 2
#ZOMPROPERTIES_04 51 314 326 324 336 337 338 317 632 627 340 341 339 327 328 628 329 637 325 378 385 383 384 230 237 2
#ZOMPROPERTIES_04 35 236 486 492 491 493 300 306 305 307 202 209 207 208 26 106 79 159 24 104 23 103 105 25 } } } BBox
#ZOMPROPERTIES_04 UV box3d 0 0 0 0 0 0 BBox3D box3d 0 0 0 0 0 0 Area3D double 0 AreaUV double 0 IsRoot bool true Prope
#ZOMPROPERTIES_04 rties table {Selected bool false Box box3d 0 1 0 1 0 1 U int 0 V int 0 NU int 1 NV int 1 Pack table 
#ZOMPROPERTIES_04 {Rotate table {Initial string "Automatic" Min double 0 Max double 90 Step double 0 } ResolutionDivis
#ZOMPROPERTIES_04 or int 0 MapResolution int 2048 UsePixelUnit bool true PaddingSize double 0.0078125 MarginSize doubl
#ZOMPROPERTIES_04 e 0.00390625 PaddingSizePx int 16 MarginSizePx int 15 Scaling table {TexelDensity double 1024 Mode i
#ZOMPROPERTIES_04 nt 2 Optimization string "Fill" } MaxMutations int 1 Strategy string "Efficient" Sides string "Close
#ZOMPROPERTIES_04 d" } Hotspot table {} Tiling vector3d 1 1 1 TileRatioMode string "1:1" } IsTile bool false PolyIDs i
#ZOMPROPERTIES_04 nts { } } Maps table {Pin CDataMap {PrimType string "Vertex" Size int 1 DefaultValue double 0 ScaleT
#ZOMPROPERTIES_04 ype string "Normalized" MergeMode string "Max" MinValue double 0 MaxValue double 1 Data doubles { r 
#ZOMPROPERTIES_04 1536 0 } } Density CDataMap {PrimType string "Polygon" Size int 1 DefaultValue double 1 ScaleType st
#ZOMPROPERTIES_04 ring "Log" MergeMode string "Average" MinValue double 0.1 MaxValue double 4 Data doubles { r 640 1 }
#ZOMPROPERTIES_04  } Protect CDataMap {PrimType string "Vertex" Size int 1 DefaultValue double 0 ScaleType string "Nor
#ZOMPROPERTIES_04 malized" MergeMode string "Average" MinValue double -1 MaxValue double 1 Data doubles { r 1536 0 } }
#ZOMPROPERTIES_04  } } }
#ZOMPROPERTIES_04}


#ZOMSCENE_01{
#ZOMSCENE_01 CScene {Settings table {AxisSystem table {UpVector string "y" } Unit string "cm" TexelDensityDisplay
#ZOMSCENE_01 Unit string "tx/cm" } Root CXForm {prefab_window_lvl2 CPrim {PolyRange table {Low int 0 High int 639
#ZOMSCENE_01  } } } }
#ZOMSCENE_01}

#begin 0 fatal error vertex (that RizomUV cannot handle)
#end 0 fatal error vertex (that RizomUV cannot handle)

#begin 0 error vertex
#end 0 error vertex
