# 3ds Max Wavefront OBJ Exporter v0.99 - (c)2007 guruware
# File Created: 21.06.2026 15:23:22

#
# object weap_zylazarazy001
#

v  1.2387 -0.0006 0.4248
v  1.2374 0.0000 0.4297
v  1.0832 0.0000 2.0571
v  -1.0947 0.0000 2.0571
v  -0.7225 0.0000 0.6587
v  -0.7222 -0.0006 0.6548
v  -0.9686 -0.0006 -6.3940
v  -0.9678 0.0000 -6.3921
v  -0.1400 0.0000 -5.3843
v  -1.0534 0.0000 -4.9062
v  -0.6730 0.0000 0.5449
v  -0.3817 -0.0006 6.1631
v  -0.3839 0.0000 6.1611
v  -0.6050 0.0000 5.9297
v  0.4922 0.0000 5.8579
v  0.2486 0.0000 6.1191
v  0.2463 -0.0006 6.1221
v  -0.1613 -0.2091 4.7231
v  -0.0332 -0.2091 4.7231
v  -0.0332 -0.2091 4.9858
v  -0.1613 -0.2091 4.9858
v  0.0949 -0.2091 4.7231
v  0.0949 -0.2091 4.9858
v  -0.1756 -0.2974 3.1021
v  -0.0332 -0.2974 3.1021
v  -0.0332 -0.2974 3.5898
v  -0.1756 -0.2974 3.5898
v  0.1092 -0.2974 3.1021
v  0.1092 -0.2974 3.5898
v  -0.3298 -0.1530 4.9858
v  -0.3298 -0.1530 4.7231
v  0.2634 -0.1530 3.5898
v  0.2634 -0.1530 3.6470
v  0.0949 -0.2091 3.6470
v  0.0949 -0.2091 3.5898
v  -0.3995 -0.2228 3.5898
v  -0.3995 -0.2228 3.1021
v  0.2634 -0.1530 2.2720
v  0.2634 -0.1530 2.6191
v  0.0949 -0.2091 2.6191
v  0.0949 -0.2091 2.2720
v  -0.1756 -0.2974 4.7231
v  -0.1756 -0.2974 4.2749
v  -0.0332 -0.2974 4.2749
v  -0.0332 -0.2974 4.7231
v  0.1092 -0.2974 4.2749
v  0.1092 -0.2974 4.7231
v  -0.3995 -0.2228 4.7231
v  -0.3995 -0.2228 4.2749
v  0.2634 -0.1530 4.7231
v  0.2634 -0.1530 4.9858
v  -0.1613 -0.2091 2.6191
v  -0.1613 -0.2091 2.2720
v  -0.0332 -0.2091 2.2720
v  -0.0332 -0.2091 2.6191
v  -0.3298 -0.1530 2.6191
v  -0.3298 -0.1530 2.2720
v  0.3331 -0.2228 2.6191
v  0.3331 -0.2228 3.0488
v  0.1092 -0.2974 3.0488
v  0.1092 -0.2974 2.6191
v  -0.1756 -0.2974 3.0488
v  -0.1756 -0.2974 2.6191
v  -0.0332 -0.2974 2.6191
v  -0.0332 -0.2974 3.0488
v  -0.3995 -0.2228 3.0488
v  -0.3995 -0.2228 2.6191
v  0.2634 -0.1530 3.0488
v  0.2634 -0.1530 3.1021
v  0.0949 -0.2091 3.1021
v  0.0949 -0.2091 3.0488
v  0.3331 -0.2228 3.6470
v  0.3331 -0.2228 4.1899
v  0.1092 -0.2974 4.1899
v  0.1092 -0.2974 3.6470
v  -0.1613 -0.2091 3.6470
v  -0.1613 -0.2091 3.5898
v  -0.0332 -0.2091 3.5898
v  -0.0332 -0.2091 3.6470
v  -0.3298 -0.1530 3.6470
v  -0.3298 -0.1530 3.5898
v  -0.1613 -0.2091 4.2749
v  -0.1613 -0.2091 4.1899
v  -0.0332 -0.2091 4.1899
v  -0.0332 -0.2091 4.2749
v  0.0949 -0.2091 4.1899
v  0.0949 -0.2091 4.2749
v  -0.3298 -0.1530 4.2749
v  -0.3298 -0.1530 4.1899
v  0.3331 -0.2228 4.2749
v  0.3331 -0.2228 4.7231
v  0.2634 -0.1530 4.1899
v  0.2634 -0.1530 4.2749
v  -0.1756 -0.2974 4.1899
v  -0.1756 -0.2974 3.6470
v  -0.0332 -0.2974 3.6470
v  -0.0332 -0.2974 4.1899
v  -0.3995 -0.2228 4.1899
v  -0.3995 -0.2228 3.6470
v  -0.1613 -0.2091 3.1021
v  -0.1613 -0.2091 3.0488
v  -0.0332 -0.2091 3.0488
v  -0.0332 -0.2091 3.1021
v  -0.3298 -0.1530 3.1021
v  -0.3298 -0.1530 3.0488
v  0.3331 -0.2228 3.1021
v  0.3331 -0.2228 3.5898
v  0.4072 0.0000 3.5898
v  0.3140 0.0000 3.5898
v  -0.4736 0.0000 3.1021
v  -0.3804 0.0000 3.1021
v  0.4072 0.0000 4.7231
v  0.3140 0.0000 4.7231
v  -0.4736 0.0000 4.2749
v  -0.3804 0.0000 4.2749
v  -0.4736 0.0000 2.6191
v  -0.3804 0.0000 2.6191
v  0.4072 0.0000 3.0488
v  0.3140 0.0000 3.0488
v  -0.4736 0.0000 3.6470
v  -0.3804 0.0000 3.6470
v  0.4072 0.0000 4.1899
v  0.3140 0.0000 4.1899
v  -0.5675 -0.4040 2.1680
v  -0.0276 -0.5029 1.8750
v  -0.0300 -0.5631 2.0640
v  -0.5667 -0.4334 2.2808
v  0.5106 -0.3953 2.1299
v  0.5088 -0.4566 2.2808
v  -0.1952 -0.2599 1.6987
v  -0.1371 -0.0732 0.3750
v  0.0428 -0.1766 0.4707
v  -0.0129 -0.2799 1.6968
v  0.5815 -0.0921 0.5010
v  0.2591 -0.2239 1.6680
v  -0.4135 -0.0274 -0.4243
v  0.0399 -0.0516 -0.2031
v  0.1829 -0.0621 -0.1108
v  -0.2115 -0.0517 -1.7832
v  -0.0579 -0.0764 -1.9141
v  0.4155 -0.0427 -2.0552
v  -0.5435 -0.0497 -4.6519
v  -0.5249 -0.0730 -4.7632
v  -0.4439 -0.0372 -4.6641
v  -0.9096 -0.0766 -4.9482
v  -0.8533 -0.0824 -6.0220
v  -0.6875 -0.1160 -5.4312
v  -0.8320 -0.0717 -4.6162
v  -0.2934 -0.0828 -5.2661
v  -0.2022 -0.0679 -4.9072
v  -0.0295 -0.5087 2.5259
v  -0.8321 -0.3184 2.5249
v  0.7730 -0.3578 2.5239
v  0.7888 -0.3184 2.0947
v  0.9612 -0.0775 0.3989
v  1.2259 0.0000 0.3311
v  0.7862 -0.1847 2.0571
v  0.5129 -0.2600 2.0117
v  -0.8494 -0.3133 2.0938
v  -0.3060 -0.3039 1.8081
v  -0.0346 -0.3488 1.8091
v  -0.0269 -0.3687 1.8369
v  -0.5647 -0.2724 2.0508
v  0.3375 -0.2766 1.7710
v  0.6969 -0.1291 0.4688
v  0.2922 -0.1056 -0.1499
v  0.5425 -0.0656 -0.2373
v  0.5205 -0.0958 -2.0840
v  0.7629 -0.0741 -2.1450
v  -0.3699 -0.0898 -4.7402
v  -0.5748 -0.1003 -4.9771
v  -0.6329 -0.1003 -4.6421
v  -0.3054 -0.1032 -1.7720
v  -0.5129 -0.0790 -1.7441
v  -0.5118 -0.0765 -0.4009
v  -0.7310 -0.0496 -0.3462
v  -0.2368 -0.1128 0.4048
v  -0.4614 -0.0685 0.4771
v  2.3059 -0.2216 1.5337
v  2.3088 -0.2352 1.5801
v  2.3516 -0.1084 1.6030
v  2.4956 0.0000 1.6030
v  1.0986 0.0000 2.5659
v  0.7862 -0.2267 2.5659
v  -2.3612 -0.2024 1.5801
v  -2.3612 -0.2024 1.5352
v  -2.3980 -0.0715 1.4810
v  -2.4957 0.0000 1.4810
v  -0.8402 -0.1847 2.0571
v  -0.0270 -0.3378 2.5659
v  -0.8402 -0.1847 2.5659
v  2.3443 -0.0873 1.4810
v  -2.3980 -0.0715 1.6030
v  -0.8717 -0.1192 5.1401
v  -0.3291 -0.2569 5.6660
v  -0.6050 -0.0570 5.9297
v  -1.1312 -0.0570 5.0278
v  -0.0719 -0.4054 5.9629
v  -0.0811 0.0000 6.3940
v  -0.5822 -0.1598 4.8628
v  -0.0372 -0.4168 4.7759
v  -0.0601 -0.4540 5.4077
v  0.4849 -0.1598 4.8857
v  0.7540 -0.1205 5.1670
v  0.2214 -0.2406 5.7021
v  0.4922 -0.0570 5.8579
v  1.0071 -0.0570 4.9917
v  0.7301 0.0000 5.1421
v  1.0071 0.0000 4.9917
v  -0.8554 0.0000 5.1250
v  -0.5822 0.0000 4.8628
v  -0.0332 0.0000 4.9858
v  -0.3804 0.0000 4.9858
v  0.3140 0.0000 4.9858
v  -0.0332 0.0000 2.2720
v  0.3140 0.0000 2.2720
v  -0.3804 0.0000 2.2720
v  0.4072 0.0000 3.1021
v  -0.3804 0.0000 3.5898
v  0.4072 0.0000 4.2749
v  -0.3804 0.0000 4.7231
v  0.3140 0.0000 2.6191
v  -0.4736 0.0000 3.0488
v  0.4072 0.0000 2.6191
v  -0.3804 0.0000 3.0488
v  -0.4736 0.0000 4.1899
v  0.3140 0.0000 3.6470
v  0.3140 0.0000 4.2749
v  -0.4736 0.0000 4.7231
v  -0.3804 0.0000 4.1899
v  0.4072 0.0000 3.6470
v  0.3140 0.0000 3.1021
v  -0.4736 0.0000 3.5898
v  -0.0270 0.0000 2.5659
v  -1.0947 0.0000 2.5659
v  2.4890 0.0000 1.4810
v  -2.4957 0.0000 1.6030
v  0.7851 0.0000 -0.3203
v  0.9802 0.0000 -2.1973
v  -0.0549 0.0000 -4.9873
v  -0.9702 0.0000 -4.5430
v  -0.6945 0.0000 -1.7163
v  -0.9158 0.0000 -0.2979
v  -1.1312 0.0000 5.0278
v  0.4849 0.0000 4.8857
v  -0.0372 0.0000 4.7759
v  0.2328 -0.1624 4.6729
v  0.2824 -0.2213 4.7051
v  -0.0152 -0.2752 4.6821
v  -0.0250 -0.2091 4.6528
v  0.3090 -0.2439 4.7739
v  -0.0154 -0.3026 4.7490
v  0.2971 -0.2169 4.8398
v  -0.0255 -0.2752 4.8159
v  0.2535 -0.1561 4.8647
v  -0.0394 -0.2091 4.8428
v  0.2039 -0.0972 4.8340
v  -0.0493 -0.1430 4.8140
v  0.1773 -0.0747 4.7642
v  -0.0491 -0.1156 4.7471
v  0.1893 -0.1017 4.6968
v  -0.0390 -0.1430 4.6797
v  0.3133 -0.0027 4.6250
v  0.3856 -0.0056 4.6470
v  0.4160 -0.0056 4.7129
v  0.3863 0.0000 4.7852
v  0.3144 0.0000 4.8208
v  0.2410 0.0000 4.7998
v  0.2103 0.0000 4.7339
v  0.2408 0.0000 4.6611
v  0.2672 0.0000 4.6479
v  0.3123 0.0000 4.6260
v  0.3836 0.0000 4.6479
v  0.4141 0.0000 4.7139
v  -0.3571 -0.1638 4.4639
v  -0.4133 -0.2160 4.4390
v  -0.4500 -0.1015 4.4580
v  -0.3790 -0.0944 4.4771
v  -0.4633 -0.2667 4.4697
v  -0.5134 -0.1138 4.4941
v  -0.4775 -0.2863 4.5391
v  -0.5321 -0.1242 4.5640
v  -0.4478 -0.2632 4.6050
v  -0.4949 -0.1266 4.6260
v  -0.3914 -0.2110 4.6299
v  -0.4239 -0.1195 4.6460
v  -0.3416 -0.1603 4.5991
v  -0.3605 -0.1072 4.6089
v  -0.3273 -0.1407 4.5298
v  -0.3419 -0.0968 4.5391
v  -0.2181 -0.2159 4.4717
v  -0.2329 -0.2837 4.4478
v  -0.2483 -0.3480 4.4800
v  -0.2553 -0.3712 4.5479
v  -0.2499 -0.3397 4.6138
v  -0.2351 -0.2720 4.6377
v  -0.2197 -0.2076 4.6060
v  -0.2127 -0.1844 4.5371
v  -0.0045 -0.2326 4.4731
v  -0.0045 -0.3014 4.4487
v  0.0032 -0.3678 4.4800
v  0.0140 -0.3931 4.5488
v  0.0216 -0.3624 4.6138
v  0.0215 -0.2936 4.6392
v  0.0139 -0.2271 4.6079
v  0.0030 -0.2019 4.5391
v  0.1840 -0.1987 4.4170
v  0.2106 -0.2630 4.3867
v  0.2509 -0.3227 4.4102
v  0.2812 -0.3428 4.4741
v  0.2837 -0.3115 4.5400
v  0.2571 -0.2471 4.5698
v  0.2169 -0.1874 4.5469
v  0.1866 -0.1674 4.4829
v  0.2947 -0.0789 4.3818
v  0.3506 -0.1115 4.3418
v  0.4192 -0.1406 4.3569
v  0.4603 -0.1491 4.4170
v  0.4499 -0.1321 4.4868
v  0.3940 -0.0994 4.5269
v  0.3254 -0.0703 4.5127
v  0.2843 -0.0618 4.4531
v  0.3039 0.0000 4.3760
v  0.3632 0.0000 4.3330
v  0.4355 0.0000 4.3438
v  0.4784 0.0000 4.4019
v  0.4667 0.0000 4.4751
v  0.4071 0.0000 4.5181
v  0.3348 0.0000 4.5068
v  0.2921 0.0000 4.4478
v  -0.3610 -0.0883 4.0161
v  -0.2941 -0.2110 3.9341
v  -0.2910 -0.1598 3.8809
v  -0.3602 -0.0382 3.9629
v  -0.3259 -0.1540 3.8159
v  -0.4110 -0.0097 3.9160
v  -0.3785 -0.1972 3.7759
v  -0.4836 -0.0196 3.9019
v  -0.4180 -0.2640 3.7852
v  -0.5356 -0.0621 3.9312
v  -0.4211 -0.3153 3.8369
v  -0.5364 -0.1123 3.9839
v  -0.3861 -0.3210 3.9019
v  -0.4857 -0.1407 4.0308
v  -0.3334 -0.2778 3.9429
v  -0.4130 -0.1308 4.0449
v  -0.0154 -0.2592 3.8467
v  -0.0195 -0.2078 3.7959
v  -0.0257 -0.2090 3.7217
v  -0.0302 -0.2619 3.6680
v  -0.0304 -0.3357 3.6670
v  -0.0263 -0.3871 3.7178
v  -0.0201 -0.3860 3.7920
v  -0.0156 -0.3330 3.8447
v  0.2620 -0.2158 3.8857
v  0.2341 -0.1662 3.8340
v  0.2129 -0.1666 3.7578
v  0.2109 -0.2168 3.7021
v  0.2293 -0.2874 3.6997
v  0.2573 -0.3369 3.7520
v  0.2784 -0.3365 3.8281
v  0.2804 -0.2863 3.8828
v  0.3491 -0.1712 3.8071
v  0.2882 -0.1401 3.7769
v  0.2551 -0.1531 3.7119
v  0.2690 -0.2026 3.6509
v  0.3220 -0.2597 3.6299
v  0.3829 -0.2909 3.6602
v  0.4161 -0.2779 3.7241
v  0.4021 -0.2283 3.7852
v  0.4062 0.0000 3.7759
v  0.3343 0.0000 3.7559
v  0.3010 0.0000 3.6929
v  0.3171 0.0000 3.6440
v  0.3223 -0.0071 3.6230
v  0.3863 -0.0187 3.5889
v  0.4604 -0.0125 3.6069
v  0.4852 0.0000 3.6440
v  0.4986 0.0000 3.6680
v  0.4747 0.0000 3.7397
v  0.3199 0.0000 3.6191
v  0.3800 0.0000 3.5791
v  0.4562 0.0000 3.6001
v  -0.4634 -0.3013 3.2617
v  -0.4147 -0.2795 3.3130
v  -0.4996 -0.0256 3.3550
v  -0.5570 -0.0239 3.3081
v  -0.3566 -0.2248 3.3149
v  -0.4233 -0.0243 3.3467
v  -0.3229 -0.1693 3.2690
v  -0.3729 -0.0207 3.2910
v  -0.3335 -0.1455 3.1987
v  -0.3778 -0.0169 3.2178
v  -0.3821 -0.1672 3.1479
v  -0.4351 -0.0152 3.1719
v  -0.4403 -0.2219 3.1450
v  -0.5114 -0.0165 3.1787
v  -0.4739 -0.2774 3.1929
v  -0.5618 -0.0201 3.2349
v  -0.1867 -0.3923 3.1157
v  -0.1477 -0.3685 3.1719
v  -0.1233 -0.3031 3.1938
v  -0.1279 -0.2344 3.1680
v  -0.1587 -0.2027 3.1089
v  -0.1978 -0.2264 3.0527
v  -0.2222 -0.2918 3.0308
v  -0.2176 -0.3606 3.0581
v  0.0731 -0.3923 2.9277
v  0.1129 -0.3684 2.9839
v  0.1266 -0.3030 3.0127
v  0.1060 -0.2343 2.9990
v  0.0633 -0.2027 2.9487
v  0.0234 -0.2265 2.8931
v  0.0098 -0.2920 2.8628
v  0.0304 -0.3607 2.8779
v  0.3162 -0.3240 2.7280
v  0.3628 -0.2986 2.7778
v  0.3921 -0.2290 2.7959
v  0.3867 -0.1560 2.7690
v  0.3500 -0.1223 2.7139
v  0.3033 -0.1477 2.6641
v  0.2741 -0.2173 2.6470
v  0.2794 -0.2903 2.6729
v  0.3339 -0.3381 2.7139
v  0.3868 -0.3177 2.7588
v  0.4333 -0.2619 2.7617
v  0.4463 -0.2035 2.7207
v  0.4181 -0.1767 2.6602
v  0.3653 -0.1972 2.6138
v  0.3187 -0.2529 2.6108
v  0.3057 -0.3113 2.6519
v  0.3765 -0.3717 2.6787
v  0.4295 -0.3513 2.7251
v  0.4757 -0.2952 2.7280
v  0.4880 -0.2363 2.6870
v  0.4593 -0.2091 2.6260
v  0.4063 -0.2295 2.5811
v  0.3602 -0.2855 2.5781
v  0.3478 -0.3445 2.6177
v  0.4177 -0.4031 2.6460
v  0.4708 -0.3829 2.6899
v  0.5162 -0.3263 2.6938
v  0.5274 -0.2664 2.6548
v  0.4977 -0.2385 2.5947
v  0.4445 -0.2587 2.5488
v  0.3991 -0.3153 2.5459
v  0.3879 -0.3752 2.5850
v  0.4565 -0.4313 2.6118
v  0.5099 -0.4113 2.6567
v  0.5541 -0.3538 2.6621
v  0.5633 -0.2925 2.6240
v  0.5319 -0.2633 2.5649
v  0.4785 -0.2833 2.5200
v  0.4343 -0.3409 2.5151
v  0.4252 -0.4022 2.5527
v  0.4927 -0.4552 2.5801
v  0.5466 -0.4355 2.6240
v  0.5887 -0.3766 2.6309
v  0.5944 -0.3131 2.5957
v  0.5603 -0.2821 2.5400
v  0.5064 -0.3018 2.4951
v  0.4643 -0.3607 2.4878
v  0.4586 -0.4243 2.5239
v  0.5265 -0.4739 2.5459
v  0.5813 -0.4547 2.5898
v  0.6197 -0.3937 2.6011
v  0.6193 -0.3268 2.5718
v  0.5804 -0.2931 2.5200
v  0.5256 -0.3124 2.4761
v  0.4872 -0.3733 2.4658
v  0.4875 -0.4403 2.4951
v  0.5562 -0.4842 2.5127
v  0.6123 -0.4654 2.5547
v  0.6459 -0.4029 2.5708
v  0.6374 -0.3331 2.5508
v  0.5917 -0.2971 2.5068
v  0.5356 -0.3159 2.4648
v  0.5020 -0.3785 2.4487
v  0.5106 -0.4482 2.4688
v  0.5792 -0.4865 2.4829
v  0.6366 -0.4679 2.5229
v  0.6670 -0.4049 2.5430
v  0.6526 -0.3346 2.5308
v  0.6019 -0.2981 2.4941
v  0.5445 -0.3167 2.4531
v  0.5140 -0.3796 2.4331
v  0.5284 -0.4500 2.4448
v  0.5984 -0.4859 2.4541
v  0.6568 -0.4672 2.4927
v  0.6857 -0.4043 2.5161
v  0.6681 -0.3341 2.5078
v  0.6144 -0.2977 2.4761
v  0.5560 -0.3164 2.4370
v  0.5271 -0.3792 2.4141
v  0.5447 -0.4494 2.4209
v  0.6161 -0.4832 2.4258
v  0.6752 -0.4644 2.4639
v  0.7029 -0.4018 2.4878
v  0.6830 -0.3319 2.4839
v  0.6271 -0.2958 2.4551
v  0.5680 -0.3145 2.4170
v  0.5403 -0.3772 2.3931
v  0.5602 -0.4471 2.3970
v  0.6325 -0.4791 2.3979
v  0.6922 -0.4602 2.4351
v  0.7191 -0.3977 2.4600
v  0.6975 -0.3282 2.4600
v  0.6401 -0.2925 2.4331
v  0.5804 -0.3114 2.3960
v  0.5535 -0.3739 2.3701
v  0.5751 -0.4433 2.3711
v  0.6481 -0.4739 2.3701
v  0.7080 -0.4549 2.4058
v  0.7344 -0.3926 2.4331
v  0.7117 -0.3235 2.4341
v  0.6533 -0.2881 2.4087
v  0.5933 -0.3071 2.3730
v  0.5669 -0.3694 2.3457
v  0.5896 -0.4385 2.3447
v  0.6628 -0.4682 2.3418
v  0.7230 -0.4491 2.3779
v  0.7491 -0.3869 2.4048
v  0.7258 -0.3180 2.4077
v  0.6667 -0.2829 2.3838
v  0.6066 -0.3020 2.3481
v  0.5805 -0.3641 2.3198
v  0.6038 -0.4330 2.3179
v  0.6755 -0.4628 2.3179
v  0.7397 -0.4421 2.3457
v  0.7682 -0.3789 2.3691
v  0.7443 -0.3103 2.3730
v  0.6821 -0.2765 2.3550
v  0.6179 -0.2972 2.3257
v  0.5893 -0.3604 2.3037
v  0.6132 -0.4290 2.2998
v  0.7306 -0.4305 2.1069
v  0.7925 -0.4100 2.1431
v  0.8158 -0.3490 2.1821
v  0.7870 -0.2831 2.2007
v  0.7229 -0.2511 2.1890
v  0.6611 -0.2716 2.1528
v  0.6377 -0.3326 2.1138
v  0.6665 -0.3985 2.0938
v  0.7933 -0.3408 2.0127
v  0.8490 -0.3306 2.0581
v  0.8608 -0.2877 2.1157
v  0.8218 -0.2372 2.1519
v  0.7548 -0.2087 2.1460
v  0.6991 -0.2189 2.1001
v  0.6872 -0.2618 2.0420
v  0.7262 -0.3123 2.0059
v  0.8266 -0.2468 1.9468
v  0.8800 -0.2424 1.9980
v  0.8921 -0.1978 2.0537
v  0.8556 -0.1391 2.0840
v  0.7922 -0.1006 2.0698
v  0.7388 -0.1050 2.0200
v  0.7267 -0.1496 1.9639
v  0.7631 -0.2084 1.9331
v  0.9059 -0.2008 1.8789
v  0.9512 -0.2017 1.9360
v  0.9656 -0.1563 1.9907
v  0.9409 -0.0911 2.0117
v  0.8915 -0.0443 1.9858
v  0.8463 -0.0433 1.9287
v  0.8318 -0.0887 1.8740
v  0.8566 -0.1540 1.8530
v  1.1200 -0.0521 1.7231
v  1.2106 -0.0243 1.7480
v  1.2214 0.0000 1.7739
v  1.1971 0.0000 1.8247
v  1.0769 0.0000 1.9160
v  0.9575 0.0000 1.9399
v  0.9096 0.0000 1.8857
v  0.9541 0.0000 1.7939
v  0.9523 -0.0040 1.7900
v  1.0131 -0.0437 1.7407
v  1.0415 0.0000 1.6851
v  1.1738 0.0000 1.7300
v  0.9460 0.0000 1.7871
v  0.9468 0.0000 1.7070
v  -0.8591 -0.1180 1.3809
v  -0.8022 -0.0695 1.4121
v  -0.8149 -0.0318 1.4312
v  -0.9012 -0.0077 1.4409
v  -0.7556 -0.0165 1.3818
v  -0.7587 -0.0120 1.3867
v  -0.7567 0.0000 1.3618
v  -0.8481 -0.0386 1.2251
v  -0.4566 -0.1789 1.1968
v  -0.4699 -0.2481 1.2178
v  -0.8915 -0.0962 1.2500
v  -0.4699 -0.2845 1.2817
v  -0.8961 -0.1290 1.3140
v  -0.4567 -0.2667 1.3511
v  -0.4379 -0.2052 1.3848
v  -0.4246 -0.1361 1.3647
v  -0.4245 -0.0997 1.3008
v  -0.6970 0.0000 1.3179
v  -0.0948 -0.1339 1.2388
v  -0.1188 -0.1501 1.1719
v  -0.4378 -0.1174 1.2319
v  -0.1309 -0.2120 1.1357
v  -0.1238 -0.2834 1.1519
v  -0.1020 -0.3224 1.2109
v  -0.0779 -0.3063 1.2778
v  -0.0659 -0.2444 1.3140
v  -0.0729 -0.1730 1.2979
v  0.4243 -0.0559 0.9541
v  0.3901 -0.0731 0.8921
v  0.3753 -0.1352 0.8569
v  0.3884 -0.2058 0.8691
v  0.4219 -0.2434 0.9209
v  0.4560 -0.2261 0.9829
v  0.4709 -0.1640 1.0181
v  0.4578 -0.0935 1.0059
v  0.7182 -0.0497 0.7759
v  0.6796 -0.0673 0.7168
v  0.6642 -0.1295 0.6831
v  0.6811 -0.1999 0.6929
v  0.7205 -0.2373 0.7417
v  0.7592 -0.2197 0.8008
v  0.7745 -0.1575 0.8359
v  0.7576 -0.0871 0.8247
v  1.0207 0.0000 0.5498
v  0.8285 0.0000 0.6147
v  0.9511 0.0000 0.4858
v  1.1086 0.0000 0.3760
v  1.0999 -0.1305 0.3789
v  1.1477 -0.1657 0.4209
v  1.1914 -0.1469 0.4761
v  1.2054 -0.0852 0.5117
v  1.1815 -0.0166 0.5068
v  1.1589 0.0000 0.4878
v  1.1785 0.0000 0.3340
v  1.2546 0.0000 0.2988
v  1.2714 0.0000 0.3301
v  1.2579 0.0000 0.4219
v  1.1887 0.0000 0.4917
v  0.2689 -0.0023 0.1899
v  0.2524 0.0000 0.1919
v  0.2680 0.0000 0.1699
v  -0.7593 -0.1201 -0.2080
v  -0.7021 -0.1406 -0.1680
v  -0.8121 -0.0929 0.0630
v  -0.8912 -0.0635 0.0669
v  -0.6449 -0.1064 -0.1372
v  -0.7336 -0.0675 0.0479
v  -0.6213 -0.0375 -0.1353
v  -0.6429 0.0000 -0.0898
v  -0.7210 0.0000 0.0420
v  -0.6855 -0.0749 -0.3530
v  -0.6585 -0.1391 -0.3301
v  -0.7831 -0.0569 -0.2349
v  -0.6037 -0.1596 -0.2881
v  -0.5532 -0.1246 -0.2490
v  -0.5365 -0.0544 -0.2373
v  -0.5595 0.0000 -0.2559
v  -0.6354 0.0000 -0.1509
v  -0.4399 -0.0223 -0.6533
v  -0.4533 -0.0922 -0.6680
v  -0.6689 -0.0048 -0.3413
v  -0.4279 -0.1564 -0.6421
v  -0.3785 -0.1772 -0.5913
v  -0.3342 -0.1425 -0.5449
v  -0.3209 -0.0727 -0.5303
v  -0.3463 -0.0085 -0.5552
v  -0.4472 0.0000 -0.4170
v  -0.2376 0.0000 -0.7891
v  -0.1686 0.0000 -0.8389
v  -0.1808 -0.0620 -0.8521
v  -0.1694 -0.1252 -0.8179
v  -0.1395 -0.1448 -0.7529
v  -0.1086 -0.1093 -0.6973
v  -0.0949 -0.0395 -0.6821
v  -0.1021 0.0000 -0.7041
v  -0.2831 0.0000 -0.5981
v  -0.3663 0.0000 -0.5762
v  0.3505 -0.1118 -1.0303
v  0.3683 -0.1760 -0.9980
v  0.3994 -0.1962 -0.9351
v  0.4253 -0.1608 -0.8760
v  0.4311 -0.0904 -0.8579
v  0.4131 -0.0262 -0.8901
v  0.1402 0.0000 -0.7993
v  0.5568 0.0000 -1.1382
v  0.6859 0.0000 -1.2280
v  0.7079 -0.0376 -1.2573
v  0.3561 -0.0414 -1.0112
v  0.8415 -0.0792 -1.3003
v  0.9098 -0.0765 -1.3140
v  0.9925 -0.0313 -1.2910
v  0.9742 0.0000 -1.2671
v  0.8252 0.0000 -1.1479
v  0.5456 0.0000 -0.9731
v  0.4116 0.0000 -0.9722
v  0.3821 -0.0060 -0.9541
v  0.7388 -0.0450 -1.3130
v  0.7055 -0.0326 -1.2461
v  0.7773 -0.0044 -1.3599
v  0.7786 0.0000 -1.3599
v  0.9297 0.0000 -1.3140
v  0.5214 0.0000 -1.4253
v  0.4938 0.0000 -1.5503
v  0.7536 0.0000 -1.3833
v  0.2000 -0.0379 -1.7832
v  0.2283 0.0000 -1.8320
v  -0.1581 0.0000 -1.8579
v  -0.3339 0.0000 -2.0112
v  0.1630 -0.0239 -1.7212
v  -0.4870 -0.0119 -1.9199
v  -0.4252 -0.0392 -1.8970
v  -0.4314 -0.1116 -1.9092
v  -0.5695 -0.0567 -1.9722
v  -0.4573 -0.1686 -1.8711
v  -0.7380 -0.0225 -2.0020
v  -0.4876 -0.1769 -1.8062
v  -0.7607 0.0000 -1.9858
v  -0.7631 0.0000 -1.9941
v  -0.2481 -0.0360 -1.8179
v  -0.2430 -0.1082 -1.8252
v  -0.2563 -0.1653 -1.7822
v  -0.2802 -0.1739 -1.7129
v  -0.3007 -0.1290 -1.6602
v  -0.5048 -0.1315 -1.7510
v  -0.3057 -0.0568 -1.6533
v  -0.4985 -0.0591 -1.7393
v  -0.2925 0.0000 -1.6963
v  -0.3171 0.0000 -1.7070
v  -0.4727 -0.0021 -1.7769
v  -0.4651 0.0000 -1.7939
v  0.0852 -0.0182 -1.7300
v  0.0900 -0.0904 -1.7373
v  0.0808 -0.1473 -1.6929
v  0.0631 -0.1556 -1.6230
v  0.0472 -0.1105 -1.5679
v  0.0425 -0.0383 -1.5610
v  0.0487 0.0000 -1.5913
v  0.3971 -0.0103 -1.6519
v  0.3975 -0.0826 -1.6602
v  0.3864 -0.1396 -1.6162
v  0.3705 -0.1479 -1.5459
v  0.3589 -0.1026 -1.4902
v  0.3586 -0.0303 -1.4810
v  0.3645 0.0000 -1.5049
v  0.6589 -0.0284 -1.6001
v  0.6678 -0.1013 -1.6069
v  0.6666 -0.1589 -1.5610
v  0.6558 -0.1673 -1.4893
v  0.6419 -0.1217 -1.4341
v  0.6330 -0.0488 -1.4282
v  0.6340 0.0000 -1.4663
v  0.6754 -0.0200 -1.5962
v  0.7402 -0.0458 -1.5850
v  0.8237 -0.0470 -1.5161
v  0.9359 -0.0231 -1.4292
v  0.9085 0.0000 -1.3940
v  0.8714 0.0000 -1.3809
v  0.7458 0.0000 -1.4053
v  0.6984 -0.0277 -1.5913
v  0.7214 0.0000 -1.6411
v  0.7275 0.0000 -1.6440
v  0.7942 0.0000 -1.5752
v  0.9093 0.0000 -1.4580
v  0.6285 0.0000 -1.5322
v  0.4813 0.0000 -1.6270
v  0.6813 -0.0067 -1.5229
v  0.0687 -0.0322 -1.5850
v  0.0602 0.0000 -1.6421
v  -0.2219 0.0000 -1.4609
v  -0.3041 0.0000 -1.4590
v  -0.3076 -0.0163 -1.5171
v  0.0783 -0.0126 -1.5161
v  -0.3104 0.0000 -1.5459
v  -0.6013 -0.0533 -1.5283
v  -0.6012 -0.0167 -1.5913
v  -0.4684 0.0000 -1.5859
v  -0.5053 -0.0135 -1.5039
v  -0.6165 -0.0361 -1.4580
v  -0.6183 -0.0389 -1.4609
v  -0.5104 0.0000 -1.5303
v  -0.5634 0.0000 -1.5811
v  -0.6048 0.0000 -1.5962
v  -0.4988 -0.1095 -1.4810
v  -0.4853 -0.0381 -1.4941
v  -0.4968 0.0000 -1.5391
v  -0.5671 -0.1636 -1.5869
v  -0.5327 -0.1615 -1.5190
v  -0.7909 -0.0413 -1.4663
v  -0.7929 -0.0193 -1.5161
v  -0.2419 -0.1396 -1.7261
v  -0.2415 -0.0667 -1.7271
v  -0.2819 -0.0147 -1.7603
v  -0.4074 0.0000 -1.6401
v  -0.5685 -0.0432 -1.6582
v  -0.3801 -0.0652 -1.8369
v  -0.3804 -0.1381 -1.8369
v  -0.5820 -0.1146 -1.6440
v  -0.3400 -0.1901 -1.8042
v  -0.2827 -0.1907 -1.7583
v  0.0269 -0.1060 -2.1782
v  0.0261 -0.0333 -2.1753
v  -0.0084 0.0000 -2.1821
v  -0.1660 0.0000 -1.9531
v  -0.2314 0.0000 -1.9858
v  -0.3393 -0.0141 -1.8062
v  -0.1175 0.0000 -2.2090
v  -0.1520 -0.0348 -2.2192
v  -0.1512 -0.1074 -2.2231
v  -0.0984 -0.1584 -2.2119
v  -0.0246 -0.1578 -2.1929
v  -0.0020 -0.0951 -2.7202
v  -0.0029 -0.0224 -2.7192
v  -0.0258 0.0000 -2.7163
v  -0.1775 -0.0251 -2.6973
v  -0.1765 -0.0978 -2.6982
v  -0.1247 -0.1484 -2.7051
v  -0.0524 -0.1473 -2.7139
v  -0.4200 -0.0541 -4.8110
v  -0.4211 -0.0338 -4.8101
v  -0.4722 -0.0196 -4.7993
v  -0.3012 0.0000 -3.9438
v  -0.5931 -0.0346 -4.7749
v  -0.5921 -0.0549 -4.7759
v  -0.5410 -0.0691 -4.7871
v  -0.4697 -0.0688 -4.8013
v  -0.5435 -0.0199 -4.7852
v  0.1655 -0.2690 1.2109
v  0.2197 -0.2271 0.8501
v  0.3108 -0.2315 1.2021
v  0.2189 -0.1585 0.7158
v  0.3485 -0.1533 0.8530
v  0.3478 -0.1647 1.2139
v  0.0882 -0.2596 1.5859
v  0.2172 -0.1859 1.5889
v  0.0331 -0.2045 1.7568
v  -0.0029 -0.2552 1.2339
v  -0.0965 -0.2096 1.6211
v  -0.0958 -0.1983 1.2588
v  0.0349 -0.1771 0.8838
v  0.0865 -0.0940 1.2627
v  0.2549 -0.1077 1.2388
v  0.1637 -0.1033 0.8867
v  0.0324 -0.1359 1.6230
v  -0.0587 -0.1315 1.2710
v  -0.0299 -0.0945 -0.2690
v  -0.1462 -0.0526 -0.6152
v  0.0956 -0.0570 -0.3433
v  -0.2080 -0.0297 -0.7339
v  -0.0303 -0.0245 -0.6719
v  0.1339 -0.0359 -0.3501
v  0.0728 -0.0852 0.1001
v  0.1886 -0.0571 0.0430
v  0.1017 -0.0300 0.2769
v  -0.1689 -0.0808 -0.1719
v  -0.0759 -0.0352 0.2148
v  -0.2401 -0.0238 -0.1069
v  -0.2948 -0.0483 -0.5000
v  0.0399 -0.0071 0.1577
v  0.0967 0.0000 -0.1973
v  0.0456 0.0000 0.0469
v  -0.2018 -0.0027 -0.1133
v  0.1081 -0.1109 -1.6753
v  0.2192 -0.0690 -2.0220
v  0.2528 -0.0734 -1.6602
v  0.2396 0.0000 -2.1543
v  0.3378 0.0000 -2.0000
v  0.3403 0.0000 -1.9780
v  0.3214 0.0000 -1.8491
v  0.2875 -0.0066 -1.6421
v  -0.0283 -0.1015 -1.3159
v  0.0986 -0.0278 -1.2930
v  -0.1101 -0.0464 -1.1562
v  -0.0619 -0.0971 -1.6782
v  -0.2161 -0.0515 -1.3110
v  -0.1576 -0.0402 -1.6680
v  0.0313 -0.0190 -2.0171
v  -0.0794 -0.1109 -2.8599
v  -0.2016 -0.0690 -3.2041
v  0.0447 -0.0734 -2.9360
v  -0.2652 0.0000 -3.3213
v  -0.0868 -0.0189 -3.2632
v  0.0829 -0.0066 -2.9429
v  0.0296 -0.1015 -2.4932
v  0.1444 -0.0278 -2.5513
v  0.0615 -0.0464 -2.3159
v  -0.2167 -0.0971 -2.7603
v  -0.1171 -0.0515 -2.3750
v  -0.2868 -0.0402 -2.6938
v  -0.3483 -0.0190 -3.0859
v  -0.0023 -0.0015 -2.4331
v  0.0773 0.0000 -2.7183
v  -0.0015 0.0000 -2.4570
v  -0.1630 -0.5310 5.3809
v  -0.1484 -0.4700 5.7070
v  -0.2802 -0.3984 5.3599
v  -0.0718 -0.4286 5.8521
v  -0.2238 -0.2511 5.6929
v  -0.2697 -0.2215 5.3618
v  -0.1185 -0.4700 5.0669
v  -0.1939 -0.2511 5.0527
v  -0.0351 -0.4494 4.9609
v  0.0132 -0.5415 5.4131
v  0.0994 -0.3942 5.1060
v  0.1453 -0.4239 5.4370
v  0.0696 -0.3942 5.7461
v  0.0386 -0.1143 5.4180
v  -0.1376 -0.1038 5.3857
v  -0.0059 -0.1754 5.7329
v  0.0240 -0.1754 5.0918
v  0.1558 -0.2469 5.4390
v  -0.4442 0.0000 4.4648
v  -0.3735 0.0000 4.4829
v  -0.5065 0.0000 4.5020
v  -0.5239 0.0000 4.5728
v  -0.4862 0.0000 4.6348
v  -0.4153 0.0000 4.6528
v  -0.3530 0.0000 4.6147
v  -0.3358 0.0000 4.5449
v  -0.3601 0.0000 4.0088
v  -0.3618 0.0000 4.1240
v  -0.4109 0.0000 3.9268
v  -0.4835 0.0000 3.9258
v  -0.5355 0.0000 4.0049
v  -0.5372 0.0000 4.1177
v  -0.4875 0.0000 4.1987
v  -0.4149 0.0000 4.2031
v  -0.5495 0.0000 3.3071
v  -0.4914 0.0000 3.3530
v  -0.4155 0.0000 3.3457
v  -0.3664 0.0000 3.2900
v  -0.3727 0.0000 3.2168
v  -0.4307 0.0000 3.1709
v  -0.5064 0.0000 3.1777
v  -0.5557 0.0000 3.2339
v  -0.9110 0.0000 1.4360
v  -0.8852 0.0000 1.4507
v  -0.7490 0.0000 1.4717
v  -0.7215 0.0000 1.4038
v  -0.8028 0.0000 1.2490
v  -0.8641 0.0000 1.2461
v  -0.9307 0.0000 1.3018
v  -0.9473 0.0000 1.3838
v  -0.7637 0.0000 1.2529
v  0.2693 0.0000 0.1929
v  0.3113 0.0000 0.1909
v  -0.9227 0.0000 0.0591
v  -0.8326 0.0000 0.1401
v  -0.7506 0.0000 0.1411
v  -0.7100 0.0000 0.0791
v  -0.7636 0.0000 -0.2329
v  -0.9164 0.0000 0.0420
v  -0.6945 0.0000 -0.3110
v  -0.6620 0.0000 -0.3359
v  -0.4114 0.0000 -0.6230
v  -0.0845 0.0000 -0.8652
v  -0.0446 0.0000 -0.8110
v  0.7007 0.0000 -1.2202
v  0.1543 0.0000 -1.7070
v  0.3467 0.0000 -1.5762
v  -0.4989 0.0000 -1.9102
v  -0.4391 0.0000 -1.9331
v  -0.3732 0.0000 -2.0220
v  -0.6105 0.0000 -2.0322
v  -0.4399 0.0000 -1.8501
v  -0.7606 0.0000 -1.9331
v  -0.6218 0.0000 -1.8203
v  -0.4792 0.0000 -1.7803
v  -0.2645 0.0000 -1.7749
v  0.0788 0.0000 -1.7080
v  0.3945 0.0000 -1.6392
v  0.6509 0.0000 -1.5659
v  0.6669 0.0000 -1.5293
v  0.6818 0.0000 -1.5190
v  0.2394 0.0000 -1.5322
v  0.0790 0.0000 -1.5093
v  -0.3304 0.0000 -1.4482
v  -0.6291 0.0000 -1.4370
v  -0.7697 0.0000 -1.5542
v  -0.7689 0.0000 -1.5029
v  -0.6951 0.0000 -1.4390
v  -0.5403 0.0000 -1.6250
v  -0.6334 0.0000 -1.6401
v  -0.7340 0.0000 -1.5879
v  -0.4597 0.0000 -1.6899
v  -0.1533 0.0000 -2.7002
v  -0.3671 0.0000 -3.9033
v  0.0197 0.0000 -0.4639
v  0.0890 0.0000 -0.3091
v  -0.1033 0.0000 -0.6152
v  -0.1924 0.0000 -0.6392
v  0.0203 0.0000 0.1001
v  -0.1928 0.0000 -0.1191
v  -0.1996 0.0000 -0.1562
v  -0.2190 0.0000 -0.5371
v  0.2764 0.0000 -1.6411
v  -0.0057 0.0000 -1.2900
v  -0.0960 0.0000 -1.2451
v  0.1317 0.0000 -1.4141
v  -0.1547 0.0000 -1.5352
v  -0.1368 0.0000 -1.6582
v  -0.1276 0.0000 -1.2949
v  0.0639 0.0000 -2.0112
v  -0.0329 0.0000 -1.8652
v  -0.0455 0.0000 -3.1030
v  0.0691 0.0000 -2.9302
v  -0.1423 0.0000 -3.2183
v  -0.0065 0.0000 -2.4463
v  -0.0837 0.0000 -2.5220
v  -0.2415 0.0000 -2.6831
v  -0.2512 0.0000 -2.7012
v  -0.3048 0.0000 -3.1079
v  -0.2620 0.0000 -2.7529
v  1.2387 0.0005 0.4248
v  -0.7222 0.0005 0.6548
v  -0.9686 0.0005 -6.3940
v  -0.3817 0.0005 6.1631
v  0.2463 0.0005 6.1221
v  -0.0332 0.2091 4.9858
v  -0.0332 0.2091 4.7231
v  -0.1613 0.2091 4.7231
v  -0.1613 0.2091 4.9858
v  0.0949 0.2091 4.9858
v  0.0949 0.2091 4.7231
v  -0.0332 0.2974 3.5898
v  -0.0332 0.2974 3.1021
v  -0.1756 0.2974 3.1021
v  -0.1756 0.2974 3.5898
v  0.1092 0.2974 3.5898
v  0.1092 0.2974 3.1021
v  -0.3298 0.1529 4.7231
v  -0.3298 0.1529 4.9858
v  0.0949 0.2091 3.6470
v  0.2634 0.1529 3.6470
v  0.2634 0.1529 3.5898
v  0.0949 0.2091 3.5898
v  -0.3995 0.2228 3.1021
v  -0.3995 0.2228 3.5898
v  0.0949 0.2091 2.6191
v  0.2634 0.1529 2.6191
v  0.2634 0.1529 2.2720
v  0.0949 0.2091 2.2720
v  -0.0332 0.2974 4.2749
v  -0.1756 0.2974 4.2749
v  -0.1756 0.2974 4.7231
v  -0.0332 0.2974 4.7231
v  0.1092 0.2974 4.2749
v  0.1092 0.2974 4.7231
v  -0.3995 0.2228 4.2749
v  -0.3995 0.2228 4.7231
v  0.2634 0.1529 4.9858
v  0.2634 0.1529 4.7231
v  -0.0332 0.2091 2.2720
v  -0.1613 0.2091 2.2720
v  -0.1613 0.2091 2.6191
v  -0.0332 0.2091 2.6191
v  -0.3298 0.1529 2.2720
v  -0.3298 0.1529 2.6191
v  0.1092 0.2974 3.0488
v  0.3331 0.2228 3.0488
v  0.3331 0.2228 2.6191
v  0.1092 0.2974 2.6191
v  -0.0332 0.2974 2.6191
v  -0.1756 0.2974 2.6191
v  -0.1756 0.2974 3.0488
v  -0.0332 0.2974 3.0488
v  -0.3995 0.2228 2.6191
v  -0.3995 0.2228 3.0488
v  0.0949 0.2091 3.1021
v  0.2634 0.1529 3.1021
v  0.2634 0.1529 3.0488
v  0.0949 0.2091 3.0488
v  0.1092 0.2974 4.1899
v  0.3331 0.2228 4.1899
v  0.3331 0.2228 3.6470
v  0.1092 0.2974 3.6470
v  -0.0332 0.2091 3.5898
v  -0.1613 0.2091 3.5898
v  -0.1613 0.2091 3.6470
v  -0.0332 0.2091 3.6470
v  -0.3298 0.1529 3.5898
v  -0.3298 0.1529 3.6470
v  -0.0332 0.2091 4.1899
v  -0.1613 0.2091 4.1899
v  -0.1613 0.2091 4.2749
v  -0.0332 0.2091 4.2749
v  0.0949 0.2091 4.1899
v  0.0949 0.2091 4.2749
v  -0.3298 0.1529 4.1899
v  -0.3298 0.1529 4.2749
v  0.3331 0.2228 4.7231
v  0.3331 0.2228 4.2749
v  0.2634 0.1529 4.2749
v  0.2634 0.1529 4.1899
v  -0.0332 0.2974 3.6470
v  -0.1756 0.2974 3.6470
v  -0.1756 0.2974 4.1899
v  -0.0332 0.2974 4.1899
v  -0.3995 0.2228 3.6470
v  -0.3995 0.2228 4.1899
v  -0.0332 0.2091 3.0488
v  -0.1613 0.2091 3.0488
v  -0.1613 0.2091 3.1021
v  -0.0332 0.2091 3.1021
v  -0.3298 0.1529 3.0488
v  -0.3298 0.1529 3.1021
v  0.3331 0.2228 3.5898
v  0.3331 0.2228 3.1021
v  -0.0300 0.5631 2.0640
v  -0.0276 0.5029 1.8750
v  -0.5675 0.4040 2.1680
v  -0.5667 0.4334 2.2808
v  0.5088 0.4566 2.2808
v  0.5106 0.3952 2.1299
v  -0.1952 0.2598 1.6987
v  -0.0129 0.2798 1.6968
v  0.0428 0.1766 0.4707
v  -0.1371 0.0732 0.3750
v  0.2591 0.2239 1.6680
v  0.5815 0.0921 0.5010
v  0.0399 0.0516 -0.2031
v  -0.4135 0.0273 -0.4243
v  0.1829 0.0620 -0.1108
v  -0.0579 0.0764 -1.9141
v  -0.2115 0.0517 -1.7832
v  0.4155 0.0427 -2.0552
v  -0.5249 0.0730 -4.7632
v  -0.5435 0.0496 -4.6519
v  -0.4439 0.0371 -4.6641
v  -0.6875 0.1160 -5.4312
v  -0.8533 0.0823 -6.0220
v  -0.9096 0.0766 -4.9482
v  -0.8320 0.0717 -4.6162
v  -0.2022 0.0679 -4.9072
v  -0.2934 0.0827 -5.2661
v  -0.0295 0.5086 2.5259
v  -0.8321 0.3184 2.5249
v  0.7730 0.3578 2.5239
v  0.7888 0.3183 2.0947
v  0.9612 0.0775 0.3989
v  0.5129 0.2600 2.0117
v  0.7862 0.1847 2.0571
v  -0.8494 0.3132 2.0938
v  -0.0269 0.3687 1.8369
v  -0.0346 0.3488 1.8091
v  -0.3060 0.3038 1.8081
v  -0.5647 0.2723 2.0508
v  0.3375 0.2766 1.7710
v  0.6969 0.1291 0.4688
v  0.5425 0.0656 -0.2373
v  0.2922 0.1056 -0.1499
v  0.7629 0.0741 -2.1450
v  0.5205 0.0958 -2.0840
v  -0.3699 0.0897 -4.7402
v  -0.5748 0.1003 -4.9771
v  -0.6329 0.1003 -4.6421
v  -0.5129 0.0790 -1.7441
v  -0.3054 0.1032 -1.7720
v  -0.7310 0.0496 -0.3462
v  -0.5118 0.0765 -0.4009
v  -0.4614 0.0685 0.4771
v  -0.2368 0.1128 0.4048
v  2.3088 0.2351 1.5801
v  2.3059 0.2216 1.5337
v  2.3516 0.1084 1.6030
v  0.7862 0.2266 2.5659
v  -2.3612 0.2024 1.5352
v  -2.3612 0.2024 1.5801
v  -2.3980 0.0714 1.4810
v  -0.8402 0.1847 2.0571
v  -0.0270 0.3378 2.5659
v  -0.8402 0.1847 2.5659
v  2.3443 0.0873 1.4810
v  -2.3980 0.0714 1.6030
v  -0.6050 0.0570 5.9297
v  -0.3291 0.2569 5.6660
v  -0.8717 0.1192 5.1401
v  -1.1312 0.0570 5.0278
v  -0.0719 0.4054 5.9629
v  -0.5822 0.1598 4.8628
v  -0.0601 0.4540 5.4077
v  -0.0372 0.4168 4.7759
v  0.2214 0.2406 5.7021
v  0.7540 0.1205 5.1670
v  0.4849 0.1598 4.8857
v  0.4922 0.0570 5.8579
v  1.0071 0.0570 4.9917
v  -0.0152 0.2752 4.6821
v  0.2824 0.2213 4.7051
v  0.2328 0.1624 4.6729
v  -0.0250 0.2091 4.6528
v  -0.0154 0.3026 4.7490
v  0.3090 0.2438 4.7739
v  -0.0255 0.2752 4.8159
v  0.2971 0.2168 4.8398
v  -0.0394 0.2091 4.8428
v  0.2535 0.1561 4.8647
v  -0.0493 0.1430 4.8140
v  0.2039 0.0972 4.8340
v  -0.0491 0.1156 4.7471
v  0.1773 0.0746 4.7642
v  -0.0390 0.1430 4.6797
v  0.1893 0.1016 4.6968
v  0.3856 0.0055 4.6470
v  0.3133 0.0026 4.6250
v  0.4160 0.0055 4.7129
v  -0.4500 0.1014 4.4580
v  -0.4133 0.2160 4.4390
v  -0.3571 0.1638 4.4639
v  -0.3790 0.0944 4.4771
v  -0.5134 0.1138 4.4941
v  -0.4633 0.2667 4.4697
v  -0.5321 0.1242 4.5640
v  -0.4775 0.2863 4.5391
v  -0.4949 0.1266 4.6260
v  -0.4478 0.2632 4.6050
v  -0.4239 0.1195 4.6460
v  -0.3914 0.2110 4.6299
v  -0.3605 0.1071 4.6089
v  -0.3416 0.1602 4.5991
v  -0.3419 0.0967 4.5391
v  -0.3273 0.1407 4.5298
v  -0.2329 0.2836 4.4478
v  -0.2181 0.2159 4.4717
v  -0.2483 0.3480 4.4800
v  -0.2553 0.3712 4.5479
v  -0.2499 0.3397 4.6138
v  -0.2351 0.2719 4.6377
v  -0.2197 0.2076 4.6060
v  -0.2127 0.1844 4.5371
v  -0.0045 0.3013 4.4487
v  -0.0045 0.2326 4.4731
v  0.0032 0.3678 4.4800
v  0.0140 0.3931 4.5488
v  0.0216 0.3623 4.6138
v  0.0215 0.2936 4.6392
v  0.0139 0.2271 4.6079
v  0.0030 0.2018 4.5391
v  0.2106 0.2630 4.3867
v  0.1840 0.1986 4.4170
v  0.2509 0.3227 4.4102
v  0.2812 0.3427 4.4741
v  0.2837 0.3114 4.5400
v  0.2571 0.2471 4.5698
v  0.2169 0.1874 4.5469
v  0.1866 0.1673 4.4829
v  0.3506 0.1115 4.3418
v  0.2947 0.0788 4.3818
v  0.4192 0.1406 4.3569
v  0.4603 0.1491 4.4170
v  0.4499 0.1320 4.4868
v  0.3940 0.0994 4.5269
v  0.3254 0.0703 4.5127
v  0.2843 0.0618 4.4531
v  -0.3610 0.0883 4.0161
v  -0.3602 0.0381 3.9629
v  -0.2910 0.1597 3.8809
v  -0.2941 0.2110 3.9341
v  -0.4110 0.0097 3.9160
v  -0.3259 0.1540 3.8159
v  -0.4836 0.0196 3.9019
v  -0.3785 0.1972 3.7759
v  -0.5356 0.0621 3.9312
v  -0.4180 0.2639 3.7852
v  -0.5364 0.1123 3.9839
v  -0.4211 0.3152 3.8369
v  -0.4857 0.1407 4.0308
v  -0.3861 0.3210 3.9019
v  -0.4130 0.1308 4.0449
v  -0.3334 0.2778 3.9429
v  -0.0195 0.2078 3.7959
v  -0.0154 0.2592 3.8467
v  -0.0257 0.2089 3.7217
v  -0.0302 0.2619 3.6680
v  -0.0304 0.3357 3.6670
v  -0.0263 0.3871 3.7178
v  -0.0201 0.3860 3.7920
v  -0.0156 0.3330 3.8447
v  0.2341 0.1661 3.8340
v  0.2620 0.2157 3.8857
v  0.2129 0.1666 3.7578
v  0.2109 0.2168 3.7021
v  0.2293 0.2873 3.6997
v  0.2573 0.3369 3.7520
v  0.2784 0.3365 3.8281
v  0.2804 0.2863 3.8828
v  0.2882 0.1400 3.7769
v  0.3491 0.1712 3.8071
v  0.2551 0.1530 3.7119
v  0.2690 0.2026 3.6509
v  0.3220 0.2597 3.6299
v  0.3829 0.2909 3.6602
v  0.4161 0.2778 3.7241
v  0.4021 0.2283 3.7852
v  0.3223 0.0071 3.6230
v  0.3863 0.0187 3.5889
v  0.4604 0.0125 3.6069
v  -0.4996 0.0255 3.3550
v  -0.4147 0.2794 3.3130
v  -0.4634 0.3012 3.2617
v  -0.5570 0.0238 3.3081
v  -0.4233 0.0242 3.3467
v  -0.3566 0.2248 3.3149
v  -0.3729 0.0206 3.2910
v  -0.3229 0.1693 3.2690
v  -0.3778 0.0169 3.2178
v  -0.3335 0.1454 3.1987
v  -0.4351 0.0151 3.1719
v  -0.3821 0.1672 3.1479
v  -0.5114 0.0165 3.1787
v  -0.4403 0.2219 3.1450
v  -0.5618 0.0201 3.2349
v  -0.4739 0.2774 3.1929
v  -0.1477 0.3685 3.1719
v  -0.1867 0.3923 3.1157
v  -0.1233 0.3031 3.1938
v  -0.1279 0.2344 3.1680
v  -0.1587 0.2026 3.1089
v  -0.1978 0.2264 3.0527
v  -0.2222 0.2918 3.0308
v  -0.2176 0.3605 3.0581
v  0.1129 0.3684 2.9839
v  0.0731 0.3923 2.9277
v  0.1266 0.3029 3.0127
v  0.1060 0.2343 2.9990
v  0.0633 0.2026 2.9487
v  0.0234 0.2265 2.8931
v  0.0098 0.2920 2.8628
v  0.0304 0.3606 2.8779
v  0.3628 0.2985 2.7778
v  0.3162 0.3239 2.7280
v  0.3921 0.2290 2.7959
v  0.3867 0.1559 2.7690
v  0.3500 0.1223 2.7139
v  0.3033 0.1476 2.6641
v  0.2741 0.2172 2.6470
v  0.2794 0.2903 2.6729
v  0.3868 0.3176 2.7588
v  0.3339 0.3381 2.7139
v  0.4333 0.2619 2.7617
v  0.4463 0.2035 2.7207
v  0.4181 0.1767 2.6602
v  0.3653 0.1971 2.6138
v  0.3187 0.2529 2.6108
v  0.3057 0.3113 2.6519
v  0.4295 0.3513 2.7251
v  0.3765 0.3716 2.6787
v  0.4757 0.2952 2.7280
v  0.4880 0.2363 2.6870
v  0.4593 0.2091 2.6260
v  0.4063 0.2294 2.5811
v  0.3602 0.2855 2.5781
v  0.3478 0.3444 2.6177
v  0.4708 0.3828 2.6899
v  0.4177 0.4031 2.6460
v  0.5162 0.3262 2.6938
v  0.5274 0.2664 2.6548
v  0.4977 0.2384 2.5947
v  0.4445 0.2587 2.5488
v  0.3991 0.3153 2.5459
v  0.3879 0.3751 2.5850
v  0.5099 0.4112 2.6567
v  0.4565 0.4313 2.6118
v  0.5541 0.3537 2.6621
v  0.5633 0.2924 2.6240
v  0.5319 0.2633 2.5649
v  0.4785 0.2833 2.5200
v  0.4343 0.3408 2.5151
v  0.4252 0.4021 2.5527
v  0.5466 0.4355 2.6240
v  0.4927 0.4552 2.5801
v  0.5887 0.3766 2.6309
v  0.5944 0.3130 2.5957
v  0.5603 0.2820 2.5400
v  0.5064 0.3018 2.4951
v  0.4643 0.3607 2.4878
v  0.4586 0.4242 2.5239
v  0.5813 0.4546 2.5898
v  0.5265 0.4739 2.5459
v  0.6197 0.3937 2.6011
v  0.6193 0.3268 2.5718
v  0.5804 0.2931 2.5200
v  0.5256 0.3124 2.4761
v  0.4872 0.3733 2.4658
v  0.4875 0.4402 2.4951
v  0.6123 0.4654 2.5547
v  0.5562 0.4842 2.5127
v  0.6459 0.4028 2.5708
v  0.6374 0.3331 2.5508
v  0.5917 0.2971 2.5068
v  0.5356 0.3158 2.4648
v  0.5020 0.3784 2.4487
v  0.5106 0.4482 2.4688
v  0.6366 0.4678 2.5229
v  0.5792 0.4865 2.4829
v  0.6670 0.4049 2.5430
v  0.6526 0.3346 2.5308
v  0.6019 0.2980 2.4941
v  0.5445 0.3167 2.4531
v  0.5140 0.3796 2.4331
v  0.5284 0.4499 2.4448
v  0.6568 0.4672 2.4927
v  0.5984 0.4858 2.4541
v  0.6857 0.4043 2.5161
v  0.6681 0.3341 2.5078
v  0.6144 0.2976 2.4761
v  0.5560 0.3163 2.4370
v  0.5271 0.3792 2.4141
v  0.5447 0.4494 2.4209
v  0.6752 0.4644 2.4639
v  0.6161 0.4832 2.4258
v  0.7029 0.4017 2.4878
v  0.6830 0.3319 2.4839
v  0.6271 0.2957 2.4551
v  0.5680 0.3145 2.4170
v  0.5403 0.3772 2.3931
v  0.5602 0.4471 2.3970
v  0.6922 0.4601 2.4351
v  0.6325 0.4790 2.3979
v  0.7191 0.3976 2.4600
v  0.6975 0.3282 2.4600
v  0.6401 0.2925 2.4331
v  0.5804 0.3114 2.3960
v  0.5535 0.3738 2.3701
v  0.5751 0.4433 2.3711
v  0.7080 0.4548 2.4058
v  0.6481 0.4739 2.3701
v  0.7344 0.3925 2.4331
v  0.7117 0.3235 2.4341
v  0.6533 0.2881 2.4087
v  0.5933 0.3071 2.3730
v  0.5669 0.3694 2.3457
v  0.5896 0.4385 2.3447
v  0.7230 0.4490 2.3779
v  0.6628 0.4681 2.3418
v  0.7491 0.3868 2.4048
v  0.7258 0.3180 2.4077
v  0.6667 0.2828 2.3838
v  0.6066 0.3019 2.3481
v  0.5805 0.3641 2.3198
v  0.6038 0.4329 2.3179
v  0.7397 0.4421 2.3457
v  0.6755 0.4628 2.3179
v  0.7682 0.3789 2.3691
v  0.7443 0.3103 2.3730
v  0.6821 0.2765 2.3550
v  0.6179 0.2972 2.3257
v  0.5893 0.3604 2.3037
v  0.6132 0.4290 2.2998
v  0.7925 0.4100 2.1431
v  0.7306 0.4305 2.1069
v  0.8158 0.3489 2.1821
v  0.7870 0.2831 2.2007
v  0.7229 0.2510 2.1890
v  0.6611 0.2715 2.1528
v  0.6377 0.3326 2.1138
v  0.6665 0.3984 2.0938
v  0.8490 0.3306 2.0581
v  0.7933 0.3408 2.0127
v  0.8608 0.2877 2.1157
v  0.8218 0.2371 2.1519
v  0.7548 0.2086 2.1460
v  0.6991 0.2188 2.1001
v  0.6872 0.2618 2.0420
v  0.7262 0.3123 2.0059
v  0.8800 0.2424 1.9980
v  0.8266 0.2468 1.9468
v  0.8921 0.1978 2.0537
v  0.8556 0.1390 2.0840
v  0.7922 0.1006 2.0698
v  0.7388 0.1049 2.0200
v  0.7267 0.1496 1.9639
v  0.7631 0.2083 1.9331
v  0.9512 0.2017 1.9360
v  0.9059 0.2007 1.8789
v  0.9656 0.1563 1.9907
v  0.9409 0.0911 2.0117
v  0.8915 0.0442 1.9858
v  0.8463 0.0433 1.9287
v  0.8318 0.0887 1.8740
v  0.8566 0.1539 1.8530
v  1.2106 0.0243 1.7480
v  1.1200 0.0521 1.7231
v  0.9523 0.0040 1.7900
v  1.0131 0.0437 1.7407
v  -0.8149 0.0318 1.4312
v  -0.8022 0.0695 1.4121
v  -0.8591 0.1180 1.3809
v  -0.9012 0.0077 1.4409
v  -0.7587 0.0119 1.3867
v  -0.7556 0.0165 1.3818
v  -0.8481 0.0386 1.2251
v  -0.8915 0.0961 1.2500
v  -0.4699 0.2480 1.2178
v  -0.4566 0.1789 1.1968
v  -0.8961 0.1290 1.3140
v  -0.4699 0.2844 1.2817
v  -0.4567 0.2667 1.3511
v  -0.4379 0.2052 1.3848
v  -0.4246 0.1360 1.3647
v  -0.4245 0.0997 1.3008
v  -0.4378 0.1174 1.2319
v  -0.1188 0.1500 1.1719
v  -0.0948 0.1339 1.2388
v  -0.1309 0.2119 1.1357
v  -0.1238 0.2833 1.1519
v  -0.1020 0.3224 1.2109
v  -0.0779 0.3062 1.2778
v  -0.0659 0.2443 1.3140
v  -0.0729 0.1729 1.2979
v  0.3901 0.0731 0.8921
v  0.4243 0.0558 0.9541
v  0.3753 0.1352 0.8569
v  0.3884 0.2057 0.8691
v  0.4219 0.2434 0.9209
v  0.4560 0.2261 0.9829
v  0.4709 0.1640 1.0181
v  0.4578 0.0935 1.0059
v  0.6796 0.0673 0.7168
v  0.7182 0.0497 0.7759
v  0.6642 0.1295 0.6831
v  0.6811 0.1999 0.6929
v  0.7205 0.2373 0.7417
v  0.7592 0.2197 0.8008
v  0.7745 0.1575 0.8359
v  0.7576 0.0871 0.8247
v  1.0999 0.1305 0.3789
v  1.1477 0.1656 0.4209
v  1.1914 0.1469 0.4761
v  1.2054 0.0851 0.5117
v  1.1815 0.0166 0.5068
v  0.2689 0.0023 0.1899
v  -0.8121 0.0928 0.0630
v  -0.7021 0.1406 -0.1680
v  -0.7593 0.1200 -0.2080
v  -0.8912 0.0635 0.0669
v  -0.7336 0.0674 0.0479
v  -0.6449 0.1064 -0.1372
v  -0.6213 0.0375 -0.1353
v  -0.6585 0.1391 -0.3301
v  -0.6855 0.0749 -0.3530
v  -0.7831 0.0568 -0.2349
v  -0.6037 0.1596 -0.2881
v  -0.5532 0.1245 -0.2490
v  -0.5365 0.0544 -0.2373
v  -0.4533 0.0922 -0.6680
v  -0.4399 0.0223 -0.6533
v  -0.6689 0.0047 -0.3413
v  -0.4279 0.1563 -0.6421
v  -0.3785 0.1772 -0.5913
v  -0.3342 0.1425 -0.5449
v  -0.3209 0.0726 -0.5303
v  -0.3463 0.0084 -0.5552
v  -0.1808 0.0620 -0.8521
v  -0.1694 0.1252 -0.8179
v  -0.1395 0.1448 -0.7529
v  -0.1086 0.1093 -0.6973
v  -0.0949 0.0395 -0.6821
v  0.3683 0.1759 -0.9980
v  0.3505 0.1118 -1.0303
v  0.3994 0.1962 -0.9351
v  0.4253 0.1607 -0.8760
v  0.4311 0.0903 -0.8579
v  0.4131 0.0262 -0.8901
v  0.7079 0.0376 -1.2573
v  0.3561 0.0414 -1.0112
v  0.8415 0.0791 -1.3003
v  0.9098 0.0765 -1.3140
v  0.9925 0.0313 -1.2910
v  0.3821 0.0059 -0.9541
v  0.7388 0.0450 -1.3130
v  0.7055 0.0326 -1.2461
v  0.7773 0.0044 -1.3599
v  0.2000 0.0379 -1.7832
v  0.1630 0.0238 -1.7212
v  -0.4870 0.0119 -1.9199
v  -0.5695 0.0567 -1.9722
v  -0.4314 0.1115 -1.9092
v  -0.4252 0.0392 -1.8970
v  -0.7380 0.0224 -2.0020
v  -0.4573 0.1686 -1.8711
v  -0.4876 0.1768 -1.8062
v  -0.2430 0.1081 -1.8252
v  -0.2481 0.0360 -1.8179
v  -0.2563 0.1653 -1.7822
v  -0.2802 0.1739 -1.7129
v  -0.5048 0.1315 -1.7510
v  -0.3007 0.1290 -1.6602
v  -0.4985 0.0591 -1.7393
v  -0.3057 0.0568 -1.6533
v  -0.4727 0.0020 -1.7769
v  0.0900 0.0903 -1.7373
v  0.0852 0.0182 -1.7300
v  0.0808 0.1473 -1.6929
v  0.0631 0.1556 -1.6230
v  0.0472 0.1105 -1.5679
v  0.0425 0.0383 -1.5610
v  0.3975 0.0826 -1.6602
v  0.3971 0.0103 -1.6519
v  0.3864 0.1396 -1.6162
v  0.3705 0.1478 -1.5459
v  0.3589 0.1026 -1.4902
v  0.3586 0.0303 -1.4810
v  0.6678 0.1013 -1.6069
v  0.6589 0.0284 -1.6001
v  0.6666 0.1588 -1.5610
v  0.6558 0.1673 -1.4893
v  0.6419 0.1217 -1.4341
v  0.6330 0.0487 -1.4282
v  0.7402 0.0457 -1.5850
v  0.6754 0.0200 -1.5962
v  0.8237 0.0470 -1.5161
v  0.9359 0.0231 -1.4292
v  0.6984 0.0277 -1.5913
v  0.6813 0.0066 -1.5229
v  0.0687 0.0321 -1.5850
v  -0.3076 0.0163 -1.5171
v  0.0783 0.0125 -1.5161
v  -0.6012 0.0166 -1.5913
v  -0.6013 0.0532 -1.5283
v  -0.6165 0.0361 -1.4580
v  -0.5053 0.0135 -1.5039
v  -0.6183 0.0388 -1.4609
v  -0.4853 0.0381 -1.4941
v  -0.4988 0.1095 -1.4810
v  -0.7909 0.0412 -1.4663
v  -0.5327 0.1614 -1.5190
v  -0.5671 0.1635 -1.5869
v  -0.7929 0.0193 -1.5161
v  -0.2415 0.0667 -1.7271
v  -0.2419 0.1396 -1.7261
v  -0.2819 0.0147 -1.7603
v  -0.5685 0.0432 -1.6582
v  -0.5820 0.1146 -1.6440
v  -0.3804 0.1381 -1.8369
v  -0.3801 0.0652 -1.8369
v  -0.3400 0.1901 -1.8042
v  -0.2827 0.1907 -1.7583
v  0.0261 0.0333 -2.1753
v  0.0269 0.1060 -2.1782
v  -0.3393 0.0140 -1.8062
v  -0.1520 0.0347 -2.2192
v  -0.1512 0.1074 -2.2231
v  -0.0984 0.1583 -2.2119
v  -0.0246 0.1577 -2.1929
v  -0.0029 0.0223 -2.7192
v  -0.0020 0.0950 -2.7202
v  -0.1765 0.0978 -2.6982
v  -0.1775 0.0251 -2.6973
v  -0.1247 0.1484 -2.7051
v  -0.0524 0.1472 -2.7139
v  -0.4211 0.0337 -4.8101
v  -0.4200 0.0541 -4.8110
v  -0.4722 0.0196 -4.7993
v  -0.5921 0.0549 -4.7759
v  -0.5931 0.0345 -4.7749
v  -0.5410 0.0691 -4.7871
v  -0.4697 0.0687 -4.8013
v  -0.5435 0.0199 -4.7852
v  0.1655 0.2689 1.2109
v  0.3108 0.2314 1.2021
v  0.2197 0.2270 0.8501
v  0.3485 0.1533 0.8530
v  0.2189 0.1584 0.7158
v  0.3478 0.1646 1.2139
v  0.0882 0.2596 1.5859
v  0.2172 0.1858 1.5889
v  0.0331 0.2044 1.7568
v  -0.0029 0.2552 1.2339
v  -0.0965 0.2096 1.6211
v  -0.0958 0.1982 1.2588
v  0.0349 0.1770 0.8838
v  0.0865 0.0939 1.2627
v  0.1637 0.1033 0.8867
v  0.2549 0.1077 1.2388
v  0.0324 0.1358 1.6230
v  -0.0587 0.1314 1.2710
v  -0.0299 0.0945 -0.2690
v  0.0956 0.0570 -0.3433
v  -0.1462 0.0526 -0.6152
v  -0.0303 0.0245 -0.6719
v  -0.2080 0.0296 -0.7339
v  0.1339 0.0359 -0.3501
v  0.0728 0.0851 0.1001
v  0.1886 0.0570 0.0430
v  0.1017 0.0300 0.2769
v  -0.1689 0.0807 -0.1719
v  -0.0759 0.0351 0.2148
v  -0.2401 0.0238 -0.1069
v  -0.2948 0.0483 -0.5000
v  0.0399 0.0070 0.1577
v  -0.2018 0.0027 -0.1133
v  0.1081 0.1108 -1.6753
v  0.2528 0.0733 -1.6602
v  0.2192 0.0689 -2.0220
v  0.2875 0.0066 -1.6421
v  -0.0283 0.1015 -1.3159
v  0.0986 0.0277 -1.2930
v  -0.1101 0.0463 -1.1562
v  -0.0619 0.0971 -1.6782
v  -0.2161 0.0515 -1.3110
v  -0.1576 0.0401 -1.6680
v  0.0313 0.0190 -2.0171
v  -0.0794 0.1108 -2.8599
v  0.0447 0.0733 -2.9360
v  -0.2016 0.0689 -3.2041
v  -0.0868 0.0189 -3.2632
v  0.0829 0.0066 -2.9429
v  0.0296 0.1015 -2.4932
v  0.1444 0.0277 -2.5513
v  0.0615 0.0463 -2.3159
v  -0.2167 0.0971 -2.7603
v  -0.1171 0.0515 -2.3750
v  -0.2868 0.0401 -2.6938
v  -0.3483 0.0190 -3.0859
v  -0.0023 0.0014 -2.4331
v  -0.1630 0.5309 5.3809
v  -0.2802 0.3984 5.3599
v  -0.1484 0.4699 5.7070
v  -0.2238 0.2511 5.6929
v  -0.0718 0.4286 5.8521
v  -0.2697 0.2214 5.3618
v  -0.1185 0.4699 5.0669
v  -0.1939 0.2511 5.0527
v  -0.0351 0.4493 4.9609
v  0.0132 0.5415 5.4131
v  0.0994 0.3942 5.1060
v  0.1453 0.4238 5.4370
v  0.0696 0.3942 5.7461
v  0.0386 0.1143 5.4180
v  -0.0059 0.1753 5.7329
v  -0.1376 0.1038 5.3857
v  0.0240 0.1753 5.0918
v  0.1558 0.2469 5.4390
# 1734 vertices

vn 0.9939 -0.0304 -0.1061
vn 0.9958 -0.0422 0.0811
vn 0.0374 0.0000 -0.9993
vn 0.0108 0.0000 -0.9999
vn -0.9625 -0.0441 -0.2676
vn -0.9194 -0.0372 -0.3915
vn -0.3200 -0.0243 -0.9471
vn 0.0277 -0.1263 -0.9916
vn 0.8904 0.0002 -0.4551
vn -0.9951 0.0000 0.0985
vn -0.9814 0.0003 -0.1920
vn -0.6060 -0.1918 0.7720
vn -0.7159 0.0334 0.6974
vn -0.7987 -0.0000 0.6017
vn 0.8004 -0.0000 0.5995
vn 0.7260 -0.0412 0.6865
vn 0.6416 0.1197 0.7577
vn -0.1067 -0.6585 0.7450
vn 0.0000 -0.7071 0.7071
vn -0.1184 -0.7303 0.6728
vn 0.1067 -0.6585 0.7450
vn 0.1184 -0.7303 0.6728
vn -0.1185 -0.7303 -0.6728
vn 0.0000 -0.7071 -0.7071
vn -0.1185 -0.7303 0.6728
vn 0.1184 -0.7303 -0.6728
vn -0.5561 -0.5549 0.6188
vn -0.4019 -0.4010 0.8232
vn 0.4018 -0.4010 0.8232
vn 0.4018 -0.4010 -0.8232
vn 0.1067 -0.6585 -0.7450
vn -0.5556 -0.5553 0.6189
vn -0.5556 -0.5553 -0.6189
vn 0.5561 -0.5550 -0.6187
vn 0.5561 -0.5550 0.6187
vn -0.1067 -0.6585 -0.7450
vn -0.1184 -0.7303 -0.6728
vn -0.4019 -0.4010 -0.8232
vn -0.5561 -0.5549 -0.6188
vn 0.5556 -0.5553 -0.6189
vn 0.5556 -0.5553 0.6189
vn 0.7663 0.0000 0.6425
vn 0.6194 0.0001 0.7851
vn -0.7663 0.0000 -0.6425
vn -0.6194 0.0001 -0.7851
vn -0.2783 -0.8505 -0.4464
vn -0.0152 -0.6605 -0.7507
vn -0.0215 -0.9899 -0.1404
vn -0.3115 -0.9495 0.0374
vn 0.2829 -0.8032 -0.5242
vn 0.3104 -0.9499 -0.0361
vn 0.0363 -0.9651 -0.2594
vn -0.1533 -0.9873 -0.0409
vn -0.1441 -0.9810 -0.1302
vn 0.0308 -0.9462 -0.3220
vn -0.1425 -0.9875 -0.0674
vn -0.0274 -0.9619 -0.2720
vn 0.2351 -0.9715 -0.0284
vn -0.0216 -0.9967 -0.0785
vn -0.1809 -0.9833 0.0200
vn 0.1443 -0.9895 0.0051
vn -0.0313 -0.9995 0.0108
vn -0.2303 -0.9731 0.0098
vn -0.0093 -0.9943 0.1065
vn 0.0878 -0.9921 0.0892
vn 0.0843 -0.9935 0.0760
vn -0.2423 -0.9699 0.0263
vn -0.0510 -0.9824 -0.1796
vn -0.0030 -0.9991 -0.0420
vn -0.2770 -0.9594 0.0528
vn 0.1804 -0.9821 -0.0548
vn 0.2362 -0.9700 -0.0568
vn -0.0179 -0.7757 0.6309
vn -0.3126 -0.7002 0.6419
vn 0.2980 -0.7317 0.6130
vn -0.0242 -0.7780 -0.6279
vn 0.2235 -0.9698 -0.0981
vn 0.9354 0.0002 -0.3536
vn 0.1523 -0.6890 -0.7085
vn 0.3015 -0.8510 -0.4299
vn 0.0443 -0.7966 -0.6029
vn -0.1458 -0.9770 -0.1554
vn -0.0307 -0.8322 -0.5536
vn 0.0098 -0.5809 -0.8139
vn -0.3083 -0.8187 -0.4845
vn 0.0944 -0.9807 -0.1715
vn -0.0100 -0.9974 -0.0710
vn -0.1643 -0.9864 0.0111
vn 0.1826 -0.9820 -0.0475
vn -0.1467 -0.9890 0.0162
vn 0.2191 -0.9755 -0.0198
vn -0.1186 -0.9885 0.0939
vn 0.0520 -0.9980 0.0348
vn 0.1565 -0.9877 0.0004
vn 0.2169 -0.9760 0.0164
vn -0.2476 -0.9688 0.0050
vn 0.1214 -0.9922 -0.0270
vn -0.1982 -0.9801 0.0127
vn 0.0969 -0.9903 -0.0996
vn -0.2582 -0.9651 -0.0442
vn 0.3562 -0.6549 -0.6665
vn 0.5759 -0.7980 0.1777
vn 0.7056 -0.6002 0.3766
vn 0.9311 0.0000 0.3648
vn 0.4365 0.0001 0.8997
vn 0.2011 -0.2288 0.9525
vn -0.6284 -0.7065 0.3256
vn -0.4130 -0.7165 -0.5622
vn -0.2679 -0.2337 -0.9347
vn -0.7520 0.0001 -0.6592
vn -0.1522 -0.6359 -0.7566
vn -0.0033 -0.1263 0.9920
vn -0.2023 -0.2161 0.9552
vn 0.1784 -0.1769 -0.9679
vn -0.6786 -0.5848 0.4444
vn -0.2691 -0.8350 -0.4799
vn -0.4932 -0.8588 0.1384
vn -0.6511 -0.5222 0.5507
vn -0.6609 -0.4867 -0.5713
vn -0.0295 -0.8766 0.4804
vn 0.0108 0.0000 0.9999
vn -0.4764 -0.4885 -0.7310
vn 0.0232 -0.7344 -0.6783
vn -0.0028 -0.9987 0.0502
vn 0.5117 -0.4871 -0.7077
vn 0.2715 -0.8897 -0.3670
vn 0.4920 -0.8577 0.1492
vn 0.6751 -0.4956 0.5465
vn 0.6006 -0.4879 -0.6335
vn 0.2465 0.0000 -0.9691
vn 0.7207 0.0000 -0.6932
vn -0.2652 0.0000 -0.9642
vn -0.4453 0.0000 -0.8954
vn 0.0000 0.0000 1.0000
vn -0.7661 0.0001 0.6428
vn 0.7661 0.0001 0.6428
vn 0.0000 0.0000 -1.0000
vn 0.7661 0.0001 -0.6428
vn -0.7661 0.0001 -0.6428
vn 0.7663 0.0000 -0.6425
vn -0.6194 0.0001 0.7851
vn 0.6194 0.0001 -0.7851
vn -0.7663 0.0000 0.6425
vn -0.4357 0.0000 0.9001
vn 0.7449 -0.0000 -0.6672
vn -0.9216 0.0002 0.3880
vn 0.9759 0.0000 -0.2181
vn 0.9904 0.0000 -0.1380
vn 0.9628 0.0000 -0.2702
vn -0.9890 -0.0000 0.1479
vn -0.9990 0.0000 -0.0436
vn -0.9964 0.0000 0.0843
vn -0.7710 0.0000 -0.6369
vn 0.4860 0.0000 -0.8739
vn 0.0246 0.0000 -0.9997
vn 0.0067 -0.1836 -0.9830
vn 0.4007 -0.6383 -0.6573
vn -0.4794 -0.6536 -0.5856
vn -0.5576 -0.1150 -0.8221
vn 0.6106 -0.7919 0.0121
vn -0.4805 -0.8762 -0.0386
vn 0.4982 -0.5200 0.6938
vn -0.5641 -0.6518 0.5070
vn 0.1332 0.0085 0.9911
vn -0.6748 -0.1109 0.7296
vn -0.2791 0.5266 0.8030
vn -0.7599 0.4260 0.4910
vn -0.5916 0.8005 0.0959
vn -0.7554 0.6530 -0.0552
vn -0.4479 0.4470 -0.7743
vn -0.6746 0.4293 -0.6005
vn 0.0064 0.0282 -0.9996
vn 0.6809 -0.0599 -0.7299
vn 0.9968 -0.0510 -0.0619
vn 0.7846 0.0001 0.6200
vn 0.1845 0.0000 0.9828
vn -0.6359 0.0000 0.7718
vn -0.9964 -0.0002 -0.0849
vn -0.6409 0.0000 -0.7676
vn -0.4462 0.0002 -0.8949
vn -0.1699 -0.0049 -0.9855
vn 0.6244 -0.0031 -0.7811
vn 0.9999 -0.0029 0.0132
vn 0.3559 0.4217 -0.8340
vn -0.1445 -0.0533 -0.9881
vn -0.1833 0.0899 -0.9789
vn 0.5680 0.1698 -0.8053
vn -0.5797 -0.5039 -0.6404
vn -0.8087 -0.0369 -0.5871
vn -0.7153 -0.6960 0.0631
vn -0.9816 -0.1411 0.1289
vn -0.4711 -0.5136 0.7172
vn -0.6186 -0.1666 0.7678
vn 0.0090 -0.0821 0.9966
vn 0.0872 -0.1020 0.9909
vn 0.5275 0.4498 0.7207
vn 0.7658 0.0283 0.6425
vn 0.7037 0.6958 -0.1437
vn 0.9833 0.1417 -0.1143
vn 0.1621 0.6253 -0.7633
vn 0.0040 -0.0987 -0.9951
vn -0.1520 -0.7473 -0.6469
vn -0.2220 -0.9734 0.0564
vn -0.1676 -0.6595 0.7328
vn -0.0208 0.0277 0.9994
vn 0.1423 0.7118 0.6878
vn 0.2223 0.9735 -0.0536
vn -0.1348 0.6727 -0.7276
vn -0.1322 -0.0890 -0.9872
vn -0.0502 -0.7698 -0.6363
vn 0.0587 -0.9959 0.0683
vn 0.1346 -0.6751 0.7253
vn 0.1378 0.0156 0.9903
vn 0.0631 0.7077 0.7037
vn -0.0492 0.9988 0.0005
vn -0.4957 0.5066 -0.7055
vn -0.2124 -0.1446 -0.9664
vn 0.1789 -0.6965 -0.6949
vn 0.4749 -0.8788 -0.0457
vn 0.5140 -0.5843 0.6280
vn 0.2803 0.0186 0.9597
vn -0.1237 0.6365 0.7613
vn -0.4790 0.8772 0.0343
vn -0.7471 0.2375 -0.6208
vn -0.1582 -0.0949 -0.9828
vn 0.4903 -0.3634 -0.7922
vn 0.8815 -0.4374 -0.1779
vn 0.8000 -0.2771 0.5321
vn 0.2939 0.0284 0.9554
vn -0.3995 0.3327 0.8542
vn -0.8805 0.4383 0.1806
vn -0.8343 -0.0000 -0.5513
vn -0.2079 -0.0000 -0.9781
vn 0.5252 -0.0000 -0.8510
vn 0.9676 0.0000 -0.2525
vn 0.8686 0.0000 0.4955
vn 0.2682 0.0000 0.9634
vn -0.5070 0.0000 0.8619
vn -0.9765 0.0000 0.2155
vn 0.8979 -0.1191 0.4238
vn 0.5729 0.1384 0.8079
vn 0.6199 0.7613 0.1900
vn 0.8868 0.4289 -0.1720
vn 0.2090 0.8060 -0.5538
vn 0.3530 0.6795 -0.6432
vn -0.2834 0.3628 -0.8877
vn -0.3752 0.5703 -0.7307
vn -0.6133 -0.2501 -0.7492
vn -0.8926 0.1309 -0.4314
vn -0.6268 -0.7499 -0.2117
vn -0.9214 -0.3758 0.0988
vn -0.3064 -0.8460 0.4363
vn -0.4520 -0.6786 0.5790
vn 0.1624 -0.5090 0.8453
vn 0.3019 -0.6000 0.7409
vn 0.0785 0.3511 0.9331
vn 0.0291 0.9402 0.3394
vn -0.0343 0.8949 -0.4449
vn -0.0760 0.3391 -0.9377
vn -0.0767 -0.3927 -0.9164
vn -0.0346 -0.9149 -0.4022
vn 0.0259 -0.9422 0.3340
vn 0.0743 -0.4462 0.8918
vn 0.1650 0.3551 0.9202
vn -0.0821 0.8690 0.4880
vn -0.2875 0.9361 -0.2028
vn -0.3414 0.4071 -0.8472
vn -0.1236 -0.4580 -0.8803
vn 0.1577 -0.9319 -0.3265
vn 0.3340 -0.8691 0.3648
vn 0.3387 -0.3536 0.8719
vn 0.2808 0.3365 0.8988
vn -0.4429 0.7059 0.5528
vn -0.8297 0.5063 -0.2352
vn -0.6395 0.0204 -0.7685
vn -0.1395 -0.4443 -0.8849
vn 0.4454 -0.7092 -0.5466
vn 0.7975 -0.5967 0.0890
vn 0.7300 -0.1864 0.6575
vn 0.1879 0.0000 0.9822
vn -0.5930 -0.0001 0.8052
vn -0.9983 -0.0001 0.0578
vn -0.9564 0.0000 -0.2921
vn -0.7945 -0.2037 -0.5721
vn -0.0670 -0.3185 -0.9456
vn 0.6448 -0.2511 -0.7219
vn 0.8697 -0.0000 -0.4935
vn 0.9913 0.0000 -0.1316
vn 0.8106 -0.0000 0.5856
vn -0.8236 0.0000 -0.5671
vn -0.2052 -0.0000 -0.9787
vn 0.4976 0.0000 -0.8674
vn -0.6129 -0.7339 0.2927
vn -0.1406 -0.5418 0.8287
vn -0.3418 -0.0428 0.9388
vn -0.8945 -0.0352 0.4456
vn 0.3802 -0.0819 0.9213
vn 0.3877 -0.0521 0.9203
vn 0.7221 0.4314 0.5409
vn 0.9265 -0.0101 0.3762
vn 0.6165 0.7336 -0.2859
vn 0.8787 0.0363 -0.4760
vn 0.0257 0.4576 -0.8888
vn 0.2239 0.0489 -0.9734
vn -0.5064 -0.0676 -0.8597
vn -0.5143 0.0344 -0.8569
vn -0.7507 -0.5295 -0.3950
vn -0.9585 0.0010 -0.2850
vn -0.1413 -0.9892 0.0403
vn 0.2581 -0.7432 0.6172
vn 0.5138 -0.0858 0.8536
vn 0.4829 0.6310 0.6071
vn 0.1599 0.9871 -0.0086
vn -0.2670 0.7300 -0.6291
vn -0.5264 0.0119 -0.8501
vn -0.4629 -0.6886 -0.5581
vn 0.0546 -0.9931 -0.1039
vn 0.4662 -0.7468 0.4744
vn 0.6147 -0.0824 0.7845
vn 0.4126 0.6398 0.6485
vn -0.0446 0.9921 0.1169
vn -0.4724 0.7356 -0.4855
vn -0.6119 0.0303 -0.7904
vn -0.3878 -0.6808 -0.6214
vn -0.1727 -0.9834 0.0550
vn 0.3675 -0.6727 0.6422
vn 0.6388 0.0294 0.7688
vn 0.5454 0.6845 0.4838
vn 0.1670 0.9835 -0.0694
vn -0.3064 0.7549 -0.5799
vn -0.6057 0.1409 -0.7831
vn -0.5904 -0.5727 -0.5687
vn -0.4401 -0.8505 0.2880
vn 0.1102 -0.6297 0.7690
vn 0.6053 -0.0501 0.7944
vn 0.7408 0.5658 0.3621
vn 0.4467 0.8496 -0.2806
vn -0.1111 0.6352 -0.7643
vn -0.6008 0.0465 -0.7980
vn -0.7406 -0.5671 -0.3605
vn -0.4395 -0.8549 0.2758
vn 0.1222 -0.6420 0.7569
vn 0.6088 -0.0507 0.7917
vn 0.7371 0.5694 0.3639
vn 0.4331 0.8562 -0.2815
vn -0.1259 0.6396 -0.7583
vn -0.6041 0.0501 -0.7953
vn -0.7384 -0.5663 -0.3662
vn -0.4142 -0.8670 0.2770
vn 0.1437 -0.6542 0.7426
vn 0.6143 -0.0632 0.7865
vn 0.7347 0.5674 0.3718
vn 0.4246 0.8665 -0.2626
vn -0.1439 0.6524 -0.7441
vn -0.6227 0.0557 -0.7805
vn -0.7332 -0.5742 -0.3644
vn -0.3964 -0.8844 0.2464
vn 0.1606 -0.6741 0.7210
vn 0.6252 -0.0741 0.7770
vn 0.7293 0.5715 0.3762
vn 0.3975 0.8839 -0.2462
vn -0.1649 0.6701 -0.7237
vn -0.6380 0.0678 -0.7671
vn -0.7238 -0.5801 -0.3736
vn -0.3486 -0.9117 0.2177
vn 0.2114 -0.7025 0.6795
vn 0.6497 -0.0891 0.7550
vn 0.7157 0.5791 0.3903
vn 0.3624 0.9100 -0.2016
vn -0.2108 0.7039 -0.6783
vn -0.6581 0.0723 -0.7495
vn -0.7097 -0.5986 -0.3714
vn -0.2788 -0.9501 0.1401
vn 0.2886 -0.7520 0.5926
vn 0.6927 -0.1239 0.7105
vn 0.7014 0.5795 0.4149
vn 0.2911 0.9481 -0.1276
vn -0.2984 0.7428 -0.5993
vn -0.7036 0.0875 -0.7052
vn -0.6904 -0.6091 -0.3904
vn -0.1808 -0.9829 0.0356
vn 0.3973 -0.7864 0.4731
vn 0.7558 -0.1449 0.6386
vn 0.6784 0.5884 0.4401
vn 0.1935 0.9808 -0.0235
vn -0.4060 0.7793 -0.4773
vn -0.7615 0.1050 -0.6396
vn -0.6613 -0.6213 -0.4204
vn -0.1110 -0.9924 -0.0528
vn 0.4848 -0.7935 0.3677
vn 0.7996 -0.1388 0.5843
vn 0.6590 0.5974 0.4570
vn 0.1289 0.9892 0.0694
vn -0.4805 0.7933 -0.3739
vn -0.8011 0.1254 -0.5853
vn -0.6488 -0.6162 -0.4466
vn -0.0803 -0.9907 -0.1095
vn 0.5270 -0.7966 0.2962
vn 0.8336 -0.1368 0.5351
vn 0.6540 0.6016 0.4587
vn 0.0935 0.9888 0.1167
vn -0.5258 0.7964 -0.2987
vn -0.8318 0.1289 -0.5399
vn -0.6416 -0.6112 -0.4635
vn -0.0556 -0.9866 -0.1536
vn 0.5627 -0.7881 0.2497
vn 0.8588 -0.1318 0.4950
vn 0.6459 0.6006 0.4713
vn 0.0622 0.9858 0.1559
vn -0.5688 0.7860 -0.2424
vn -0.8566 0.1219 -0.5013
vn -0.6390 -0.6121 -0.4659
vn -0.0370 -0.9820 -0.1854
vn 0.5900 -0.7808 0.2053
vn 0.8682 -0.1305 0.4788
vn 0.6457 0.5987 0.4740
vn 0.0446 0.9813 0.1875
vn -0.5865 0.7830 -0.2072
vn -0.8737 0.1194 -0.4716
vn -0.6428 -0.6107 -0.4625
vn -0.0238 -0.9789 -0.2028
vn 0.6020 -0.7795 0.1730
vn 0.8818 -0.1234 0.4553
vn 0.6446 0.6050 0.4674
vn 0.0285 0.9782 0.2057
vn -0.6005 0.7799 -0.1768
vn -0.8843 0.1195 -0.4513
vn -0.6418 -0.6105 -0.4641
vn -0.0225 -0.9753 -0.2199
vn 0.6140 -0.7730 0.1598
vn 0.8887 -0.1225 0.4419
vn 0.6425 0.6029 0.4730
vn 0.0196 0.9752 0.2206
vn -0.6112 0.7762 -0.1545
vn -0.8858 0.1190 -0.4486
vn -0.6419 -0.6085 -0.4666
vn -0.0042 -0.9826 -0.1859
vn 0.6518 -0.7505 0.1092
vn 0.9340 -0.0951 0.3444
vn 0.6916 0.6137 0.3808
vn 0.0575 0.9774 0.2033
vn -0.6211 0.7785 -0.0905
vn -0.9317 0.1118 -0.3455
vn -0.6749 -0.6358 -0.3745
vn 0.0443 -0.9096 -0.4131
vn 0.6643 -0.7441 -0.0704
vn 0.9327 -0.1711 0.3174
vn 0.6439 0.5436 0.5384
vn -0.1044 0.9129 0.3946
vn -0.7464 0.6654 -0.0031
vn -0.9275 0.0565 -0.3695
vn -0.6059 -0.5823 -0.5420
vn 0.2079 -0.6944 -0.6889
vn 0.7797 -0.5855 -0.2219
vn 0.9153 -0.1511 0.3733
vn 0.5339 0.3688 0.7608
vn -0.1722 0.6855 0.7074
vn -0.7865 0.5805 0.2109
vn -0.9048 0.1147 -0.4100
vn -0.4820 -0.4089 -0.7749
vn 0.0990 -0.7320 -0.6740
vn 0.7141 -0.6906 -0.1148
vn 0.8326 -0.1797 0.5239
vn 0.4340 0.4139 0.8002
vn -0.1871 0.7585 0.6242
vn -0.7119 0.6930 0.1135
vn -0.8516 0.2546 -0.4582
vn -0.5346 -0.3162 -0.7838
vn 0.0763 -0.8214 -0.5653
vn 0.5466 -0.8370 0.0263
vn 0.7049 -0.3680 0.6064
vn 0.4468 0.3232 0.8342
vn -0.0809 0.8251 0.5592
vn -0.5592 0.8276 -0.0499
vn -0.7028 0.3425 -0.6235
vn -0.4384 -0.3367 -0.8333
vn 0.2399 -0.6337 -0.7355
vn 0.8032 -0.3708 -0.4662
vn 0.9970 0.0000 0.0768
vn 0.8541 0.0000 0.5201
vn 0.5457 0.0000 0.8380
vn -0.0546 -0.0007 0.9985
vn -0.9944 0.0000 -0.1060
vn -0.9986 0.0000 -0.0530
vn -0.9422 -0.2516 -0.2211
vn -0.3215 -0.6420 -0.6961
vn -0.0895 0.0000 -0.9960
vn 0.3892 0.0000 -0.9211
vn -0.9613 -0.0000 0.2756
vn -0.8084 -0.0000 -0.5886
vn -0.3813 -0.6804 0.6259
vn 0.1078 -0.2860 0.9521
vn 0.1555 -0.6298 0.7611
vn -0.4616 -0.4235 0.7795
vn -0.0962 -0.8775 -0.4698
vn -0.5279 0.7253 0.4419
vn 0.9261 -0.0024 0.3773
vn -0.2486 0.1487 -0.9571
vn -0.1059 0.1041 -0.9889
vn -0.2413 -0.6140 -0.7515
vn -0.6299 -0.3916 -0.6707
vn -0.2360 -0.9674 -0.0921
vn -0.6836 -0.7297 -0.0176
vn -0.0985 -0.7779 0.6206
vn 0.0948 -0.1561 0.9832
vn 0.2343 0.5588 0.7955
vn 0.2393 0.9625 0.1277
vn 0.9663 0.0000 0.2576
vn 0.0560 0.9781 0.2004
vn -0.2044 0.8220 -0.5316
vn 0.0976 0.7744 -0.6251
vn -0.3361 0.1313 -0.9326
vn -0.2553 -0.6245 -0.7381
vn -0.0284 -0.9920 -0.1227
vn 0.2131 -0.8051 0.5535
vn 0.3358 -0.1754 0.9255
vn 0.2749 0.5513 0.7877
vn 0.0150 0.9847 0.1734
vn -0.3428 0.8118 -0.4726
vn -0.5029 0.1678 -0.8479
vn -0.3690 -0.5798 -0.7264
vn -0.0124 -0.9857 -0.1681
vn 0.3514 -0.7974 0.4906
vn 0.5028 -0.1398 0.8530
vn 0.3635 0.5933 0.7182
vn 0.0299 0.9841 0.1753
vn -0.4559 0.7768 -0.4344
vn -0.5515 0.1050 -0.8275
vn -0.4062 -0.6068 -0.6832
vn -0.0129 -0.9881 -0.1533
vn 0.3839 -0.8009 0.4595
vn 0.5611 -0.1528 0.8135
vn 0.4160 0.5839 0.6971
vn 0.4021 0.0000 0.9156
vn -0.9261 0.0000 0.3774
vn -0.5908 -0.0000 -0.8068
vn -0.5425 0.0000 -0.8400
vn -0.2223 -0.4705 -0.8540
vn 0.2592 -0.8960 -0.3605
vn 0.6750 -0.7121 0.1932
vn 0.7737 -0.1425 0.6173
vn 0.4623 0.5153 0.7216
vn 0.2328 0.0000 0.9725
vn -0.4494 0.0000 -0.8933
vn 0.3946 0.0001 -0.9188
vn 0.9607 0.0000 -0.2777
vn 0.9565 0.0002 0.2917
vn 0.4949 0.0000 0.8689
vn -0.0286 -0.9672 0.2523
vn -0.9409 -0.0000 0.3387
vn -0.1965 -0.0000 -0.9805
vn -0.6049 -0.7564 -0.2489
vn -0.0222 -0.9856 0.1674
vn -0.0580 -0.8835 0.4649
vn -0.6794 -0.6632 0.3139
vn 0.5839 -0.6448 0.4933
vn 0.6042 -0.5763 0.5503
vn 0.8386 0.0396 0.5433
vn 0.9003 -0.0000 0.4352
vn 0.9884 0.0001 0.1521
vn -0.7889 -0.1199 -0.6027
vn -0.5268 -0.7836 -0.3293
vn -0.8457 -0.1040 -0.5234
vn 0.0368 -0.9904 0.1336
vn 0.5797 -0.6268 0.5207
vn 0.7888 0.0974 0.6069
vn 0.8156 0.0000 0.5787
vn 0.9188 0.0000 0.3947
vn -0.5651 0.5962 -0.5703
vn -0.6844 -0.1291 -0.7176
vn -0.5812 0.6221 -0.5247
vn -0.4271 -0.7705 -0.4731
vn 0.0677 -0.9974 0.0230
vn 0.5388 -0.6584 0.5255
vn 0.6860 0.0978 0.7210
vn 0.4052 0.7935 0.4541
vn 0.8218 -0.0022 0.5698
vn -0.5886 0.0000 -0.8085
vn -0.4405 0.0000 -0.8978
vn -0.4437 -0.0965 -0.8910
vn -0.2859 -0.7632 -0.5795
vn 0.0525 -0.9958 0.0747
vn 0.3578 -0.6198 0.6985
vn 0.4317 0.1570 0.8883
vn 0.4339 -0.0000 0.9010
vn 0.4956 -0.0026 0.8686
vn 0.6397 -0.0013 0.7686
vn -0.4181 -0.1603 -0.8941
vn -0.2216 -0.8108 -0.5417
vn 0.1112 -0.9882 0.1049
vn 0.3838 -0.6174 0.6866
vn 0.4533 0.0948 0.8863
vn 0.2500 0.7607 0.5990
vn 0.4869 -0.0000 0.8735
vn -0.5826 -0.0000 -0.8128
vn -0.2684 0.0000 -0.9633
vn -0.2055 0.3256 -0.9229
vn -0.3609 0.6100 -0.7054
vn -0.1259 -0.8184 -0.5606
vn 0.3646 -0.7572 -0.5419
vn 0.9607 -0.1906 -0.2016
vn 0.9040 0.0000 0.4275
vn 0.6192 0.0001 0.7853
vn 0.5051 0.0000 0.8631
vn -0.9951 -0.0077 -0.0982
vn -0.1120 0.9925 -0.0494
vn -0.1358 -0.9598 -0.2455
vn 0.3373 -0.7574 0.5591
vn 0.3229 -0.5039 -0.8011
vn 0.4669 0.0000 -0.8843
vn 0.3593 0.0000 -0.9332
vn -0.9536 -0.0000 0.3010
vn -0.6208 0.0000 -0.7840
vn 0.5525 0.0000 -0.8335
vn 0.8518 0.0000 0.5239
vn 0.1298 -0.9743 -0.1841
vn 0.5293 -0.0000 -0.8484
vn -0.6369 0.0004 0.7709
vn -0.8884 -0.0000 -0.4591
vn -0.2495 -0.8579 0.4493
vn 0.9806 -0.1812 -0.0754
vn 0.4148 0.4368 -0.7982
vn 0.3425 -0.3078 -0.8876
vn 0.0707 -0.7501 -0.6575
vn 0.0216 -0.8666 -0.4986
vn -0.5403 -0.6498 -0.5346
vn -0.3346 -0.9305 0.1491
vn -0.9788 0.0001 0.2048
vn -0.9461 0.0009 -0.3238
vn 0.2729 0.4953 -0.8247
vn 0.3280 -0.2797 -0.9023
vn 0.1842 -0.8812 -0.4354
vn -0.0675 -0.9562 0.2848
vn -0.2777 -0.4796 0.8324
vn -0.5064 -0.4868 0.7118
vn -0.3287 0.2655 0.9064
vn -0.4281 0.2311 0.8737
vn -0.3490 0.0000 0.9371
vn -0.4007 0.0120 0.9161
vn -0.1200 0.8548 0.5049
vn -0.0147 -0.0021 0.9999
vn 0.1993 0.4878 -0.8499
vn 0.2499 -0.2725 -0.9291
vn 0.1534 -0.8737 -0.4617
vn -0.0328 -0.9610 0.2748
vn -0.2006 -0.4810 0.8535
vn -0.2510 0.2838 0.9255
vn -0.2795 -0.0000 0.9601
vn 0.2002 0.4955 -0.8452
vn 0.2048 -0.2668 -0.9417
vn 0.0876 -0.8740 -0.4779
vn -0.0821 -0.9586 0.2728
vn -0.2013 -0.4788 0.8545
vn -0.2026 0.2834 0.9374
vn -0.2023 0.0000 0.9793
vn 0.1127 0.4245 -0.8984
vn 0.3253 -0.3206 -0.8896
vn 0.3247 -0.8521 -0.4105
vn 0.1345 -0.9485 0.2869
vn -0.0624 -0.5189 0.8526
vn -0.2234 0.2171 0.9502
vn -0.2979 -0.0005 0.9546
vn 0.1846 0.6159 -0.7659
vn 0.3959 -0.5327 -0.7480
vn 0.5809 -0.5121 -0.6327
vn 0.9681 -0.2317 0.0952
vn 0.5599 -0.0000 0.8285
vn 0.2236 0.0000 0.9747
vn -0.2293 0.0000 0.9734
vn 0.8835 -0.4421 0.1548
vn -0.3359 0.0000 -0.9419
vn 0.0941 0.0004 -0.9956
vn 0.7171 0.0000 -0.6969
vn 0.8019 0.0000 -0.5974
vn -0.5053 0.0022 0.8629
vn -0.9745 0.0000 -0.2243
vn 0.8075 -0.4139 0.4204
vn 0.9893 0.0001 -0.1460
vn 0.0003 -0.9921 -0.1253
vn -0.1116 0.0006 -0.9937
vn 0.0307 0.0010 0.9995
vn 0.2230 -0.0000 0.9748
vn 0.0351 -0.9945 -0.0982
vn 0.1000 -0.7920 0.6023
vn 0.0130 -0.0000 -0.9999
vn -0.8739 -0.4849 -0.0342
vn -0.8711 -0.3276 -0.3660
vn 0.2328 0.0013 -0.9725
vn 0.2548 0.8226 0.5083
vn -0.0228 -0.7263 0.6870
vn 0.1017 -0.5055 0.8568
vn -0.2963 0.0000 0.9551
vn -0.6323 -0.0015 0.7747
vn -0.9467 0.0007 -0.3220
vn 0.3342 -0.3381 0.8798
vn 0.3597 0.3612 0.8603
vn 0.6769 0.0000 0.7360
vn -0.4095 -0.9062 -0.1051
vn 0.0054 -0.8656 0.5006
vn -0.8352 -0.2286 0.5002
vn -0.9753 0.0269 -0.2194
vn 0.7181 -0.3883 0.5775
vn 0.7320 0.3597 0.5787
vn 0.3326 0.9081 0.2544
vn 0.7895 0.0000 0.6138
vn -0.4032 0.2894 -0.8682
vn -0.7198 0.3796 -0.5812
vn -0.7164 -0.4095 -0.5648
vn -0.6227 -0.4613 -0.6320
vn -0.2807 -0.9359 -0.2127
vn 0.3043 -0.9183 0.2531
vn 0.9092 -0.3612 0.2074
vn 0.8959 0.3751 0.2379
vn 0.9549 0.0000 0.2970
vn 0.7985 0.0000 0.6020
vn -0.9131 -0.0018 -0.4077
vn -0.2749 0.9340 -0.2280
vn -0.9783 -0.0006 -0.2074
vn -0.8834 0.4244 -0.1985
vn -0.8779 -0.4179 -0.2337
vn -0.2849 -0.9517 -0.1148
vn 0.4344 -0.8983 0.0661
vn 0.9232 -0.3640 -0.1236
vn 0.9129 0.3926 -0.1119
vn 0.9920 -0.0012 -0.1263
vn -0.9184 0.3775 0.1186
vn -0.9088 -0.4035 0.1062
vn -0.3527 -0.9356 0.0170
vn 0.4035 -0.9118 -0.0766
vn 0.5265 -0.4480 -0.7225
vn 0.4952 0.5166 -0.6985
vn -0.0391 0.7353 -0.6766
vn 0.9711 0.0000 -0.2388
vn -0.7651 0.4756 -0.4341
vn -0.7334 -0.4881 -0.4731
vn -0.2353 -0.6896 -0.6849
vn -0.0330 -0.7136 -0.6997
vn -0.2388 0.7110 -0.6614
vn 0.0832 -0.9961 -0.0311
vn 0.1075 -0.9435 -0.3135
vn 0.6171 -0.7845 0.0608
vn 0.0622 0.0672 -0.9958
vn 0.9059 0.1408 -0.3994
vn 0.9620 0.2203 0.1616
vn 0.1284 -0.9664 0.2225
vn 0.8229 0.0760 0.5631
vn -0.0603 -0.0680 0.9959
vn -0.3372 -0.9354 -0.1064
vn -0.9049 -0.1399 0.4019
vn -0.9620 -0.2200 -0.1620
vn -0.8229 -0.0768 -0.5630
vn -0.0832 0.9960 0.0315
vn 0.3374 0.9354 0.1063
vn -0.1288 0.9663 -0.2230
vn -0.1058 0.9435 0.3139
vn -0.6167 0.7849 -0.0605
vn 0.0596 -0.9961 -0.0657
vn 0.0191 -0.9877 -0.1555
vn 0.3346 -0.9294 -0.1559
vn -0.3795 -0.0431 -0.9242
vn 0.6268 -0.0044 -0.7791
vn 0.9481 -0.0307 -0.3165
vn 0.0831 -0.9844 0.1547
vn 0.9869 -0.1012 0.1257
vn 0.4033 0.0727 0.9122
vn -0.3141 -0.9455 0.0865
vn -0.6268 0.0050 0.7791
vn -0.9522 0.0545 0.3004
vn -0.9664 -0.2220 -0.1292
vn 0.0807 0.9884 0.1285
vn 0.9994 -0.0004 -0.0357
vn 0.9761 -0.0025 0.2173
vn -0.3537 0.9261 0.1315
vn 0.0867 -0.9961 -0.0180
vn 0.1551 -0.9430 -0.2944
vn 0.5985 -0.7854 0.1580
vn 0.2257 0.0002 -0.9742
vn 0.9596 0.0003 -0.2814
vn 0.9969 0.0003 -0.0781
vn 0.9893 -0.0000 0.1460
vn 0.9235 0.2204 0.3140
vn 0.0916 -0.9663 0.2407
vn 0.7235 0.0759 0.6862
vn -0.2191 -0.0686 0.9733
vn -0.3165 -0.9351 -0.1592
vn -0.9577 -0.1404 0.2512
vn -0.9235 -0.2227 -0.3123
vn -0.7229 -0.0774 -0.6866
vn 0.0584 -0.9961 -0.0665
vn -0.1074 -0.9500 -0.2932
vn 0.5733 -0.7880 -0.2243
vn -0.4409 0.0002 -0.8975
vn 0.6182 0.0526 -0.7842
vn 0.8921 0.3305 -0.3080
vn 0.2189 -0.9663 0.1353
vn 0.9823 0.1488 0.1134
vn 0.4090 -0.0138 0.9124
vn -0.3475 -0.9354 0.0650
vn -0.6136 -0.0707 0.7864
vn -0.9387 -0.1249 0.3214
vn -0.9950 0.0028 -0.1002
vn 0.0185 0.9692 0.2456
vn 1.0000 -0.0007 0.0022
vn 0.9538 -0.0078 0.3004
vn -0.4346 -0.9002 -0.0260
vn -0.4739 -0.7819 0.4050
vn -0.9428 -0.3282 -0.0587
vn -0.0401 -0.4339 0.9001
vn -0.7786 0.3643 0.5110
vn -0.8973 0.4384 -0.0525
vn -0.4068 -0.8039 -0.4340
vn -0.6385 0.3723 -0.6736
vn 0.1363 -0.5218 -0.8421
vn 0.3251 -0.9455 0.0200
vn 0.8330 -0.3291 -0.4447
vn 0.8971 -0.4386 0.0524
vn 0.7512 -0.3367 0.5677
vn 0.4348 0.9002 0.0257
vn -0.3253 0.9454 -0.0202
vn 0.2680 0.7265 0.6328
vn 0.4055 0.7090 -0.5770
vn 0.9428 0.3281 0.0585
vn -0.1316 -0.0000 -0.9913
vn 0.6113 -0.0000 -0.7914
vn -0.8067 0.0000 -0.5910
vn -0.9852 0.0000 0.1714
vn -0.5763 -0.0000 0.8172
vn 0.1639 0.0000 0.9865
vn 0.8067 0.0000 0.5909
vn 0.9908 0.0000 -0.1355
vn 0.9937 -0.0000 -0.1120
vn 0.9046 0.0000 0.4263
vn 0.6300 0.0000 -0.7766
vn -0.6081 0.0000 -0.7939
vn -0.9898 0.0000 -0.1424
vn -0.9200 0.0000 0.3919
vn -0.4359 0.0000 0.9000
vn 0.3661 -0.0000 0.9306
vn -0.8660 -0.0006 0.5000
vn -0.2156 -0.0002 0.9765
vn 0.5127 0.0003 0.8585
vn 0.9590 0.0006 0.2834
vn 0.8901 0.0000 -0.4557
vn 0.3401 0.0005 -0.9404
vn -0.3899 0.0000 -0.9208
vn -0.9375 0.0000 -0.3479
vn -0.7570 -0.0000 0.6534
vn -0.2126 -0.0000 0.9771
vn 0.5952 -0.0000 0.8036
vn 1.0000 -0.0000 -0.0017
vn 0.0872 0.0000 -0.9962
vn -0.4353 0.0000 -0.9003
vn -0.9143 0.0001 -0.4049
vn -0.9595 0.0000 0.2817
vn 0.1839 0.0000 -0.9829
vn -0.0023 -0.0000 1.0000
vn 0.9897 -0.0000 0.1433
vn -0.9839 0.0000 0.1790
vn -0.2204 0.0000 0.9754
vn 0.4965 0.0002 0.8681
vn 0.9738 0.0003 0.2275
vn -0.8097 -0.0002 -0.5868
vn -0.9350 0.0004 -0.3547
vn -0.7441 -0.0018 -0.6680
vn -0.6898 -0.0042 -0.7239
vn -0.7238 0.0000 -0.6900
vn -0.2641 0.0000 -0.9645
vn 0.6026 -0.0001 -0.7980
vn -0.5916 0.0000 -0.8062
vn -0.4993 0.0010 0.8664
vn -0.2363 0.0004 0.9717
vn 0.9997 0.0000 -0.0233
vn 0.7288 0.0000 0.6847
vn 0.9269 0.0000 -0.3754
vn 0.0142 0.0010 -0.9999
vn 0.5436 0.0000 -0.8394
vn -0.9697 0.0000 0.2442
vn -0.5903 -0.0000 0.8072
vn -0.1457 -0.0127 0.9892
vn 0.2974 0.0000 -0.9548
vn 0.2017 -0.0000 -0.9794
vn 0.2448 0.0000 -0.9696
vn 0.5597 -0.0000 -0.8287
vn 0.8540 -0.0033 -0.5203
vn 0.8028 0.0025 0.5963
vn 0.3454 0.0011 0.9385
vn 0.1503 0.0017 0.9886
vn 0.3340 -0.0000 0.9426
vn -0.0022 -0.0000 1.0000
vn -0.7705 0.0000 -0.6374
vn -0.7834 0.0000 0.6216
vn -0.1266 0.0005 0.9920
vn -0.3174 0.0000 -0.9483
vn -0.3507 0.0000 -0.9365
vn -0.6397 0.0000 -0.7686
vn -0.5792 -0.0018 -0.8152
vn -0.9923 -0.0000 0.1239
vn -0.9866 0.0000 0.1631
vn 0.9051 0.0000 -0.4252
vn 0.9819 0.0000 -0.1894
vn 0.4687 0.0000 -0.8834
vn -0.8049 -0.0011 -0.5935
vn -0.2257 -0.0029 0.9742
vn -0.9001 0.0000 0.4357
vn -0.9984 0.0000 0.0558
vn -0.9881 0.0000 -0.1537
vn 0.9035 0.0000 0.4286
vn 0.4852 -0.0008 0.8744
vn -0.3645 -0.0008 0.9312
vn 0.8254 -0.0009 0.5646
vn -0.9924 0.0000 -0.1234
vn -0.9561 -0.0006 -0.2930
vn -0.9151 0.0000 0.4032
vn -0.7052 0.0000 -0.7090
vn -0.8915 0.0000 -0.4530
vn 0.8264 0.0000 -0.5631
vn 0.9756 0.0000 -0.2197
vn 0.7024 0.0000 -0.7118
vn -0.1205 -0.0126 0.9926
vn -0.7142 -0.0109 0.6999
vn -0.8727 0.0000 0.4882
vn -0.9364 -0.0007 0.3510
vn -0.9966 0.0000 -0.0826
vn -0.9795 0.0000 0.2013
vn 0.9943 0.0043 -0.1061
vn -0.9200 0.0032 -0.3919
vn -0.3190 0.0090 -0.9477
vn -0.6088 0.1613 0.7767
vn 0.6374 -0.1624 0.7532
vn 0.0000 0.7071 0.7071
vn -0.1069 0.6584 0.7450
vn -0.1186 0.7303 0.6727
vn 0.1186 0.7303 0.6728
vn 0.1069 0.6584 0.7450
vn 0.0000 0.7071 -0.7071
vn -0.1185 0.7303 -0.6728
vn -0.1185 0.7303 0.6728
vn 0.1184 0.7303 0.6728
vn 0.1184 0.7303 -0.6728
vn -0.4020 0.4011 0.8231
vn -0.5561 0.5548 0.6188
vn 0.1069 0.6584 -0.7450
vn 0.4020 0.4011 -0.8231
vn 0.4020 0.4011 0.8231
vn -0.5556 0.5553 -0.6189
vn -0.5556 0.5553 0.6189
vn 0.5561 0.5548 -0.6188
vn 0.1186 0.7303 -0.6728
vn 0.5561 0.5548 0.6188
vn -0.1186 0.7303 -0.6727
vn -0.1069 0.6584 -0.7450
vn -0.5561 0.5548 -0.6188
vn -0.4020 0.4011 -0.8231
vn 0.5556 0.5553 0.6189
vn 0.5556 0.5553 -0.6189
vn -0.0215 0.9899 -0.1403
vn -0.0152 0.6605 -0.7507
vn -0.2784 0.8504 -0.4465
vn -0.3115 0.9495 0.0374
vn 0.3105 0.9499 -0.0364
vn 0.2830 0.8031 -0.5244
vn 0.0363 0.9651 -0.2593
vn 0.0305 0.9461 -0.3223
vn -0.1441 0.9810 -0.1301
vn -0.1533 0.9873 -0.0410
vn -0.0276 0.9619 -0.2719
vn -0.1425 0.9875 -0.0675
vn -0.0213 0.9967 -0.0785
vn 0.2355 0.9715 -0.0285
vn -0.1805 0.9834 0.0196
vn -0.0313 0.9995 0.0108
vn 0.1443 0.9895 0.0051
vn -0.2303 0.9731 0.0098
vn 0.0875 0.9922 0.0893
vn -0.0099 0.9942 0.1069
vn 0.0850 0.9935 0.0760
vn -0.0031 0.9991 -0.0422
vn -0.0509 0.9824 -0.1796
vn -0.2421 0.9699 0.0262
vn -0.2770 0.9594 0.0528
vn 0.2360 0.9701 -0.0568
vn 0.1804 0.9821 -0.0550
vn -0.0179 0.7757 0.6309
vn -0.3126 0.7003 0.6418
vn 0.2980 0.7317 0.6131
vn -0.0243 0.7779 -0.6279
vn 0.2235 0.9698 -0.0981
vn 0.3015 0.8511 -0.4297
vn 0.1523 0.6891 -0.7085
vn 0.0442 0.7966 -0.6029
vn 0.0097 0.5809 -0.8139
vn -0.0309 0.8321 -0.5538
vn -0.1459 0.9770 -0.1556
vn -0.3082 0.8186 -0.4847
vn 0.0944 0.9807 -0.1715
vn -0.0100 0.9974 -0.0710
vn 0.1826 0.9820 -0.0475
vn -0.1647 0.9863 0.0112
vn 0.2191 0.9755 -0.0198
vn -0.1467 0.9890 0.0162
vn -0.1187 0.9885 0.0941
vn 0.0524 0.9980 0.0347
vn 0.1569 0.9876 0.0004
vn -0.2476 0.9688 0.0050
vn 0.2169 0.9760 0.0164
vn -0.1982 0.9801 0.0127
vn 0.1218 0.9922 -0.0271
vn -0.2581 0.9651 -0.0441
vn 0.0969 0.9903 -0.0996
vn 0.5762 0.7976 0.1785
vn 0.3565 0.6554 -0.6659
vn 0.7056 0.6003 0.3766
vn 0.2011 0.2287 0.9525
vn -0.4131 0.7164 -0.5623
vn -0.6285 0.7064 0.3256
vn -0.2676 0.2333 -0.9349
vn -0.1521 0.6360 -0.7565
vn -0.0033 0.1264 0.9920
vn -0.2023 0.2161 0.9552
vn 0.1784 0.1769 -0.9679
vn -0.6784 0.5851 0.4443
vn -0.6511 0.5223 0.5508
vn -0.4932 0.8588 0.1384
vn -0.2691 0.8350 -0.4799
vn -0.6609 0.4867 -0.5713
vn -0.0295 0.8766 0.4804
vn -0.4764 0.4885 -0.7310
vn -0.0028 0.9987 0.0502
vn 0.0232 0.7344 -0.6783
vn 0.4920 0.8577 0.1492
vn 0.2715 0.8897 -0.3670
vn 0.5117 0.4871 -0.7077
vn 0.6750 0.4956 0.5465
vn 0.6006 0.4879 -0.6335
vn -0.4795 0.6536 -0.5856
vn 0.4009 0.6386 -0.6569
vn 0.0069 0.1836 -0.9830
vn -0.5576 0.1150 -0.8221
vn -0.4803 0.8762 -0.0386
vn 0.6107 0.7917 0.0125
vn -0.5640 0.6518 0.5070
vn 0.4983 0.5200 0.6938
vn -0.6748 0.1109 0.7296
vn 0.1331 -0.0083 0.9911
vn -0.7599 -0.4260 0.4910
vn -0.2789 -0.5265 0.8032
vn -0.7555 -0.6529 -0.0553
vn -0.5915 -0.8005 0.0965
vn -0.6747 -0.4292 -0.6005
vn -0.4481 -0.4468 -0.7743
vn 0.6813 0.0570 -0.7298
vn 0.0076 -0.0345 -0.9994
vn 0.9969 0.0483 -0.0622
vn -0.1833 -0.0899 -0.9789
vn -0.1445 0.0534 -0.9881
vn 0.3559 -0.4217 -0.8340
vn 0.5679 -0.1699 -0.8053
vn -0.8087 0.0370 -0.5871
vn -0.5797 0.5039 -0.6404
vn -0.9816 0.1411 0.1289
vn -0.7153 0.6960 0.0631
vn -0.6186 0.1666 0.7678
vn -0.4711 0.5136 0.7172
vn 0.0872 0.1020 0.9909
vn 0.0089 0.0822 0.9966
vn 0.7658 -0.0282 0.6425
vn 0.5281 -0.4496 0.7205
vn 0.9833 -0.1412 -0.1145
vn 0.7038 -0.6956 -0.1441
vn 0.0041 0.0981 -0.9952
vn 0.1622 -0.6255 -0.7632
vn -0.1520 0.7471 -0.6471
vn -0.2220 0.9734 0.0564
vn -0.1674 0.6594 0.7329
vn -0.0207 -0.0283 0.9994
vn 0.1426 -0.7119 0.6876
vn 0.2221 -0.9736 -0.0536
vn -0.1323 0.0884 -0.9873
vn -0.1350 -0.6723 -0.7279
vn -0.0503 0.7697 -0.6365
vn 0.0589 0.9959 0.0689
vn 0.1347 0.6748 0.7256
vn 0.1378 -0.0153 0.9903
vn 0.0632 -0.7073 0.7041
vn -0.0494 -0.9988 0.0007
vn -0.2123 0.1447 -0.9664
vn -0.4958 -0.5064 -0.7055
vn 0.1792 0.6968 -0.6945
vn 0.4751 0.8788 -0.0452
vn 0.5140 0.5843 0.6279
vn 0.2803 -0.0184 0.9597
vn -0.1233 -0.6362 0.7616
vn -0.4787 -0.8773 0.0348
vn -0.1581 0.0949 -0.9828
vn -0.7473 -0.2374 -0.6207
vn 0.4903 0.3634 -0.7922
vn 0.8814 0.4376 -0.1776
vn 0.8000 0.2769 0.5323
vn 0.2940 -0.0283 0.9554
vn -0.3995 -0.3327 0.8542
vn -0.8803 -0.4387 0.1808
vn 0.8978 0.1192 0.4239
vn 0.8866 -0.4294 -0.1722
vn 0.6201 -0.7613 0.1895
vn 0.5727 -0.1382 0.8080
vn 0.3527 -0.6796 -0.6433
vn 0.2085 -0.8060 -0.5540
vn -0.3752 -0.5703 -0.7307
vn -0.2833 -0.3628 -0.8878
vn -0.8926 -0.1308 -0.4314
vn -0.6133 0.2500 -0.7492
vn -0.9214 0.3759 0.0987
vn -0.6270 0.7496 -0.2122
vn -0.4520 0.6786 0.5790
vn -0.3066 0.8462 0.4358
vn 0.3019 0.6000 0.7409
vn 0.1624 0.5090 0.8453
vn 0.0291 -0.9399 0.3402
vn 0.0784 -0.3510 0.9331
vn -0.0343 -0.8950 -0.4448
vn -0.0760 -0.3388 -0.9378
vn -0.0767 0.3928 -0.9164
vn -0.0347 0.9149 -0.4022
vn 0.0259 0.9422 0.3340
vn 0.0743 0.4462 0.8918
vn -0.0825 -0.8691 0.4877
vn 0.1651 -0.3552 0.9201
vn -0.2884 -0.9356 -0.2035
vn -0.3413 -0.4071 -0.8472
vn -0.1240 0.4574 -0.8805
vn 0.1576 0.9318 -0.3268
vn 0.3342 0.8691 0.3647
vn 0.3387 0.3537 0.8719
vn -0.4426 -0.7058 0.5531
vn 0.2813 -0.3365 0.8987
vn -0.8300 -0.5058 -0.2351
vn -0.6394 -0.0204 -0.7686
vn -0.1396 0.4446 -0.8848
vn 0.4456 0.7093 -0.5462
vn 0.7978 0.5963 0.0891
vn 0.7301 0.1866 0.6574
vn -0.7945 0.2037 -0.5721
vn -0.0670 0.3185 -0.9456
vn 0.6448 0.2511 -0.7219
vn -0.3419 0.0425 0.9388
vn -0.1408 0.5417 0.8287
vn -0.6129 0.7338 0.2931
vn -0.8946 0.0346 0.4456
vn 0.3876 0.0522 0.9203
vn 0.3801 0.0821 0.9213
vn 0.9265 0.0110 0.3762
vn 0.7220 -0.4312 0.5411
vn 0.8787 -0.0367 -0.4759
vn 0.6166 -0.7335 -0.2860
vn 0.2237 -0.0483 -0.9735
vn 0.0254 -0.4574 -0.8889
vn -0.5143 -0.0345 -0.8569
vn -0.5064 0.0676 -0.8597
vn -0.9585 -0.0008 -0.2850
vn -0.7506 0.5300 -0.3946
vn 0.2580 0.7432 0.6173
vn -0.1417 0.9891 0.0398
vn 0.5138 0.0858 0.8536
vn 0.4830 -0.6306 0.6074
vn 0.1599 -0.9871 -0.0086
vn -0.2673 -0.7296 -0.6295
vn -0.5265 -0.0116 -0.8501
vn -0.4629 0.6883 -0.5585
vn 0.4664 0.7466 0.4745
vn 0.0544 0.9930 -0.1045
vn 0.6146 0.0818 0.7845
vn 0.4127 -0.6395 0.6487
vn -0.0445 -0.9922 0.1169
vn -0.4727 -0.7352 -0.4859
vn -0.6119 -0.0300 -0.7904
vn -0.3881 0.6805 -0.6216
vn 0.3674 0.6730 0.6420
vn -0.1735 0.9832 0.0565
vn 0.6388 -0.0289 0.7689
vn 0.5454 -0.6848 0.4833
vn 0.1672 -0.9835 -0.0694
vn -0.3061 -0.7554 -0.5794
vn -0.6055 -0.1412 -0.7832
vn -0.5904 0.5729 -0.5685
vn 0.1102 0.6292 0.7694
vn -0.4404 0.8500 0.2890
vn 0.6052 0.0503 0.7945
vn 0.7410 -0.5656 0.3620
vn 0.4470 -0.8496 -0.2801
vn -0.1109 -0.6354 -0.7642
vn -0.6010 -0.0461 -0.7979
vn -0.7403 0.5674 -0.3606
vn 0.1216 0.6424 0.7566
vn -0.4398 0.8548 0.2754
vn 0.6088 0.0509 0.7917
vn 0.7371 -0.5694 0.3639
vn 0.4330 -0.8566 -0.2807
vn -0.1252 -0.6395 -0.7585
vn -0.6043 -0.0497 -0.7952
vn -0.7381 0.5665 -0.3664
vn 0.1445 0.6540 0.7425
vn -0.4146 0.8667 0.2774
vn 0.6145 0.0629 0.7864
vn 0.7344 -0.5674 0.3724
vn 0.4246 -0.8664 -0.2627
vn -0.1441 -0.6517 -0.7447
vn -0.6229 -0.0554 -0.7804
vn -0.7332 0.5739 -0.3647
vn 0.1607 0.6734 0.7216
vn -0.3964 0.8844 0.2464
vn 0.6252 0.0739 0.7770
vn 0.7288 -0.5722 0.3760
vn 0.3970 -0.8841 -0.2465
vn -0.1647 -0.6703 -0.7236
vn -0.6377 -0.0684 -0.7673
vn -0.7239 0.5797 -0.3740
vn 0.2113 0.7027 0.6794
vn -0.3489 0.9116 0.2173
vn 0.6495 0.0894 0.7551
vn 0.7163 -0.5788 0.3898
vn 0.3623 -0.9098 -0.2024
vn -0.2112 -0.7036 -0.6785
vn -0.6582 -0.0718 -0.7494
vn -0.7098 0.5984 -0.3717
vn 0.2890 0.7516 0.5930
vn -0.2787 0.9501 0.1402
vn 0.6927 0.1245 0.7104
vn 0.7020 -0.5791 0.4145
vn 0.2922 -0.9477 -0.1286
vn -0.3004 -0.7433 -0.5978
vn -0.7039 -0.0868 -0.7050
vn -0.6912 0.6083 -0.3902
vn 0.3974 0.7864 0.4729
vn -0.1808 0.9829 0.0356
vn 0.7560 0.1437 0.6386
vn 0.6783 -0.5885 0.4400
vn 0.1921 -0.9812 -0.0206
vn -0.4048 -0.7803 -0.4768
vn -0.7612 -0.1063 -0.6397
vn -0.6610 0.6216 -0.4203
vn 0.4852 0.7931 0.3682
vn -0.1101 0.9925 -0.0538
vn 0.7994 0.1395 0.5844
vn 0.6593 -0.5969 0.4572
vn 0.1270 -0.9893 0.0718
vn -0.4811 -0.7924 -0.3752
vn -0.8010 -0.1246 -0.5855
vn -0.6493 0.6153 -0.4470
vn 0.5259 0.7972 0.2967
vn -0.0804 0.9907 -0.1096
vn 0.8337 0.1372 0.5349
vn 0.6543 -0.6011 0.4589
vn 0.0940 -0.9887 0.1171
vn -0.5258 -0.7966 -0.2982
vn -0.8318 -0.1285 -0.5399
vn -0.6417 0.6120 -0.4623
vn 0.5633 0.7879 0.2487
vn -0.0555 0.9866 -0.1536
vn 0.8590 0.1309 0.4950
vn 0.6462 -0.6002 0.4714
vn 0.0631 -0.9860 0.1542
vn -0.5686 -0.7855 -0.2443
vn -0.8567 -0.1214 -0.5012
vn -0.6390 0.6121 -0.4659
vn 0.5908 0.7805 0.2044
vn -0.0365 0.9820 -0.1851
vn 0.8682 0.1303 0.4788
vn 0.6456 -0.5988 0.4740
vn 0.0456 -0.9815 0.1859
vn -0.5863 -0.7832 -0.2071
vn -0.8737 -0.1208 -0.4713
vn -0.6425 0.6110 -0.4624
vn 0.6024 0.7791 0.1733
vn -0.0232 0.9790 -0.2025
vn 0.8818 0.1232 0.4553
vn 0.6444 -0.6052 0.4674
vn 0.0277 -0.9779 0.2072
vn -0.6013 -0.7795 -0.1757
vn -0.8843 -0.1191 -0.4516
vn -0.6411 0.6106 -0.4649
vn 0.6136 0.7731 0.1608
vn -0.0227 0.9753 -0.2198
vn 0.8886 0.1220 0.4421
vn 0.6428 -0.6025 0.4731
vn 0.0199 -0.9751 0.2211
vn -0.6110 -0.7764 -0.1546
vn -0.8858 -0.1185 -0.4487
vn -0.6425 0.6081 -0.4663
vn 0.6513 0.7508 0.1101
vn -0.0048 0.9829 -0.1843
vn 0.9339 0.0954 0.3445
vn 0.6916 -0.6137 0.3808
vn 0.0580 -0.9776 0.2023
vn -0.6208 -0.7785 -0.0918
vn -0.9317 -0.1118 -0.3455
vn -0.6751 0.6364 -0.3732
vn 0.6645 0.7440 -0.0703
vn 0.0438 0.9095 -0.4133
vn 0.9327 0.1706 0.3177
vn 0.6442 -0.5432 0.5385
vn -0.1040 -0.9127 0.3951
vn -0.7467 -0.6652 -0.0032
vn -0.9275 -0.0561 -0.3696
vn -0.6062 0.5819 -0.5421
vn 0.7797 0.5855 -0.2220
vn 0.2079 0.6944 -0.6889
vn 0.9153 0.1513 0.3732
vn 0.5339 -0.3687 0.7610
vn -0.1722 -0.6856 0.7073
vn -0.7866 -0.5804 0.2107
vn -0.9048 -0.1146 -0.4102
vn -0.4820 0.4090 -0.7749
vn 0.7141 0.6906 -0.1148
vn 0.0989 0.7317 -0.6745
vn 0.8326 0.1797 0.5238
vn 0.4338 -0.4143 0.8001
vn -0.1870 -0.7584 0.6244
vn -0.7116 -0.6933 0.1134
vn -0.8516 -0.2543 -0.4583
vn -0.5347 0.3158 -0.7838
vn 0.5463 0.8372 0.0258
vn 0.0760 0.8210 -0.5658
vn 0.7049 0.3680 0.6064
vn 0.4472 -0.3228 0.8342
vn -0.0810 -0.8252 0.5590
vn -0.5592 -0.8275 -0.0506
vn -0.7028 -0.3426 -0.6235
vn -0.4384 0.3367 -0.8333
vn 0.8032 0.3708 -0.4662
vn 0.2399 0.6338 -0.7354
vn -0.9422 0.2516 -0.2211
vn -0.3215 0.6421 -0.6960
vn 0.1555 0.6298 0.7611
vn 0.1078 0.2860 0.9522
vn -0.3813 0.6804 0.6259
vn -0.4616 0.4235 0.7795
vn -0.5282 -0.7246 0.4427
vn -0.0968 0.8768 -0.4709
vn -0.2485 -0.1485 -0.9572
vn -0.6299 0.3913 -0.6710
vn -0.2413 0.6141 -0.7514
vn -0.1059 -0.1039 -0.9889
vn -0.6835 0.7298 -0.0181
vn -0.2361 0.9673 -0.0928
vn -0.0986 0.7783 0.6201
vn 0.0948 0.1562 0.9832
vn 0.2343 -0.5591 0.7953
vn 0.2393 -0.9626 0.1271
vn 0.0975 -0.7745 -0.6251
vn -0.2042 -0.8224 -0.5310
vn 0.0560 -0.9781 0.2004
vn -0.3361 -0.1313 -0.9326
vn -0.2555 0.6240 -0.7385
vn -0.0284 0.9921 -0.1224
vn 0.2133 0.8047 0.5540
vn 0.3358 0.1753 0.9255
vn 0.2749 -0.5518 0.7874
vn -0.3430 -0.8114 -0.4732
vn 0.0151 -0.9848 0.1733
vn -0.5029 -0.1676 -0.8479
vn -0.3692 0.5795 -0.7266
vn -0.0127 0.9856 -0.1686
vn 0.3514 0.7974 0.4906
vn 0.5028 0.1398 0.8530
vn 0.3637 -0.5928 0.7185
vn -0.4559 -0.7768 -0.4344
vn 0.0300 -0.9841 0.1752
vn -0.5515 -0.1050 -0.8275
vn -0.4063 0.6068 -0.6832
vn -0.0129 0.9881 -0.1533
vn 0.3839 0.8009 0.4595
vn 0.5611 0.1529 0.8135
vn 0.4160 -0.5839 0.6971
vn -0.2220 0.4709 -0.8538
vn 0.2592 0.8960 -0.3607
vn 0.6749 0.7123 0.1930
vn 0.7737 0.1420 0.6175
vn 0.4621 -0.5155 0.7216
vn -0.0286 0.9672 0.2523
vn -0.0574 0.8834 0.4650
vn -0.0229 0.9857 0.1672
vn -0.6054 0.7559 -0.2491
vn -0.6791 0.6636 0.3138
vn 0.6042 0.5763 0.5502
vn 0.5839 0.6449 0.4932
vn 0.8386 -0.0396 0.5433
vn -0.5269 0.7836 -0.3291
vn -0.7890 0.1202 -0.6026
vn -0.8457 0.1037 -0.5234
vn 0.0373 0.9903 0.1339
vn 0.5800 0.6264 0.5208
vn 0.7888 -0.0972 0.6070
vn -0.6844 0.1294 -0.7176
vn -0.5650 -0.5961 -0.5704
vn -0.5792 -0.6256 -0.5226
vn -0.4273 0.7704 -0.4733
vn 0.0672 0.9975 0.0225
vn 0.5388 0.6583 0.5256
vn 0.6860 -0.0981 0.7210
vn 0.4043 -0.7946 0.4529
vn -0.4437 0.0965 -0.8910
vn -0.2860 0.7632 -0.5794
vn 0.0525 0.9958 0.0747
vn 0.3578 0.6198 0.6984
vn 0.4317 -0.1569 0.8883
vn -0.2217 0.8106 -0.5420
vn -0.4181 0.1606 -0.8941
vn 0.1112 0.9882 0.1049
vn 0.3840 0.6169 0.6870
vn 0.4533 -0.0951 0.8863
vn 0.2501 -0.7606 0.5991
vn -0.2058 -0.3252 -0.9230
vn -0.3611 -0.6096 -0.7057
vn -0.1268 0.8184 -0.5605
vn 0.3644 0.7573 -0.5420
vn 0.9607 0.1906 -0.2016
vn -0.1107 -0.9926 -0.0499
vn -0.1354 0.9600 -0.2452
vn 0.3373 0.7574 0.5591
vn 0.3229 0.5039 -0.8011
vn 0.1295 0.9744 -0.1836
vn -0.2495 0.8579 0.4491
vn 0.9806 0.1812 -0.0754
vn 0.0700 0.7510 -0.6565
vn 0.3428 0.3073 -0.8877
vn 0.4148 -0.4369 -0.7982
vn -0.5392 0.6494 -0.5362
vn 0.0214 0.8667 -0.4984
vn -0.3348 0.9304 0.1492
vn 0.3280 0.2792 -0.9025
vn 0.2729 -0.4954 -0.8247
vn 0.1843 0.8810 -0.4358
vn -0.0676 0.9562 0.2847
vn -0.5063 0.4872 0.7115
vn -0.2777 0.4796 0.8324
vn -0.4282 -0.2307 0.8737
vn -0.3287 -0.2655 0.9064
vn -0.1235 -0.8569 0.5005
vn 0.2499 0.2720 -0.9293
vn 0.1993 -0.4878 -0.8499
vn 0.1535 0.8735 -0.4621
vn -0.0326 0.9610 0.2748
vn -0.2006 0.4810 0.8535
vn -0.2510 -0.2838 0.9255
vn 0.2048 0.2668 -0.9417
vn 0.2002 -0.4955 -0.8452
vn 0.0877 0.8744 -0.4773
vn -0.0821 0.9585 0.2730
vn -0.2013 0.4792 0.8543
vn -0.2026 -0.2833 0.9374
vn 0.3255 0.3211 -0.8893
vn 0.1127 -0.4245 -0.8984
vn 0.3248 0.8519 -0.4108
vn 0.1345 0.9487 0.2862
vn -0.0625 0.5188 0.8526
vn -0.2235 -0.2177 0.9501
vn 0.3956 0.5330 -0.7480
vn 0.1845 -0.6160 -0.7659
vn 0.5807 0.5123 -0.6327
vn 0.9681 0.2317 0.0952
vn 0.8833 0.4424 0.1550
vn 0.8101 0.4133 0.4158
vn 0.0004 0.9922 -0.1246
vn 0.0350 0.9945 -0.0982
vn 0.0997 0.7929 0.6011
vn -0.8715 0.3283 -0.3644
vn -0.8743 0.4842 -0.0345
vn -0.0319 0.7293 0.6835
vn 0.2552 -0.8226 0.5082
vn 0.1015 0.5138 0.8519
vn 0.3597 -0.3612 0.8603
vn 0.3340 0.3386 0.8797
vn -0.8352 0.2276 0.5006
vn 0.0050 0.8658 0.5004
vn -0.4094 0.9063 -0.1048
vn -0.9752 -0.0264 -0.2195
vn 0.7320 -0.3597 0.5787
vn 0.7181 0.3883 0.5775
vn 0.3331 -0.9078 0.2548
vn -0.4032 -0.2894 -0.8682
vn -0.6227 0.4618 -0.6317
vn -0.7164 0.4095 -0.5648
vn -0.7200 -0.3791 -0.5813
vn -0.2808 0.9359 -0.2126
vn 0.3043 0.9183 0.2531
vn 0.8959 -0.3751 0.2379
vn 0.9090 0.3616 0.2073
vn -0.2747 -0.9342 -0.2278
vn -0.8831 -0.4252 -0.1983
vn -0.8777 0.4184 -0.2337
vn -0.2845 0.9518 -0.1147
vn 0.4340 0.8985 0.0659
vn 0.9125 -0.3936 -0.1118
vn 0.9232 0.3640 -0.1236
vn -0.9088 0.4035 0.1062
vn -0.9184 -0.3774 0.1186
vn -0.3520 0.9358 0.0170
vn 0.4041 0.9115 -0.0767
vn 0.4949 -0.5170 -0.6984
vn 0.5262 0.4488 -0.7223
vn -0.0397 -0.7353 -0.6765
vn -0.7335 0.4881 -0.4730
vn -0.7646 -0.4763 -0.4342
vn -0.2348 0.6900 -0.6847
vn -0.0333 0.7133 -0.7000
vn -0.2382 -0.7109 -0.6618
vn 0.0835 0.9960 -0.0311
vn 0.6172 0.7845 0.0608
vn 0.1073 0.9435 -0.3135
vn 0.9060 -0.1404 -0.3993
vn 0.0622 -0.0675 -0.9958
vn 0.9619 -0.2207 0.1615
vn 0.1286 0.9664 0.2227
vn 0.8229 -0.0763 0.5630
vn -0.0603 0.0677 0.9959
vn -0.3373 0.9354 -0.1065
vn -0.9048 0.1403 0.4020
vn -0.9620 0.2196 -0.1620
vn -0.8228 0.0765 -0.5632
vn -0.0829 -0.9961 0.0315
vn -0.1285 -0.9664 -0.2228
vn 0.3372 -0.9354 0.1062
vn -0.1060 -0.9435 0.3139
vn -0.6167 -0.7849 -0.0605
vn 0.0594 0.9961 -0.0655
vn 0.3347 0.9294 -0.1558
vn 0.0188 0.9876 -0.1558
vn 0.6269 0.0045 -0.7791
vn -0.3795 0.0423 -0.9242
vn 0.9481 0.0308 -0.3165
vn 0.0830 0.9845 0.1546
vn 0.9869 0.1009 0.1256
vn 0.4033 -0.0721 0.9122
vn -0.3139 0.9455 0.0865
vn -0.6270 -0.0051 0.7790
vn -0.9523 -0.0541 0.3004
vn -0.9664 0.2221 -0.1291
vn 0.0808 -0.9884 0.1284
vn -0.3538 -0.9260 0.1314
vn 0.0870 0.9960 -0.0181
vn 0.5983 0.7855 0.1579
vn 0.1551 0.9431 -0.2941
vn 0.9235 -0.2201 0.3140
vn 0.0918 0.9662 0.2410
vn 0.7235 -0.0768 0.6860
vn -0.2192 0.0680 0.9733
vn -0.3166 0.9351 -0.1593
vn -0.9577 0.1405 0.2512
vn -0.9237 0.2217 -0.3123
vn -0.7228 0.0776 -0.6867
vn 0.0586 0.9960 -0.0668
vn 0.5731 0.7882 -0.2242
vn -0.1073 0.9501 -0.2929
vn 0.6182 -0.0522 -0.7843
vn 0.8922 -0.3302 -0.3080
vn 0.2192 0.9662 0.1353
vn 0.9823 -0.1493 0.1130
vn 0.4091 0.0135 0.9124
vn -0.3476 0.9354 0.0650
vn -0.6137 0.0711 0.7863
vn -0.9388 0.1238 0.3214
vn -0.9950 -0.0026 -0.1003
vn 0.0179 -0.9696 0.2440
vn -0.4347 0.9002 -0.0260
vn -0.9427 0.3284 -0.0587
vn -0.4741 0.7818 0.4049
vn -0.7786 -0.3642 0.5110
vn -0.0402 0.4342 0.8999
vn -0.8971 -0.4386 -0.0525
vn -0.4069 0.8038 -0.4340
vn -0.6386 -0.3721 -0.6736
vn 0.1363 0.5217 -0.8422
vn 0.3250 0.9455 0.0200
vn 0.8330 0.3293 -0.4447
vn 0.8973 0.4384 0.0524
vn 0.7512 0.3369 0.5677
vn 0.4348 -0.9002 0.0257
vn 0.2679 -0.7265 0.6328
vn -0.3252 -0.9454 -0.0202
vn 0.4054 -0.7091 -0.5769
vn 0.9428 -0.3281 0.0585
# 1581 vertex normals

vt 0.0049 0.0473 0.0000
vt 0.0050 0.0478 0.0000
vt 0.0049 0.2022 0.0000
vt 0.4852 0.0283 0.0000
vt 0.6218 0.0282 0.0000
vt 0.6222 0.0283 0.0000
vt 0.4236 0.0049 0.0000
vt 0.4236 0.0051 0.0000
vt 0.4687 0.1221 0.0000
vt 0.3634 0.1288 0.0000
vt 0.2014 0.6159 0.0000
vt 0.2013 0.6163 0.0000
vt 0.2101 0.6083 0.0000
vt 0.3441 0.1561 0.0000
vt 0.3438 0.1561 0.0000
vt 0.3136 0.1561 0.0000
vt 0.1198 0.5038 0.0000
vt 0.0860 0.5038 0.0000
vt 0.0857 0.5038 0.0000
vt 0.6291 0.4496 0.0000
vt 0.6170 0.4496 0.0000
vt 0.6170 0.4247 0.0000
vt 0.6291 0.4247 0.0000
vt 0.6049 0.4496 0.0000
vt 0.6049 0.4247 0.0000
vt 0.8951 0.5007 0.0000
vt 0.8951 0.4872 0.0000
vt 0.9412 0.4872 0.0000
vt 0.9412 0.5007 0.0000
vt 0.8951 0.4737 0.0000
vt 0.9412 0.4737 0.0000
vt 0.6459 0.4247 0.0000
vt 0.6459 0.4496 0.0000
vt 0.5009 0.0463 0.0000
vt 0.5009 0.0409 0.0000
vt 0.5176 0.0409 0.0000
vt 0.5176 0.0463 0.0000
vt 0.9412 0.5230 0.0000
vt 0.8951 0.5230 0.0000
vt 0.6270 0.1380 0.0000
vt 0.6598 0.1380 0.0000
vt 0.6598 0.1548 0.0000
vt 0.6270 0.1548 0.0000
vt 0.9507 0.2613 0.0000
vt 0.9507 0.3036 0.0000
vt 0.9372 0.3036 0.0000
vt 0.9372 0.2613 0.0000
vt 0.9238 0.3036 0.0000
vt 0.9238 0.2613 0.0000
vt 0.9730 0.2613 0.0000
vt 0.9730 0.3036 0.0000
vt 0.5881 0.4496 0.0000
vt 0.5881 0.4247 0.0000
vt 0.6598 0.1790 0.0000
vt 0.6270 0.1790 0.0000
vt 0.6270 0.1669 0.0000
vt 0.6598 0.1669 0.0000
vt 0.6598 0.1958 0.0000
vt 0.6270 0.1958 0.0000
vt 0.9067 0.3764 0.0000
vt 0.9067 0.3357 0.0000
vt 0.9290 0.3357 0.0000
vt 0.9290 0.3764 0.0000
vt 0.9559 0.3357 0.0000
vt 0.9559 0.3764 0.0000
vt 0.9425 0.3764 0.0000
vt 0.9425 0.3357 0.0000
vt 0.9782 0.3357 0.0000
vt 0.9782 0.3764 0.0000
vt 0.0909 0.1497 0.0000
vt 0.0959 0.1497 0.0000
vt 0.0959 0.1664 0.0000
vt 0.0909 0.1664 0.0000
vt 0.8794 0.0764 0.0000
vt 0.9308 0.0764 0.0000
vt 0.9308 0.0987 0.0000
vt 0.8794 0.0987 0.0000
vt 0.5419 0.0409 0.0000
vt 0.5419 0.0463 0.0000
vt 0.5297 0.0463 0.0000
vt 0.5297 0.0409 0.0000
vt 0.5586 0.0409 0.0000
vt 0.5586 0.0463 0.0000
vt 0.2221 0.4468 0.0000
vt 0.2221 0.4548 0.0000
vt 0.2099 0.4548 0.0000
vt 0.2099 0.4468 0.0000
vt 0.1978 0.4548 0.0000
vt 0.1978 0.4468 0.0000
vt 0.2388 0.4468 0.0000
vt 0.2388 0.4548 0.0000
vt 0.9015 0.3036 0.0000
vt 0.9015 0.2613 0.0000
vt 0.1811 0.4548 0.0000
vt 0.1811 0.4468 0.0000
vt 0.9308 0.1256 0.0000
vt 0.8794 0.1256 0.0000
vt 0.8794 0.1122 0.0000
vt 0.9308 0.1122 0.0000
vt 0.9308 0.1479 0.0000
vt 0.8794 0.1479 0.0000
vt 0.0959 0.1907 0.0000
vt 0.0909 0.1907 0.0000
vt 0.0909 0.1786 0.0000
vt 0.0959 0.1786 0.0000
vt 0.0959 0.2074 0.0000
vt 0.0909 0.2074 0.0000
vt 0.8951 0.4514 0.0000
vt 0.9412 0.4514 0.0000
vt 0.4087 0.9089 0.0000
vt 0.4021 0.9155 0.0000
vt 0.3950 0.8943 0.0000
vt 0.4034 0.8930 0.0000
vt 0.3950 0.8809 0.0000
vt 0.4034 0.8809 0.0000
vt 0.3950 0.8674 0.0000
vt 0.4034 0.8688 0.0000
vt 0.4021 0.8463 0.0000
vt 0.4087 0.8529 0.0000
vt 0.4231 0.8393 0.0000
vt 0.4231 0.8481 0.0000
vt 0.1435 0.8979 0.0000
vt 0.1369 0.9044 0.0000
vt 0.1299 0.8833 0.0000
vt 0.1382 0.8819 0.0000
vt 0.1299 0.8698 0.0000
vt 0.1382 0.8698 0.0000
vt 0.1299 0.8564 0.0000
vt 0.1382 0.8577 0.0000
vt 0.1369 0.8352 0.0000
vt 0.1435 0.8418 0.0000
vt 0.1580 0.8282 0.0000
vt 0.1580 0.8370 0.0000
vt 0.8321 0.6406 0.0000
vt 0.8256 0.6339 0.0000
vt 0.8472 0.6268 0.0000
vt 0.8487 0.6352 0.0000
vt 0.8610 0.6265 0.0000
vt 0.8613 0.6349 0.0000
vt 0.8748 0.6259 0.0000
vt 0.8739 0.6344 0.0000
vt 0.8974 0.6324 0.0000
vt 0.8907 0.6389 0.0000
vt 0.9005 0.6558 0.0000
vt 0.8916 0.6549 0.0000
vt 0.8412 0.8398 0.0000
vt 0.8478 0.8331 0.0000
vt 0.8550 0.8540 0.0000
vt 0.8467 0.8556 0.0000
vt 0.8550 0.8677 0.0000
vt 0.8466 0.8676 0.0000
vt 0.8544 0.8813 0.0000
vt 0.8461 0.8796 0.0000
vt 0.8458 0.9023 0.0000
vt 0.8396 0.8953 0.0000
vt 0.8242 0.9079 0.0000
vt 0.8244 0.8991 0.0000
vt 0.8802 0.9357 0.0000
vt 0.8736 0.9422 0.0000
vt 0.8666 0.9211 0.0000
vt 0.8749 0.9197 0.0000
vt 0.8666 0.9076 0.0000
vt 0.8749 0.9076 0.0000
vt 0.8666 0.8942 0.0000
vt 0.8749 0.8955 0.0000
vt 0.8736 0.8730 0.0000
vt 0.8802 0.8796 0.0000
vt 0.8947 0.8660 0.0000
vt 0.8947 0.8748 0.0000
vt 0.2121 0.8715 0.0000
vt 0.2055 0.8649 0.0000
vt 0.2267 0.8579 0.0000
vt 0.2280 0.8662 0.0000
vt 0.2401 0.8579 0.0000
vt 0.2401 0.8662 0.0000
vt 0.2536 0.8579 0.0000
vt 0.2522 0.8662 0.0000
vt 0.2747 0.8649 0.0000
vt 0.2681 0.8715 0.0000
vt 0.2817 0.8860 0.0000
vt 0.2729 0.8860 0.0000
vt 0.8239 0.0743 0.0000
vt 0.8174 0.0816 0.0000
vt 0.8102 0.0599 0.0000
vt 0.8186 0.0585 0.0000
vt 0.8104 0.0464 0.0000
vt 0.8188 0.0464 0.0000
vt 0.8108 0.0329 0.0000
vt 0.8191 0.0343 0.0000
vt 0.8183 0.0117 0.0000
vt 0.8249 0.0184 0.0000
vt 0.8398 0.0049 0.0000
vt 0.8397 0.0137 0.0000
vt 0.3127 0.8680 0.0000
vt 0.3061 0.8614 0.0000
vt 0.3273 0.8544 0.0000
vt 0.3286 0.8627 0.0000
vt 0.3407 0.8544 0.0000
vt 0.3407 0.8627 0.0000
vt 0.3542 0.8544 0.0000
vt 0.3528 0.8627 0.0000
vt 0.3753 0.8614 0.0000
vt 0.3687 0.8680 0.0000
vt 0.3823 0.8825 0.0000
vt 0.3735 0.8825 0.0000
vt 0.1580 0.7695 0.0000
vt 0.2192 0.7692 0.0000
vt 0.2115 0.7881 0.0000
vt 0.1537 0.7806 0.0000
vt 0.2640 0.8061 0.0000
vt 0.2576 0.8219 0.0000
vt 0.2124 0.7368 0.0000
vt 0.2669 0.6173 0.0000
vt 0.2796 0.6370 0.0000
vt 0.2299 0.7443 0.0000
vt 0.3319 0.6558 0.0000
vt 0.2581 0.7495 0.0000
vt 0.2687 0.5366 0.0000
vt 0.3046 0.5736 0.0000
vt 0.3151 0.5873 0.0000
vt 0.3353 0.4293 0.0000
vt 0.3544 0.4250 0.0000
vt 0.4058 0.4291 0.0000
vt 0.4033 0.1718 0.0000
vt 0.4087 0.1642 0.0000
vt 0.4136 0.1739 0.0000
vt 0.3778 0.1341 0.0000
vt 0.4207 0.0448 0.0000
vt 0.4156 0.1031 0.0000
vt 0.3738 0.1652 0.0000
vt 0.4485 0.1304 0.0000
vt 0.4451 0.1637 0.0000
vt 0.1962 0.8250 0.0000
vt 0.1211 0.7861 0.0000
vt 0.2761 0.8480 0.0000
vt 0.2932 0.8100 0.0000
vt 0.3725 0.6607 0.0000
vt 0.4017 0.6611 0.0000
vt 0.3996 0.6697 0.0000
vt 0.2962 0.8005 0.0000
vt 0.2702 0.7899 0.0000
vt 0.1345 0.7485 0.0000
vt 0.1973 0.7439 0.0000
vt 0.2230 0.7562 0.0000
vt 0.2224 0.7599 0.0000
vt 0.1642 0.7535 0.0000
vt 0.2614 0.7636 0.0000
vt 0.3437 0.6591 0.0000
vt 0.3264 0.5900 0.0000
vt 0.3543 0.5901 0.0000
vt 0.4162 0.4330 0.0000
vt 0.4422 0.4358 0.0000
vt 0.4227 0.1727 0.0000
vt 0.4109 0.1453 0.0000
vt 0.3936 0.1716 0.0000
vt 0.3251 0.4291 0.0000
vt 0.3044 0.4226 0.0000
vt 0.2576 0.5372 0.0000
vt 0.2348 0.5324 0.0000
vt 0.2556 0.6180 0.0000
vt 0.2320 0.6136 0.0000
vt 0.4612 0.8145 0.0000
vt 0.4597 0.8191 0.0000
vt 0.6821 0.1220 0.0000
vt 0.6940 0.1098 0.0000
vt 0.7072 0.2696 0.0000
vt 0.6821 0.2960 0.0000
vt 0.0074 0.6429 0.0000
vt 0.0090 0.6391 0.0000
vt 0.4805 0.4847 0.0000
vt 0.4892 0.4781 0.0000
vt 0.4744 0.6182 0.0000
vt 0.4523 0.6383 0.0000
vt 0.1974 0.8206 0.0000
vt 0.1207 0.7832 0.0000
vt 0.2778 0.8459 0.0000
vt 0.4649 0.8168 0.0000
vt 0.4687 0.8052 0.0000
vt 0.1385 0.7397 0.0000
vt 0.0091 0.6270 0.0000
vt 0.0049 0.6375 0.0000
vt 0.8612 0.4901 0.0000
vt 0.7927 0.5117 0.0000
vt 0.7809 0.4730 0.0000
vt 0.8826 0.4730 0.0000
vt 0.7607 0.5282 0.0000
vt 0.7154 0.4975 0.0000
vt 0.7488 0.4808 0.0000
vt 0.8717 0.5288 0.0000
vt 0.8476 0.5855 0.0000
vt 0.7993 0.5525 0.0000
vt 0.8058 0.6287 0.0000
vt 0.7672 0.6347 0.0000
vt 0.7556 0.5646 0.0000
vt 0.7240 0.5764 0.0000
vt 0.7158 0.5399 0.0000
vt 0.7664 0.6647 0.0000
vt 0.5711 0.3301 0.0000
vt 0.5439 0.3432 0.0000
vt 0.5416 0.3384 0.0000
vt 0.5641 0.3203 0.0000
vt 0.8098 0.3872 0.0000
vt 0.8424 0.4024 0.0000
vt 0.8361 0.4161 0.0000
vt 0.8035 0.3969 0.0000
vt 0.7557 0.4265 0.0000
vt 0.7716 0.4212 0.0000
vt 0.7837 0.4212 0.0000
vt 0.7837 0.4410 0.0000
vt 0.7509 0.4410 0.0000
vt 0.7958 0.4212 0.0000
vt 0.8117 0.4265 0.0000
vt 0.8165 0.4410 0.0000
vt 0.9063 0.8242 0.0000
vt 0.9222 0.8189 0.0000
vt 0.9343 0.8189 0.0000
vt 0.9343 0.8387 0.0000
vt 0.9015 0.8387 0.0000
vt 0.9464 0.8189 0.0000
vt 0.9623 0.8242 0.0000
vt 0.9671 0.8387 0.0000
vt 0.8675 0.6495 0.0000
vt 0.8682 0.6356 0.0000
vt 0.0271 0.9108 0.0000
vt 0.0493 0.9108 0.0000
vt 0.0493 0.9569 0.0000
vt 0.0271 0.9569 0.0000
vt 0.2964 0.3073 0.0000
vt 0.2964 0.3226 0.0000
vt 0.2636 0.3226 0.0000
vt 0.2636 0.3073 0.0000
vt 0.3219 0.1748 0.0000
vt 0.3067 0.1748 0.0000
vt 0.3067 0.1694 0.0000
vt 0.3219 0.1694 0.0000
vt 0.9189 0.4108 0.0000
vt 0.9189 0.3886 0.0000
vt 0.9612 0.3886 0.0000
vt 0.9612 0.4108 0.0000
vt 0.0298 0.2306 0.0000
vt 0.0298 0.2458 0.0000
vt 0.0049 0.2458 0.0000
vt 0.0049 0.2306 0.0000
vt 0.2033 0.4824 0.0000
vt 0.2033 0.4976 0.0000
vt 0.1706 0.4976 0.0000
vt 0.1706 0.4824 0.0000
vt 0.9446 0.2276 0.0000
vt 0.9224 0.2276 0.0000
vt 0.9224 0.1869 0.0000
vt 0.9446 0.1869 0.0000
vt 0.3165 0.9452 0.0000
vt 0.3165 0.9674 0.0000
vt 0.2758 0.9674 0.0000
vt 0.2758 0.9452 0.0000
vt 0.1381 0.3465 0.0000
vt 0.1229 0.3465 0.0000
vt 0.1229 0.3415 0.0000
vt 0.1381 0.3415 0.0000
vt 0.6748 0.9587 0.0000
vt 0.6526 0.9587 0.0000
vt 0.6526 0.9073 0.0000
vt 0.6748 0.9073 0.0000
vt 0.1603 0.0410 0.0000
vt 0.1603 0.0563 0.0000
vt 0.1549 0.0563 0.0000
vt 0.1549 0.0410 0.0000
vt 0.1164 0.2067 0.0000
vt 0.1164 0.2220 0.0000
vt 0.1084 0.2220 0.0000
vt 0.1084 0.2067 0.0000
vt 0.7951 0.9423 0.0000
vt 0.7951 0.9201 0.0000
vt 0.8373 0.9201 0.0000
vt 0.8373 0.9423 0.0000
vt 0.3126 0.1955 0.0000
vt 0.2974 0.1955 0.0000
vt 0.2974 0.1875 0.0000
vt 0.3126 0.1875 0.0000
vt 0.8383 0.1353 0.0000
vt 0.8160 0.1342 0.0000
vt 0.8390 0.0851 0.0000
vt 0.1381 0.3640 0.0000
vt 0.1229 0.3640 0.0000
vt 0.1229 0.3590 0.0000
vt 0.1381 0.3590 0.0000
vt 0.9353 0.6259 0.0000
vt 0.9575 0.6259 0.0000
vt 0.9575 0.6720 0.0000
vt 0.9353 0.6720 0.0000
vt 0.4231 0.9225 0.0000
vt 0.4231 0.9137 0.0000
vt 0.1580 0.9115 0.0000
vt 0.1580 0.9026 0.0000
vt 0.8178 0.6549 0.0000
vt 0.8266 0.6551 0.0000
vt 0.8273 0.8259 0.0000
vt 0.8270 0.8346 0.0000
vt 0.8947 0.9492 0.0000
vt 0.8947 0.9404 0.0000
vt 0.1985 0.8860 0.0000
vt 0.2073 0.8860 0.0000
vt 0.8391 0.0772 0.0000
vt 0.2991 0.8825 0.0000
vt 0.3079 0.8825 0.0000
vt 0.6256 0.3804 0.0000
vt 0.5247 0.3804 0.0000
vt 0.5488 0.3630 0.0000
vt 0.6256 0.3485 0.0000
vt 0.7024 0.3590 0.0000
vt 0.7320 0.3804 0.0000
vt 0.6741 0.1134 0.0000
vt 0.6854 0.1021 0.0000
vt 0.4410 0.0049 0.0000
vt 0.5431 0.1213 0.0000
vt 0.5201 0.1450 0.0000
vt 0.5443 0.7374 0.0000
vt 0.4791 0.4673 0.0000
vt 0.4870 0.4743 0.0000
vt 0.3816 0.5891 0.0000
vt 0.4661 0.4361 0.0000
vt 0.4631 0.1593 0.0000
vt 0.3588 0.1629 0.0000
vt 0.2869 0.4146 0.0000
vt 0.2160 0.5273 0.0000
vt 0.4998 0.3159 0.0000
vt 0.4791 0.2944 0.0000
vt 0.4735 0.0103 0.0000
vt 0.4735 0.0049 0.0000
vt 0.5722 0.0049 0.0000
vt 0.5722 0.0103 0.0000
vt 0.6027 0.0102 0.0000
vt 0.0231 0.1687 0.0000
vt 0.0230 0.2028 0.0000
vt 0.0177 0.1687 0.0000
vt 0.0177 0.0735 0.0000
vt 0.0231 0.0735 0.0000
vt 0.5952 0.3017 0.0000
vt 0.6016 0.3153 0.0000
vt 0.6471 0.2933 0.0000
vt 0.6300 0.2578 0.0000
vt 0.8897 0.4245 0.0000
vt 0.8730 0.4602 0.0000
vt 0.7823 0.3803 0.0000
vt 0.7846 0.3755 0.0000
vt 0.4382 0.7501 0.0024
vt 0.4275 0.7432 0.0152
vt 0.4920 0.7481 0.0268
vt 0.4941 0.7543 0.0125
vt 0.4217 0.7282 0.0200
vt 0.4920 0.7335 0.0328
vt 0.4243 0.7138 0.0142
vt 0.4942 0.7191 0.0268
vt 0.4337 0.7084 0.0010
vt 0.4972 0.7133 0.0125
vt 0.4445 0.7153 -0.0117
vt 0.4993 0.7195 -0.0018
vt 0.4502 0.7303 -0.0166
vt 0.4993 0.7341 -0.0077
vt 0.4477 0.7447 -0.0108
vt 0.4971 0.7485 -0.0018
vt 0.4208 0.7605 -0.0322
vt 0.4051 0.7558 -0.0316
vt 0.3985 0.7414 -0.0316
vt 0.4049 0.7258 -0.0325
vt 0.4205 0.7180 -0.0328
vt 0.4364 0.7225 -0.0328
vt 0.4431 0.7368 -0.0328
vt 0.4365 0.7527 -0.0328
vt 0.4308 0.7555 -0.0328
vt 0.4210 0.7603 -0.0328
vt 0.4055 0.7555 -0.0328
vt 0.3989 0.7412 -0.0328
vt 0.1461 0.5958 0.0000
vt 0.1414 0.5913 0.0000
vt 0.1456 0.5878 0.0000
vt 0.1501 0.5917 0.0000
vt 0.1362 0.5857 0.0000
vt 0.1398 0.5846 0.0000
vt 0.1864 0.6076 0.0000
vt 0.1729 0.6277 0.0000
vt 0.1691 0.6224 0.0000
vt 0.1796 0.6046 0.0000
vt 0.1645 0.6166 0.0000
vt 0.1729 0.6023 0.0000
vt 0.1597 0.6107 0.0000
vt 0.1661 0.6005 0.0000
vt 0.1551 0.6049 0.0000
vt 0.1596 0.5986 0.0000
vt 0.1506 0.6000 0.0000
vt 0.1543 0.5957 0.0000
vt 0.1364 0.6021 0.0000
vt 0.1338 0.5965 0.0000
vt 0.1319 0.5904 0.0000
vt 0.1434 0.6405 0.0000
vt 0.1428 0.6334 0.0000
vt 0.1423 0.6263 0.0000
vt 0.1416 0.6195 0.0000
vt 0.1405 0.6130 0.0000
vt 0.1388 0.6073 0.0000
vt 0.1177 0.6026 0.0000
vt 0.1194 0.5970 0.0000
vt 0.1214 0.5904 0.0000
vt 0.1072 0.6393 0.0000
vt 0.1093 0.6324 0.0000
vt 0.1112 0.6258 0.0000
vt 0.1129 0.6195 0.0000
vt 0.1146 0.6135 0.0000
vt 0.1162 0.6079 0.0000
vt 0.1035 0.5935 0.0000
vt 0.1086 0.5894 0.0000
vt 0.1138 0.5850 0.0000
vt 0.0748 0.6210 0.0000
vt 0.0792 0.6162 0.0000
vt 0.0840 0.6111 0.0000
vt 0.0889 0.6058 0.0000
vt 0.0938 0.6010 0.0000
vt 0.0986 0.5970 0.0000
vt 0.0972 0.5818 0.0000
vt 0.1028 0.5810 0.0000
vt 0.1102 0.5793 0.0000
vt 0.0578 0.5903 0.0000
vt 0.0648 0.5880 0.0000
vt 0.0716 0.5860 0.0000
vt 0.0787 0.5843 0.0000
vt 0.0857 0.5829 0.0000
vt 0.0917 0.5821 0.0000
vt 0.0971 0.5754 0.0000
vt 0.1021 0.5762 0.0000
vt 0.1082 0.5772 0.0000
vt 0.0572 0.5692 0.0000
vt 0.0640 0.5702 0.0000
vt 0.0716 0.5714 0.0000
vt 0.0790 0.5726 0.0000
vt 0.0859 0.5737 0.0000
vt 0.0922 0.5747 0.0000
vt 0.5865 0.2458 0.0000
vt 0.5698 0.2601 0.0000
vt 0.5678 0.2536 0.0000
vt 0.5836 0.2389 0.0000
vt 0.5661 0.2486 0.0000
vt 0.5808 0.2330 0.0000
vt 0.5638 0.2430 0.0000
vt 0.5767 0.2320 0.0000
vt 0.5612 0.2367 0.0000
vt 0.5714 0.2311 0.0000
vt 0.5589 0.2294 0.0000
vt 0.5650 0.2292 0.0000
vt 0.5777 0.2826 0.0000
vt 0.5752 0.2752 0.0000
vt 0.5980 0.2570 0.0000
vt 0.6045 0.2615 0.0000
vt 0.5724 0.2676 0.0000
vt 0.5913 0.2523 0.0000
vt 0.5323 0.2610 0.0000
vt 0.5340 0.2546 0.0000
vt 0.5353 0.2487 0.0000
vt 0.5364 0.2432 0.0000
vt 0.5380 0.2370 0.0000
vt 0.5397 0.2304 0.0000
vt 0.5245 0.2826 0.0000
vt 0.5271 0.2751 0.0000
vt 0.5299 0.2679 0.0000
vt 0.5048 0.2420 0.0000
vt 0.5091 0.2377 0.0000
vt 0.5138 0.2344 0.0000
vt 0.5193 0.2321 0.0000
vt 0.5247 0.2293 0.0000
vt 0.5304 0.2250 0.0000
vt 0.4928 0.2583 0.0000
vt 0.4970 0.2522 0.0000
vt 0.5009 0.2468 0.0000
vt 0.4983 0.2290 0.0000
vt 0.5055 0.2274 0.0000
vt 0.5119 0.2271 0.0000
vt 0.5177 0.2262 0.0000
vt 0.5240 0.2243 0.0000
vt 0.5307 0.2224 0.0000
vt 0.4764 0.2392 0.0000
vt 0.4835 0.2365 0.0000
vt 0.4907 0.2327 0.0000
vt 0.4989 0.2051 0.0000
vt 0.5058 0.2073 0.0000
vt 0.5111 0.2090 0.0000
vt 0.5144 0.2100 0.0000
vt 0.5157 0.2111 0.0000
vt 0.5212 0.2130 0.0000
vt 0.5287 0.2145 0.0000
vt 0.4768 0.2005 0.0000
vt 0.4815 0.1997 0.0000
vt 0.4840 0.2005 0.0000
vt 0.4915 0.2028 0.0000
vt 0.5160 0.2105 0.0000
vt 0.5211 0.2121 0.0000
vt 0.5284 0.2144 0.0000
vt 0.4767 0.1982 0.0000
vt 0.6294 0.5641 0.0000
vt 0.6244 0.5587 0.0000
vt 0.6317 0.5486 0.0000
vt 0.6345 0.5539 0.0000
vt 0.6201 0.5530 0.0000
vt 0.6309 0.5441 0.0000
vt 0.6167 0.5473 0.0000
vt 0.6305 0.5403 0.0000
vt 0.6135 0.5413 0.0000
vt 0.6305 0.5358 0.0000
vt 0.6103 0.5352 0.0000
vt 0.6310 0.5298 0.0000
vt 0.6066 0.5284 0.0000
vt 0.6314 0.5229 0.0000
vt 0.6030 0.5215 0.0000
vt 0.6316 0.5157 0.0000
vt 0.5995 0.5150 0.0000
vt 0.6310 0.5084 0.0000
vt 0.6173 0.5751 0.0000
vt 0.6116 0.5710 0.0000
vt 0.6063 0.5667 0.0000
vt 0.6014 0.5623 0.0000
vt 0.5966 0.5579 0.0000
vt 0.5912 0.5536 0.0000
vt 0.5856 0.5494 0.0000
vt 0.5798 0.5451 0.0000
vt 0.5739 0.5407 0.0000
vt 0.6086 0.5954 0.0000
vt 0.6019 0.5928 0.0000
vt 0.5954 0.5897 0.0000
vt 0.5891 0.5864 0.0000
vt 0.5828 0.5833 0.0000
vt 0.5762 0.5806 0.0000
vt 0.5695 0.5781 0.0000
vt 0.5627 0.5756 0.0000
vt 0.5560 0.5730 0.0000
vt 0.6004 0.6212 0.0000
vt 0.5932 0.6197 0.0000
vt 0.5861 0.6190 0.0000
vt 0.5794 0.6186 0.0000
vt 0.5732 0.6179 0.0000
vt 0.5671 0.6167 0.0000
vt 0.5611 0.6148 0.0000
vt 0.5545 0.6128 0.0000
vt 0.5476 0.6107 0.0000
vt 0.6004 0.6234 0.0000
vt 0.5933 0.6231 0.0000
vt 0.5862 0.6243 0.0000
vt 0.5791 0.6257 0.0000
vt 0.5721 0.6261 0.0000
vt 0.5653 0.6246 0.0000
vt 0.5591 0.6216 0.0000
vt 0.5530 0.6177 0.0000
vt 0.5465 0.6147 0.0000
vt 0.6005 0.6287 0.0000
vt 0.5933 0.6286 0.0000
vt 0.5861 0.6296 0.0000
vt 0.5789 0.6310 0.0000
vt 0.5717 0.6316 0.0000
vt 0.5647 0.6308 0.0000
vt 0.5579 0.6285 0.0000
vt 0.5514 0.6258 0.0000
vt 0.5445 0.6235 0.0000
vt 0.6005 0.6336 0.0000
vt 0.5933 0.6336 0.0000
vt 0.5861 0.6347 0.0000
vt 0.5789 0.6361 0.0000
vt 0.5716 0.6371 0.0000
vt 0.5644 0.6369 0.0000
vt 0.5574 0.6354 0.0000
vt 0.5505 0.6332 0.0000
vt 0.5435 0.6315 0.0000
vt 0.6007 0.6379 0.0000
vt 0.5935 0.6381 0.0000
vt 0.5862 0.6392 0.0000
vt 0.5790 0.6408 0.0000
vt 0.5718 0.6423 0.0000
vt 0.5644 0.6427 0.0000
vt 0.5572 0.6417 0.0000
vt 0.5501 0.6400 0.0000
vt 0.5430 0.6387 0.0000
vt 0.6009 0.6418 0.0000
vt 0.5937 0.6421 0.0000
vt 0.5866 0.6432 0.0000
vt 0.5794 0.6449 0.0000
vt 0.5721 0.6468 0.0000
vt 0.5647 0.6478 0.0000
vt 0.5573 0.6472 0.0000
vt 0.5499 0.6459 0.0000
vt 0.5427 0.6450 0.0000
vt 0.6012 0.6454 0.0000
vt 0.5941 0.6457 0.0000
vt 0.5870 0.6467 0.0000
vt 0.5799 0.6482 0.0000
vt 0.5725 0.6501 0.0000
vt 0.5650 0.6514 0.0000
vt 0.5575 0.6515 0.0000
vt 0.5500 0.6510 0.0000
vt 0.5427 0.6507 0.0000
vt 0.6014 0.6486 0.0000
vt 0.5943 0.6490 0.0000
vt 0.5872 0.6497 0.0000
vt 0.5801 0.6507 0.0000
vt 0.5728 0.6520 0.0000
vt 0.5653 0.6533 0.0000
vt 0.5578 0.6544 0.0000
vt 0.5504 0.6552 0.0000
vt 0.5431 0.6558 0.0000
vt 0.6014 0.6513 0.0000
vt 0.5943 0.6517 0.0000
vt 0.5873 0.6523 0.0000
vt 0.5802 0.6530 0.0000
vt 0.5730 0.6539 0.0000
vt 0.5657 0.6552 0.0000
vt 0.5584 0.6569 0.0000
vt 0.5512 0.6586 0.0000
vt 0.5440 0.6600 0.0000
vt 0.6014 0.6535 0.0000
vt 0.5942 0.6541 0.0000
vt 0.5873 0.6548 0.0000
vt 0.5804 0.6555 0.0000
vt 0.5733 0.6563 0.0000
vt 0.5662 0.6577 0.0000
vt 0.5591 0.6598 0.0000
vt 0.5521 0.6619 0.0000
vt 0.5450 0.6637 0.0000
vt 0.6014 0.6556 0.0000
vt 0.5944 0.6564 0.0000
vt 0.5874 0.6572 0.0000
vt 0.5806 0.6580 0.0000
vt 0.5737 0.6590 0.0000
vt 0.5668 0.6606 0.0000
vt 0.5600 0.6629 0.0000
vt 0.5531 0.6652 0.0000
vt 0.5462 0.6673 0.0000
vt 0.6014 0.6576 0.0000
vt 0.5945 0.6587 0.0000
vt 0.5876 0.6597 0.0000
vt 0.5809 0.6606 0.0000
vt 0.5743 0.6619 0.0000
vt 0.5677 0.6637 0.0000
vt 0.5610 0.6661 0.0000
vt 0.5543 0.6687 0.0000
vt 0.5474 0.6708 0.0000
vt 0.6015 0.6595 0.0000
vt 0.5946 0.6608 0.0000
vt 0.5880 0.6621 0.0000
vt 0.5814 0.6633 0.0000
vt 0.5751 0.6649 0.0000
vt 0.5686 0.6669 0.0000
vt 0.5622 0.6696 0.0000
vt 0.5555 0.6721 0.0000
vt 0.5486 0.6743 0.0000
vt 0.6018 0.6612 0.0000
vt 0.5949 0.6630 0.0000
vt 0.5883 0.6645 0.0000
vt 0.5821 0.6660 0.0000
vt 0.5760 0.6679 0.0000
vt 0.5698 0.6703 0.0000
vt 0.5635 0.6731 0.0000
vt 0.5567 0.6757 0.0000
vt 0.5498 0.6778 0.0000
vt 0.6018 0.6625 0.0000
vt 0.5954 0.6654 0.0000
vt 0.5893 0.6677 0.0000
vt 0.5834 0.6695 0.0000
vt 0.5773 0.6714 0.0000
vt 0.5710 0.6732 0.0000
vt 0.5644 0.6754 0.0000
vt 0.5576 0.6781 0.0000
vt 0.5508 0.6807 0.0000
vt 0.6101 0.6730 0.0000
vt 0.6036 0.6767 0.0000
vt 0.5973 0.6808 0.0000
vt 0.5912 0.6850 0.0000
vt 0.5856 0.6888 0.0000
vt 0.5798 0.6928 0.0000
vt 0.5741 0.6970 0.0000
vt 0.5685 0.7011 0.0000
vt 0.5625 0.7049 0.0000
vt 0.6116 0.6808 0.0000
vt 0.6061 0.6842 0.0000
vt 0.6010 0.6877 0.0000
vt 0.5961 0.6911 0.0000
vt 0.5912 0.6949 0.0000
vt 0.5871 0.6999 0.0000
vt 0.5836 0.7059 0.0000
vt 0.5799 0.7122 0.0000
vt 0.5758 0.7180 0.0000
vt 0.6136 0.6839 0.0000
vt 0.6096 0.6902 0.0000
vt 0.6075 0.6954 0.0000
vt 0.6054 0.7002 0.0000
vt 0.6032 0.7048 0.0000
vt 0.6007 0.7094 0.0000
vt 0.5978 0.7140 0.0000
vt 0.5943 0.7193 0.0000
vt 0.5905 0.7253 0.0000
vt 0.6146 0.6844 0.0000
vt 0.6147 0.6912 0.0000
vt 0.6160 0.6980 0.0000
vt 0.6179 0.7044 0.0000
vt 0.6190 0.7101 0.0000
vt 0.6183 0.7162 0.0000
vt 0.6131 0.7219 0.0000
vt 0.6080 0.7271 0.0000
vt 0.6031 0.7325 0.0000
vt 0.6263 0.6753 0.0000
vt 0.6291 0.6813 0.0000
vt 0.6304 0.6837 0.0000
vt 0.6302 0.6888 0.0000
vt 0.6301 0.6984 0.0000
vt 0.6300 0.7093 0.0000
vt 0.6294 0.7202 0.0000
vt 0.6307 0.7318 0.0000
vt 0.6299 0.7322 0.0000
vt 0.6254 0.7410 0.0000
vt 0.6259 0.7517 0.0000
vt 0.6321 0.6673 0.0000
vt 0.6306 0.6793 0.0000
vt 0.6307 0.7324 0.0000
vt 0.6308 0.7385 0.0000
vt 0.6311 0.7457 0.0000
vt 0.9079 0.7673 0.0000
vt 0.9104 0.7620 0.0000
vt 0.9140 0.7598 0.0000
vt 0.9139 0.7619 0.0000
vt 0.9158 0.7615 0.0000
vt 0.9152 0.7617 0.0000
vt 0.9149 0.7632 0.0000
vt 0.9349 0.7633 0.0000
vt 0.9057 0.7278 0.0000
vt 0.9102 0.7222 0.0000
vt 0.9414 0.7595 0.0000
vt 0.9150 0.7166 0.0000
vt 0.9473 0.7550 0.0000
vt 0.8815 0.7591 0.0000
vt 0.8854 0.7530 0.0000
vt 0.9069 0.7741 0.0000
vt 0.8896 0.7472 0.0000
vt 0.8938 0.7423 0.0000
vt 0.8975 0.7378 0.0000
vt 0.9168 0.7637 0.0000
vt 0.8659 0.7237 0.0000
vt 0.8676 0.7169 0.0000
vt 0.9015 0.7329 0.0000
vt 0.8695 0.7100 0.0000
vt 0.8714 0.7029 0.0000
vt 0.8734 0.6957 0.0000
vt 0.8595 0.7513 0.0000
vt 0.8611 0.7442 0.0000
vt 0.8627 0.7373 0.0000
vt 0.8643 0.7305 0.0000
vt 0.8061 0.7237 0.0000
vt 0.8052 0.7170 0.0000
vt 0.8043 0.7100 0.0000
vt 0.8035 0.7030 0.0000
vt 0.8026 0.6958 0.0000
vt 0.8100 0.7519 0.0000
vt 0.8091 0.7446 0.0000
vt 0.8081 0.7374 0.0000
vt 0.8070 0.7305 0.0000
vt 0.7730 0.7357 0.0000
vt 0.7704 0.7290 0.0000
vt 0.7682 0.7225 0.0000
vt 0.7662 0.7153 0.0000
vt 0.7642 0.7082 0.0000
vt 0.7820 0.7626 0.0000
vt 0.7802 0.7557 0.0000
vt 0.7783 0.7489 0.0000
vt 0.7761 0.7422 0.0000
vt 0.7419 0.7386 0.0000
vt 0.7507 0.7401 0.0000
vt 0.7337 0.7376 0.0000
vt 0.7132 0.7344 0.0000
vt 0.7156 0.7237 0.0000
vt 0.7129 0.7169 0.0000
vt 0.7306 0.7620 0.0000
vt 0.7317 0.7550 0.0000
vt 0.7325 0.7481 0.0000
vt 0.7330 0.7416 0.0000
vt 0.7349 0.7376 0.0000
vt 0.7045 0.7331 0.0000
vt 0.6962 0.7318 0.0000
vt 0.7118 0.7334 0.0000
vt 0.7151 0.7340 0.0000
vt 0.7238 0.7356 0.0000
vt 0.7326 0.7371 0.0000
vt 0.1090 0.0052 0.0001
vt 0.1106 0.0049 -0.0001
vt 0.1091 0.0071 -0.0001
vt 0.1648 0.2784 0.0000
vt 0.1581 0.2813 0.0000
vt 0.1432 0.2598 0.0000
vt 0.1456 0.2520 0.0000
vt 0.1514 0.2840 0.0000
vt 0.1399 0.2672 0.0000
vt 0.7558 0.0298 0.0000
vt 0.7553 0.0228 0.0000
vt 0.7607 0.0194 0.0000
vt 0.7758 0.0232 0.0000
vt 0.7748 0.0299 0.0000
vt 0.5982 0.0849 0.0000
vt 0.5995 0.0921 0.0000
vt 0.5834 0.0935 0.0000
vt 0.5831 0.0861 0.0000
vt 0.1692 0.2941 0.0000
vt 0.1624 0.2960 0.0000
vt 0.1554 0.2977 0.0000
vt 0.7436 0.0318 0.0000
vt 0.7426 0.0245 0.0000
vt 0.7421 0.0184 0.0000
vt 0.7549 0.0187 0.0000
vt 0.6351 0.0723 0.0000
vt 0.6368 0.0792 0.0000
vt 0.5969 0.0776 0.0000
vt 0.6385 0.0864 0.0000
vt 0.1812 0.3304 0.0000
vt 0.1741 0.3315 0.0000
vt 0.1670 0.3327 0.0000
vt 0.7118 0.0407 0.0000
vt 0.7101 0.0336 0.0000
vt 0.7078 0.0281 0.0000
vt 0.7227 0.0222 0.0000
vt 0.6579 0.0635 0.0000
vt 0.6669 0.0623 0.0000
vt 0.6667 0.0680 0.0000
vt 0.6663 0.0755 0.0000
vt 0.1843 0.3599 0.0000
vt 0.1770 0.3599 0.0000
vt 0.1698 0.3603 0.0000
vt 0.6964 0.0434 0.0000
vt 0.6904 0.0455 0.0000
vt 0.6872 0.0442 0.0000
vt 0.7014 0.0301 0.0000
vt 0.7066 0.0261 0.0000
vt 0.7200 0.0872 0.0000
vt 0.7204 0.0944 0.0000
vt 0.1774 0.4165 0.0000
vt 0.1707 0.4147 0.0000
vt 0.1640 0.4129 0.0000
vt 0.7325 0.0651 0.0000
vt 0.7270 0.0698 0.0000
vt 0.7233 0.0729 0.0000
vt 0.7015 0.0635 0.0000
vt 0.7420 0.0695 0.0000
vt 0.7575 0.0678 0.0000
vt 0.7615 0.0724 0.0000
vt 0.7197 0.0812 0.0000
vt 0.7749 0.0770 0.0000
vt 0.1541 0.4638 0.0000
vt 0.1501 0.4662 0.0000
vt 0.1434 0.4654 0.0000
vt 0.7625 0.1290 0.0000
vt 0.7586 0.1288 0.0000
vt 0.7468 0.1136 0.0000
vt 0.7269 0.0881 0.0000
vt 0.7204 0.0727 0.0000
vt 0.7206 0.0764 0.0000
vt 0.7695 0.0749 0.0000
vt 0.7615 0.0713 0.0000
vt 0.1533 0.4750 0.0000
vt 0.1458 0.4752 0.0000
vt 0.1452 0.4753 0.0000
vt 0.1435 0.4670 0.0000
vt 0.7628 0.1337 0.0000
vt 0.7848 0.0629 0.0000
vt 0.7978 0.0605 0.0000
vt 0.1510 0.5084 0.0000
vt 0.1458 0.4786 0.0000
vt 0.0642 0.0049 -0.0013
vt 0.0840 0.0206 0.0013
vt 0.0821 0.0238 -0.0013
vt 0.1082 0.0257 -0.0013
vt 0.1200 0.0359 -0.0013
vt 0.0865 0.0164 0.0003
vt 0.6145 0.9647 0.0000
vt 0.6183 0.9588 0.0000
vt 0.6255 0.9604 0.0000
vt 0.6192 0.9738 0.0000
vt 0.6328 0.9624 0.0000
vt 0.6130 0.9911 0.0000
vt 0.6396 0.9649 0.0000
vt 0.6118 0.9951 0.0000
vt 0.6119 0.9941 0.0000
vt 0.6184 0.9403 0.0000
vt 0.6258 0.9402 0.0000
vt 0.6332 0.9403 0.0000
vt 0.6404 0.9404 0.0000
vt 0.8425 0.2652 0.0000
vt 0.8426 0.2582 0.0000
vt 0.8639 0.2580 0.0000
vt 0.8661 0.2648 0.0000
vt 0.8428 0.2513 0.0000
vt 0.8624 0.2514 0.0000
vt 0.8429 0.2443 0.0000
vt 0.8456 0.2443 0.0000
vt 0.8611 0.2450 0.0000
vt 0.8606 0.2442 0.0000
vt 0.6158 0.9065 0.0000
vt 0.6231 0.9062 0.0000
vt 0.6303 0.9059 0.0000
vt 0.6374 0.9055 0.0000
vt 0.8082 0.2632 0.0000
vt 0.8085 0.2563 0.0000
vt 0.8087 0.2493 0.0000
vt 0.8089 0.2446 0.0000
vt 0.6150 0.8747 0.0000
vt 0.6224 0.8748 0.0000
vt 0.6299 0.8748 0.0000
vt 0.6371 0.8747 0.0000
vt 0.7780 0.2626 0.0000
vt 0.7779 0.2557 0.0000
vt 0.7777 0.2487 0.0000
vt 0.7776 0.2449 0.0000
vt 0.6179 0.8492 0.0000
vt 0.6245 0.8479 0.0000
vt 0.6311 0.8462 0.0000
vt 0.6377 0.8438 0.0000
vt 0.7494 0.2644 0.0000
vt 0.7504 0.2575 0.0000
vt 0.7513 0.2507 0.0000
vt 0.7522 0.2451 0.0000
vt 0.6179 0.8474 0.0000
vt 0.6191 0.8404 0.0000
vt 0.6192 0.8298 0.0000
vt 0.6165 0.8149 0.0000
vt 0.7217 0.2492 0.0000
vt 0.7250 0.2454 0.0000
vt 0.7286 0.2454 0.0000
vt 0.7405 0.2453 0.0000
vt 0.6177 0.8466 0.0000
vt 0.6136 0.8419 0.0000
vt 0.6136 0.8415 0.0000
vt 0.6137 0.8353 0.0000
vt 0.6139 0.8191 0.0000
vt 0.7189 0.2454 0.0000
vt 0.6136 0.8473 0.0000
vt 0.6137 0.8381 0.0000
vt 0.6141 0.8492 0.0000
vt 0.0286 0.5878 0.0000
vt 0.0357 0.5614 0.0000
vt 0.0314 0.5682 0.0000
vt 0.0337 0.5494 0.0000
vt 0.0352 0.5360 0.0000
vt 0.0332 0.5389 0.0000
vt 0.0323 0.5655 0.0000
vt 0.0350 0.5394 0.0000
vt 0.0323 0.5178 0.0000
vt 0.0355 0.5184 0.0000
vt 0.0358 0.5293 0.0000
vt 0.0334 0.5096 0.0000
vt 0.0299 0.5245 0.0000
vt 0.0295 0.5243 0.0000
vt 0.0373 0.5089 0.0000
vt 0.0367 0.5151 0.0000
vt 0.0363 0.5184 0.0000
vt 0.0233 0.5105 0.0000
vt 0.0312 0.5082 0.0000
vt 0.0375 0.5067 0.0000
vt 0.0072 0.5130 0.0000
vt 0.0153 0.5117 0.0000
vt 0.0287 0.5432 0.0000
vt 0.0251 0.5465 0.0000
vt 0.0208 0.4733 0.0000
vt 0.0292 0.4738 0.0000
vt 0.0371 0.4741 0.0000
vt 0.0391 0.4916 0.0000
vt 0.0441 0.5052 0.0000
vt 0.0522 0.4749 0.0000
vt 0.0602 0.4758 0.0000
vt 0.0517 0.5084 0.0000
vt 0.0684 0.4769 0.0000
vt 0.0593 0.5127 0.0000
vt 0.0049 0.4720 0.0000
vt 0.0127 0.4728 0.0000
vt 0.0328 0.4196 0.0000
vt 0.0410 0.4209 0.0000
vt 0.0462 0.4214 0.0000
vt 0.0431 0.4518 0.0000
vt 0.0434 0.4494 0.0000
vt 0.0449 0.4742 0.0000
vt 0.0462 0.4211 0.0000
vt 0.0519 0.4209 0.0000
vt 0.0604 0.4214 0.0000
vt 0.0687 0.4219 0.0000
vt 0.0162 0.4168 0.0000
vt 0.0245 0.4182 0.0000
vt 0.0386 0.3626 0.0000
vt 0.0470 0.3637 0.0000
vt 0.0520 0.3642 0.0000
vt 0.0575 0.3643 0.0000
vt 0.0658 0.3649 0.0000
vt 0.0742 0.3655 0.0000
vt 0.0224 0.3592 0.0000
vt 0.0304 0.3611 0.0000
vt 0.0743 0.1343 0.0000
vt 0.0744 0.1352 0.0000
vt 0.0741 0.1369 0.0000
vt 0.0651 0.2299 0.0000
vt 0.0740 0.1335 0.0000
vt 0.0742 0.1323 0.0000
vt 0.0738 0.1282 0.0000
vt 0.0738 0.1320 0.0000
vt 0.0740 0.1349 0.0000
vt 0.0049 0.8405 0.0000
vt 0.0139 0.8044 0.0000
vt 0.0197 0.8411 0.0000
vt 0.0256 0.8043 0.0000
vt 0.0256 0.8115 0.0000
vt 0.0278 0.8404 0.0000
vt 0.0080 0.8501 0.0000
vt 0.0233 0.8857 0.0000
vt 0.0338 0.8764 0.0000
vt 0.0391 0.8986 0.0000
vt 0.0050 0.7601 0.0000
vt 0.0172 0.7228 0.0000
vt 0.0218 0.7600 0.0000
vt 0.0341 0.7096 0.0000
vt 0.0343 0.7256 0.0000
vt 0.0331 0.7573 0.0000
vt 0.0068 0.7684 0.0000
vt 0.0296 0.7932 0.0000
vt 0.0560 0.8411 0.0000
vt 0.0393 0.8423 0.0000
vt 0.0408 0.8036 0.0000
vt 0.0546 0.8492 0.0000
vt 0.0496 0.8861 0.0000
vt 0.0560 0.7570 0.0000
vt 0.0412 0.7576 0.0000
vt 0.0470 0.7212 0.0000
vt 0.0535 0.7661 0.0000
vt 0.8493 0.2100 0.0000
vt 0.8123 0.2003 0.0000
vt 0.8507 0.1951 0.0000
vt 0.8123 0.1887 0.0000
vt 0.8197 0.1900 0.0000
vt 0.8518 0.1906 0.0000
vt 0.8536 0.2097 0.0000
vt 0.8914 0.2117 0.0000
vt 0.8883 0.1994 0.0000
vt 0.9098 0.2062 0.0000
vt 0.7684 0.2117 0.0000
vt 0.7300 0.2054 0.0000
vt 0.7660 0.1950 0.0000
vt 0.7143 0.1902 0.0000
vt 0.7296 0.1881 0.0000
vt 0.7621 0.1838 0.0000
vt 0.7753 0.2095 0.0000
vt 0.7988 0.1881 0.0000
vt 0.9043 0.1930 0.0000
vt 0.8669 0.1857 0.0000
vt 0.8937 0.1875 0.0000
vt 0.7616 0.1792 0.0000
vt 0.7244 0.1779 0.0000
vt 0.6509 0.8112 0.0000
vt 0.6165 0.7971 0.0000
vt 0.6538 0.7968 0.0000
vt 0.6169 0.7840 0.0000
vt 0.6239 0.7848 0.0000
vt 0.6253 0.7849 0.0000
vt 0.6368 0.7861 0.0000
vt 0.6554 0.7892 0.0000
vt 0.6579 0.8110 0.0000
vt 0.6961 0.8104 0.0000
vt 0.6922 0.7968 0.0000
vt 0.7141 0.8033 0.0000
vt 0.5710 0.8112 0.0000
vt 0.5336 0.8002 0.0000
vt 0.5705 0.7946 0.0000
vt 0.5195 0.7839 0.0000
vt 0.5352 0.7828 0.0000
vt 0.5674 0.7835 0.0000
vt 0.5807 0.8083 0.0000
vt 0.6026 0.7852 0.0000
vt 0.8322 0.3530 0.0000
vt 0.7958 0.3405 0.0000
vt 0.8345 0.3384 0.0000
vt 0.7967 0.3251 0.0000
vt 0.8042 0.3314 0.0000
vt 0.8361 0.3304 0.0000
vt 0.8380 0.3529 0.0000
vt 0.8759 0.3539 0.0000
vt 0.8726 0.3400 0.0000
vt 0.8943 0.3477 0.0000
vt 0.7512 0.3539 0.0000
vt 0.7130 0.3459 0.0000
vt 0.7495 0.3372 0.0000
vt 0.6980 0.3302 0.0000
vt 0.7137 0.3286 0.0000
vt 0.7459 0.3260 0.0000
vt 0.7594 0.3512 0.0000
vt 0.7816 0.3279 0.0000
vt 0.8887 0.3343 0.0000
vt 0.8578 0.3305 0.0000
vt 0.8867 0.3331 0.0000
vt 0.7081 0.3178 0.0000
vt 0.5343 0.8665 0.0000
vt 0.5165 0.8946 0.0000
vt 0.5200 0.8558 0.0000
vt 0.5026 0.8967 0.0000
vt 0.4986 0.8815 0.0000
vt 0.5014 0.8543 0.0000
vt 0.5367 0.8509 0.0000
vt 0.5236 0.8205 0.0000
vt 0.5041 0.8279 0.0000
vt 0.5166 0.8073 0.0000
vt 0.5364 0.9364 0.0000
vt 0.5269 0.9676 0.0000
vt 0.5200 0.9302 0.0000
vt 0.5163 0.9772 0.0000
vt 0.5054 0.9611 0.0000
vt 0.5017 0.9314 0.0000
vt 0.5358 0.9220 0.0000
vt 0.4987 0.9064 0.0000
vt 0.4669 0.8629 0.0000
vt 0.4826 0.8541 0.0000
vt 0.4791 0.8951 0.0000
vt 0.4666 0.8469 0.0000
vt 0.4851 0.8183 0.0000
vt 0.4686 0.9416 0.0000
vt 0.4834 0.9325 0.0000
vt 0.4852 0.9706 0.0000
vt 0.4666 0.9273 0.0000
vt 0.3993 0.6700 0.0000
vt 0.0892 0.4911 0.0000
vt 0.0895 0.4910 0.0000
vt 0.1253 0.4910 0.0000
vt 0.1327 0.2393 0.0000
vt 0.0924 0.2393 0.0000
vt 0.0921 0.2393 0.0000
vt 0.1480 0.5834 0.0000
vt 0.1533 0.5843 0.0000
vt 0.1415 0.5824 0.0000
vt 0.1835 0.5890 0.0000
vt 0.1905 0.5901 0.0000
vt 0.1761 0.5878 0.0000
vt 0.1693 0.5868 0.0000
vt 0.1633 0.5858 0.0000
vt 0.1579 0.5850 0.0000
vt 0.5885 0.2331 0.0000
vt 0.5957 0.2353 0.0000
vt 0.5819 0.2310 0.0000
vt 0.5771 0.2296 0.0000
vt 0.5681 0.2268 0.0000
vt 0.5573 0.2234 0.0000
vt 0.6133 0.2408 0.0000
vt 0.6076 0.2391 0.0000
vt 0.6019 0.2373 0.0000
vt 0.6325 0.5517 0.0000
vt 0.6326 0.5478 0.0000
vt 0.6328 0.5436 0.0000
vt 0.6329 0.5400 0.0000
vt 0.6330 0.5359 0.0000
vt 0.6332 0.5301 0.0000
vt 0.6334 0.5234 0.0000
vt 0.6336 0.5160 0.0000
vt 0.6338 0.5085 0.0000
vt 0.9134 0.7607 0.0000
vt 0.9130 0.7623 0.0000
vt 0.9121 0.7626 0.0000
vt 0.9151 0.7631 0.0000
vt 0.9298 0.7657 0.0000
vt 0.9367 0.7668 0.0000
vt 0.9462 0.7682 0.0000
vt 0.9545 0.7695 0.0000
vt 0.9135 0.7553 0.0000
vt 0.9257 0.7651 0.0000
vt 0.1090 0.0049 -0.0001
vt 0.1049 0.0051 -0.0001
vt 0.5507 0.0880 0.0000
vt 0.5517 0.0949 0.0000
vt 0.5398 0.0907 0.0000
vt 0.1312 0.2540 0.0000
vt 0.1319 0.2613 0.0000
vt 0.1326 0.2679 0.0000
vt 0.7794 0.0247 0.0000
vt 0.5825 0.0801 0.0000
vt 0.5521 0.0877 0.0000
vt 0.5928 0.0776 0.0000
vt 0.5968 0.0766 0.0000
vt 0.6339 0.0679 0.0000
vt 0.6763 0.0631 0.0000
vt 0.6826 0.0627 0.0000
vt 0.7592 0.0677 0.0000
vt 0.0871 0.0155 -0.0013
vt 0.0741 0.0066 -0.0013
vt 0.6122 0.9644 0.0000
vt 0.6122 0.9643 0.0000
vt 0.6122 0.9686 0.0000
vt 0.6120 0.9789 0.0000
vt 0.6123 0.9577 0.0000
vt 0.8914 0.2439 0.0000
vt 0.8968 0.2439 0.0000
vt 0.8755 0.2440 0.0000
vt 0.8616 0.2442 0.0000
vt 0.6125 0.9405 0.0000
vt 0.6129 0.9066 0.0000
vt 0.6133 0.8746 0.0000
vt 0.6135 0.8502 0.0000
vt 0.6136 0.8489 0.0000
vt 0.6135 0.8491 0.0000
vt 0.0301 0.5764 0.0000
vt 0.0315 0.5658 0.0000
vt 0.0355 0.5306 0.0000
vt 0.0353 0.5272 0.0000
vt 0.0351 0.5302 0.0000
vt 0.0376 0.5352 0.0000
vt 0.0345 0.5361 0.0000
vt 0.0334 0.5464 0.0000
vt 0.0349 0.5340 0.0000
vt 0.0379 0.5031 0.0000
vt 0.0370 0.5120 0.0000
vt 0.0357 0.5246 0.0000
vt 0.0389 0.4929 0.0000
vt 0.0520 0.3639 0.0000
vt 0.0649 0.2320 0.0000
vt 0.8382 0.1837 0.0000
vt 0.8553 0.1849 0.0000
vt 0.8191 0.1824 0.0000
vt 0.8109 0.1818 0.0000
vt 0.8999 0.1879 0.0000
vt 0.7302 0.1757 0.0000
vt 0.7612 0.1782 0.0000
vt 0.7657 0.1785 0.0000
vt 0.7622 0.1782 0.0000
vt 0.8025 0.1812 0.0000
vt 0.6560 0.7881 0.0000
vt 0.7008 0.7927 0.0000
vt 0.7103 0.7936 0.0000
vt 0.6817 0.7907 0.0000
vt 0.5558 0.7777 0.0000
vt 0.5675 0.7789 0.0000
vt 0.5317 0.7751 0.0000
vt 0.5258 0.7745 0.0000
vt 0.6039 0.7827 0.0000
vt 0.5883 0.7811 0.0000
vt 0.8181 0.3270 0.0000
vt 0.8372 0.3287 0.0000
vt 0.8052 0.3258 0.0000
vt 0.8878 0.3332 0.0000
vt 0.7211 0.3183 0.0000
vt 0.7094 0.3172 0.0000
vt 0.7432 0.3203 0.0000
vt 0.7454 0.3205 0.0000
vt 0.7835 0.3239 0.0000
vt 0.7511 0.3210 0.0000
vt 0.0051 0.0473 0.0000
vt 0.6222 0.0281 0.0000
vt 0.2015 0.6159 0.0000
vt 0.3441 0.1562 0.0000
vt 0.0857 0.5039 0.0000
vt 0.5466 0.4479 0.0000
vt 0.5466 0.4229 0.0000
vt 0.5587 0.4229 0.0000
vt 0.5587 0.4479 0.0000
vt 0.5345 0.4479 0.0000
vt 0.5345 0.4229 0.0000
vt 0.6964 0.8593 0.0000
vt 0.6503 0.8593 0.0000
vt 0.6503 0.8459 0.0000
vt 0.6964 0.8459 0.0000
vt 0.6964 0.8728 0.0000
vt 0.6503 0.8728 0.0000
vt 0.5755 0.4229 0.0000
vt 0.5755 0.4479 0.0000
vt 0.0463 0.1348 0.0000
vt 0.0463 0.1516 0.0000
vt 0.0409 0.1516 0.0000
vt 0.0409 0.1348 0.0000
vt 0.6503 0.8236 0.0000
vt 0.6964 0.8236 0.0000
vt 0.3439 0.0217 0.0000
vt 0.3439 0.0049 0.0000
vt 0.3766 0.0049 0.0000
vt 0.3766 0.0217 0.0000
vt 0.9169 0.0049 0.0000
vt 0.9303 0.0049 0.0000
vt 0.9303 0.0471 0.0000
vt 0.9169 0.0471 0.0000
vt 0.9034 0.0049 0.0000
vt 0.9034 0.0471 0.0000
vt 0.9526 0.0049 0.0000
vt 0.9526 0.0471 0.0000
vt 0.5177 0.4479 0.0000
vt 0.5177 0.4229 0.0000
vt 0.3766 0.0338 0.0000
vt 0.3766 0.0459 0.0000
vt 0.3439 0.0459 0.0000
vt 0.3439 0.0338 0.0000
vt 0.3766 0.0627 0.0000
vt 0.3439 0.0627 0.0000
vt 0.3043 0.2576 0.0000
vt 0.3043 0.2799 0.0000
vt 0.2636 0.2799 0.0000
vt 0.2636 0.2576 0.0000
vt 0.2636 0.2441 0.0000
vt 0.2636 0.2307 0.0000
vt 0.3043 0.2307 0.0000
vt 0.3043 0.2441 0.0000
vt 0.2636 0.2084 0.0000
vt 0.3043 0.2084 0.0000
vt 0.1375 0.0217 0.0000
vt 0.1375 0.0049 0.0000
vt 0.1424 0.0049 0.0000
vt 0.1424 0.0217 0.0000
vt 0.9349 0.5914 0.0000
vt 0.9349 0.6137 0.0000
vt 0.8835 0.6137 0.0000
vt 0.8835 0.5914 0.0000
vt 0.0409 0.1227 0.0000
vt 0.0409 0.1106 0.0000
vt 0.0463 0.1106 0.0000
vt 0.0463 0.1227 0.0000
vt 0.0409 0.0938 0.0000
vt 0.0463 0.0938 0.0000
vt 0.8101 0.8666 0.0000
vt 0.8102 0.8772 0.0000
vt 0.8025 0.8786 0.0000
vt 0.8022 0.8661 0.0000
vt 0.8114 0.8562 0.0000
vt 0.8037 0.8537 0.0000
vt 0.8166 0.8904 0.0000
vt 0.8092 0.8947 0.0000
vt 0.8811 0.0471 0.0000
vt 0.8811 0.0049 0.0000
vt 0.8124 0.8386 0.0000
vt 0.8180 0.8435 0.0000
vt 0.8835 0.5779 0.0000
vt 0.8835 0.5644 0.0000
vt 0.9349 0.5644 0.0000
vt 0.9349 0.5779 0.0000
vt 0.8835 0.5421 0.0000
vt 0.9349 0.5421 0.0000
vt 0.1424 0.0338 0.0000
vt 0.1424 0.0459 0.0000
vt 0.1375 0.0459 0.0000
vt 0.1375 0.0338 0.0000
vt 0.1424 0.0627 0.0000
vt 0.1375 0.0627 0.0000
vt 0.6964 0.8951 0.0000
vt 0.6503 0.8951 0.0000
vt 0.4376 0.9089 0.0000
vt 0.4429 0.8930 0.0000
vt 0.4512 0.8943 0.0000
vt 0.4442 0.9155 0.0000
vt 0.4429 0.8809 0.0000
vt 0.4512 0.8809 0.0000
vt 0.4429 0.8688 0.0000
vt 0.4512 0.8674 0.0000
vt 0.4376 0.8529 0.0000
vt 0.4442 0.8463 0.0000
vt 0.1724 0.8979 0.0000
vt 0.1778 0.8819 0.0000
vt 0.1861 0.8833 0.0000
vt 0.1791 0.9044 0.0000
vt 0.1778 0.8698 0.0000
vt 0.1861 0.8698 0.0000
vt 0.1778 0.8577 0.0000
vt 0.1861 0.8564 0.0000
vt 0.1724 0.8418 0.0000
vt 0.1791 0.8352 0.0000
vt 0.8307 0.6697 0.0000
vt 0.8462 0.6751 0.0000
vt 0.8449 0.6835 0.0000
vt 0.8240 0.6763 0.0000
vt 0.8581 0.6750 0.0000
vt 0.8581 0.6834 0.0000
vt 0.8700 0.6751 0.0000
vt 0.8712 0.6835 0.0000
vt 0.8858 0.6702 0.0000
vt 0.8921 0.6771 0.0000
vt 0.7957 0.8512 0.0000
vt 0.8066 0.8313 0.0000
vt 0.7939 0.8656 0.0000
vt 0.7942 0.8800 0.0000
vt 0.8029 0.9016 0.0000
vt 0.9091 0.9357 0.0000
vt 0.9145 0.9197 0.0000
vt 0.9228 0.9211 0.0000
vt 0.9158 0.9422 0.0000
vt 0.9145 0.9076 0.0000
vt 0.9228 0.9076 0.0000
vt 0.9145 0.8955 0.0000
vt 0.9228 0.8942 0.0000
vt 0.9091 0.8796 0.0000
vt 0.9158 0.8730 0.0000
vt 0.2121 0.9004 0.0000
vt 0.2280 0.9057 0.0000
vt 0.2267 0.9141 0.0000
vt 0.2055 0.9070 0.0000
vt 0.2401 0.9057 0.0000
vt 0.2401 0.9141 0.0000
vt 0.2522 0.9057 0.0000
vt 0.2536 0.9141 0.0000
vt 0.2681 0.9004 0.0000
vt 0.2747 0.9070 0.0000
vt 0.8543 0.0747 0.0000
vt 0.8600 0.0590 0.0000
vt 0.8684 0.0606 0.0000
vt 0.8607 0.0822 0.0000
vt 0.8600 0.0469 0.0000
vt 0.8684 0.0470 0.0000
vt 0.8600 0.0347 0.0000
vt 0.8683 0.0335 0.0000
vt 0.8545 0.0187 0.0000
vt 0.8612 0.0121 0.0000
vt 0.3127 0.8969 0.0000
vt 0.3286 0.9022 0.0000
vt 0.3273 0.9106 0.0000
vt 0.3061 0.9035 0.0000
vt 0.3407 0.9022 0.0000
vt 0.3407 0.9106 0.0000
vt 0.3528 0.9022 0.0000
vt 0.3542 0.9106 0.0000
vt 0.3687 0.8969 0.0000
vt 0.3753 0.9035 0.0000
vt 0.1621 0.2029 0.0000
vt 0.1466 0.2117 0.0000
vt 0.1409 0.1528 0.0000
vt 0.1515 0.1490 0.0000
vt 0.2040 0.2393 0.0000
vt 0.1910 0.2481 0.0000
vt 0.2197 0.7128 0.0000
vt 0.2378 0.7185 0.0000
vt 0.2845 0.6207 0.0000
vt 0.2690 0.6105 0.0000
vt 0.2644 0.7288 0.0000
vt 0.3345 0.6473 0.0000
vt 0.3060 0.5688 0.0000
vt 0.2694 0.5341 0.0000
vt 0.3168 0.5815 0.0000
vt 0.3566 0.4180 0.0000
vt 0.3368 0.4245 0.0000
vt 0.4070 0.4252 0.0000
vt 0.4107 0.1574 0.0000
vt 0.4047 0.1672 0.0000
vt 0.4146 0.1705 0.0000
vt 0.4189 0.0923 0.0000
vt 0.4230 0.0372 0.0000
vt 0.3799 0.1270 0.0000
vt 0.3758 0.1586 0.0000
vt 0.4470 0.1574 0.0000
vt 0.4508 0.1227 0.0000
vt 0.1991 0.1825 0.0000
vt 0.1599 0.1163 0.0000
vt 0.2379 0.2509 0.0000
vt 0.2028 0.2743 0.0000
vt 0.3747 0.6535 0.0000
vt 0.2775 0.7660 0.0000
vt 0.3014 0.7835 0.0000
vt 0.1209 0.1320 0.0000
vt 0.2328 0.7259 0.0000
vt 0.2327 0.7240 0.0000
vt 0.2058 0.7159 0.0000
vt 0.1718 0.7284 0.0000
vt 0.2691 0.7380 0.0000
vt 0.3474 0.6472 0.0000
vt 0.3561 0.5840 0.0000
vt 0.3294 0.5802 0.0000
vt 0.4442 0.4290 0.0000
vt 0.4189 0.4241 0.0000
vt 0.4252 0.1644 0.0000
vt 0.4137 0.1360 0.0000
vt 0.3964 0.1624 0.0000
vt 0.3066 0.4153 0.0000
vt 0.3280 0.4196 0.0000
vt 0.2362 0.5278 0.0000
vt 0.2598 0.5301 0.0000
vt 0.2339 0.6073 0.0000
vt 0.2588 0.6076 0.0000
vt 0.2397 0.4226 0.0000
vt 0.2362 0.4248 0.0000
vt 0.5049 0.6289 0.0000
vt 0.5182 0.4691 0.0000
vt 0.5300 0.4814 0.0000
vt 0.5300 0.6554 0.0000
vt 0.0181 0.0184 0.0000
vt 0.0217 0.0171 0.0000
vt 0.4960 0.4858 0.0000
vt 0.4919 0.6424 0.0000
vt 0.2134 0.1748 0.0000
vt 0.1686 0.1060 0.0000
vt 0.2511 0.2497 0.0000
vt 0.2511 0.4277 0.0000
vt 0.2265 0.4345 0.0000
vt 0.1905 0.2797 0.0000
vt 0.1776 0.2590 0.0000
vt 0.1359 0.2175 0.0000
vt 0.1249 0.1591 0.0000
vt 0.1101 0.1391 0.0000
vt 0.0049 0.0207 0.0000
vt 0.0247 0.0049 0.0000
vt 0.2644 0.0049 0.0000
vt 0.2523 0.0440 0.0000
vt 0.1837 0.0219 0.0000
vt 0.1619 0.0049 0.0000
vt 0.2976 0.0119 0.0000
vt 0.3316 0.0338 0.0000
vt 0.2844 0.0584 0.0000
vt 0.1729 0.0603 0.0000
vt 0.2450 0.0840 0.0000
vt 0.1962 0.1164 0.0000
vt 0.2878 0.0963 0.0000
vt 0.2742 0.1666 0.0000
vt 0.2365 0.1597 0.0000
vt 0.3287 0.0753 0.0000
vt 0.3187 0.1101 0.0000
vt 0.2742 0.1964 0.0000
vt 0.5462 0.3480 0.0000
vt 0.5744 0.3415 0.0000
vt 0.8488 0.3888 0.0000
vt 0.8132 0.3762 0.0000
vt 0.7716 0.4607 0.0000
vt 0.7557 0.4554 0.0000
vt 0.7837 0.4607 0.0000
vt 0.7958 0.4607 0.0000
vt 0.8117 0.4554 0.0000
vt 0.9222 0.8584 0.0000
vt 0.9063 0.8531 0.0000
vt 0.9343 0.8584 0.0000
vt 0.9464 0.8584 0.0000
vt 0.9623 0.8531 0.0000
vt 0.8610 0.6613 0.0000
vt 0.0049 0.9569 0.0000
vt 0.0049 0.9108 0.0000
vt 0.2636 0.2921 0.0000
vt 0.2964 0.2921 0.0000
vt 0.3371 0.1694 0.0000
vt 0.3371 0.1748 0.0000
vt 0.9612 0.4330 0.0000
vt 0.9189 0.4330 0.0000
vt 0.0049 0.2154 0.0000
vt 0.0298 0.2154 0.0000
vt 0.1706 0.4671 0.0000
vt 0.2033 0.4671 0.0000
vt 0.9668 0.1869 0.0000
vt 0.9668 0.2276 0.0000
vt 0.2758 0.9230 0.0000
vt 0.3165 0.9230 0.0000
vt 0.1534 0.3415 0.0000
vt 0.1534 0.3465 0.0000
vt 0.6970 0.9073 0.0000
vt 0.6970 0.9587 0.0000
vt 0.1549 0.0258 0.0000
vt 0.1603 0.0258 0.0000
vt 0.1084 0.1915 0.0000
vt 0.1164 0.1915 0.0000
vt 0.8373 0.9645 0.0000
vt 0.7951 0.9645 0.0000
vt 0.3278 0.1875 0.0000
vt 0.3278 0.1955 0.0000
vt 0.8607 0.1348 0.0000
vt 0.1534 0.3590 0.0000
vt 0.1534 0.3640 0.0000
vt 0.9131 0.6720 0.0000
vt 0.9131 0.6259 0.0000
vt 0.6256 0.4124 0.0000
vt 0.5488 0.3979 0.0000
vt 0.7024 0.4019 0.0000
vt 0.5380 0.4728 0.0000
vt 0.5267 0.4614 0.0000
vt 0.7711 0.3642 0.0000
vt 0.6920 0.5043 0.0000
vt 0.6690 0.4806 0.0000
vt 0.3817 0.7207 0.0000
vt 0.4962 0.4683 0.0000
vt 0.1437 0.7226 0.0000
vt 0.5238 0.2979 0.0000
vt 0.5722 0.0157 0.0000
vt 0.4735 0.0157 0.0000
vt 0.6027 0.0103 0.0000
vt 0.0284 0.1687 0.0000
vt 0.0231 0.2028 0.0000
vt 0.0285 0.0735 0.0000
vt 0.6083 0.3287 0.0000
vt 0.6643 0.3287 0.0000
vt 0.9063 0.3888 0.0000
vt 0.7868 0.3706 0.0000
vt 0.1471 0.5785 0.0000
vt 0.1441 0.5739 0.0000
vt 0.1500 0.5710 0.0000
vt 0.1526 0.5762 0.0000
vt 0.1405 0.5798 0.0000
vt 0.1375 0.5777 0.0000
vt 0.1920 0.5722 0.0000
vt 0.1846 0.5729 0.0000
vt 0.1800 0.5528 0.0000
vt 0.1852 0.5489 0.0000
vt 0.1775 0.5731 0.0000
vt 0.1739 0.5569 0.0000
vt 0.1705 0.5727 0.0000
vt 0.1675 0.5611 0.0000
vt 0.1637 0.5726 0.0000
vt 0.1613 0.5651 0.0000
vt 0.1578 0.5737 0.0000
vt 0.1556 0.5684 0.0000
vt 0.1385 0.5666 0.0000
vt 0.1427 0.5620 0.0000
vt 0.1348 0.5718 0.0000
vt 0.1584 0.5342 0.0000
vt 0.1611 0.5276 0.0000
vt 0.1557 0.5408 0.0000
vt 0.1530 0.5472 0.0000
vt 0.1499 0.5530 0.0000
vt 0.1465 0.5579 0.0000
vt 0.1249 0.5617 0.0000
vt 0.1251 0.5559 0.0000
vt 0.1248 0.5686 0.0000
vt 0.1262 0.5249 0.0000
vt 0.1263 0.5177 0.0000
vt 0.1260 0.5318 0.0000
vt 0.1256 0.5384 0.0000
vt 0.1254 0.5446 0.0000
vt 0.1252 0.5504 0.0000
vt 0.1123 0.5656 0.0000
vt 0.1087 0.5602 0.0000
vt 0.1160 0.5714 0.0000
vt 0.0926 0.5312 0.0000
vt 0.0899 0.5252 0.0000
vt 0.0956 0.5375 0.0000
vt 0.0986 0.5440 0.0000
vt 0.1018 0.5500 0.0000
vt 0.1051 0.5554 0.0000
vt 0.1042 0.5719 0.0000
vt 0.0991 0.5694 0.0000
vt 0.1108 0.5757 0.0000
vt 0.0702 0.5536 0.0000
vt 0.0642 0.5492 0.0000
vt 0.0761 0.5576 0.0000
vt 0.0823 0.5614 0.0000
vt 0.0885 0.5648 0.0000
vt 0.0941 0.5674 0.0000
vt 0.5941 0.2215 0.0000
vt 0.5878 0.2256 0.0000
vt 0.5831 0.2045 0.0000
vt 0.5885 0.2002 0.0000
vt 0.5821 0.2288 0.0000
vt 0.5789 0.2077 0.0000
vt 0.5781 0.2274 0.0000
vt 0.5737 0.2109 0.0000
vt 0.5733 0.2251 0.0000
vt 0.5681 0.2146 0.0000
vt 0.5669 0.2230 0.0000
vt 0.5620 0.2193 0.0000
vt 0.6099 0.2188 0.0000
vt 0.6015 0.1910 0.0000
vt 0.6077 0.1863 0.0000
vt 0.6177 0.2188 0.0000
vt 0.6017 0.2189 0.0000
vt 0.5948 0.1956 0.0000
vt 0.5559 0.1844 0.0000
vt 0.5581 0.1783 0.0000
vt 0.5536 0.1900 0.0000
vt 0.5514 0.1952 0.0000
vt 0.5492 0.2012 0.0000
vt 0.5468 0.2076 0.0000
vt 0.5619 0.1636 0.0000
vt 0.5640 0.1561 0.0000
vt 0.5600 0.1712 0.0000
vt 0.5257 0.1842 0.0000
vt 0.5248 0.1782 0.0000
vt 0.5278 0.1896 0.0000
vt 0.5310 0.1946 0.0000
vt 0.5338 0.1999 0.0000
vt 0.5361 0.2068 0.0000
vt 0.5241 0.1653 0.0000
vt 0.5242 0.1579 0.0000
vt 0.5242 0.1720 0.0000
vt 0.5171 0.1906 0.0000
vt 0.5120 0.1852 0.0000
vt 0.5221 0.1944 0.0000
vt 0.5263 0.1985 0.0000
vt 0.5304 0.2036 0.0000
vt 0.5348 0.2090 0.0000
vt 0.5041 0.1706 0.0000
vt 0.4999 0.1643 0.0000
vt 0.5079 0.1779 0.0000
vt 0.5161 0.2099 0.0000
vt 0.5218 0.2114 0.0000
vt 0.5287 0.2144 0.0000
vt 0.4781 0.1964 0.0000
vt 0.6335 0.5488 0.0000
vt 0.6402 0.5591 0.0000
vt 0.6349 0.5643 0.0000
vt 0.6302 0.5538 0.0000
vt 0.6347 0.5443 0.0000
vt 0.6448 0.5537 0.0000
vt 0.6353 0.5404 0.0000
vt 0.6486 0.5481 0.0000
vt 0.6355 0.5360 0.0000
vt 0.6521 0.5423 0.0000
vt 0.6354 0.5299 0.0000
vt 0.6557 0.5363 0.0000
vt 0.6353 0.5230 0.0000
vt 0.6597 0.5297 0.0000
vt 0.6356 0.5158 0.0000
vt 0.6638 0.5231 0.0000
vt 0.6366 0.5086 0.0000
vt 0.6677 0.5168 0.0000
vt 0.6526 0.5718 0.0000
vt 0.6467 0.5757 0.0000
vt 0.6580 0.5677 0.0000
vt 0.6631 0.5635 0.0000
vt 0.6682 0.5594 0.0000
vt 0.6738 0.5554 0.0000
vt 0.6796 0.5514 0.0000
vt 0.6856 0.5475 0.0000
vt 0.6917 0.5434 0.0000
vt 0.6613 0.5937 0.0000
vt 0.6544 0.5960 0.0000
vt 0.6678 0.5909 0.0000
vt 0.6743 0.5879 0.0000
vt 0.6808 0.5851 0.0000
vt 0.6874 0.5827 0.0000
vt 0.6943 0.5805 0.0000
vt 0.7011 0.5784 0.0000
vt 0.7080 0.5761 0.0000
vt 0.6686 0.6207 0.0000
vt 0.6614 0.6218 0.0000
vt 0.6757 0.6203 0.0000
vt 0.6825 0.6202 0.0000
vt 0.6887 0.6198 0.0000
vt 0.6948 0.6187 0.0000
vt 0.7010 0.6172 0.0000
vt 0.7076 0.6154 0.0000
vt 0.7146 0.6137 0.0000
vt 0.6684 0.6241 0.0000
vt 0.6612 0.6240 0.0000
vt 0.6754 0.6255 0.0000
vt 0.6824 0.6272 0.0000
vt 0.6894 0.6279 0.0000
vt 0.6962 0.6267 0.0000
vt 0.7027 0.6239 0.0000
vt 0.7089 0.6203 0.0000
vt 0.7155 0.6175 0.0000
vt 0.6681 0.6296 0.0000
vt 0.6609 0.6293 0.0000
vt 0.6752 0.6309 0.0000
vt 0.6824 0.6324 0.0000
vt 0.6897 0.6333 0.0000
vt 0.6967 0.6327 0.0000
vt 0.7035 0.6308 0.0000
vt 0.7101 0.6282 0.0000
vt 0.7171 0.6262 0.0000
vt 0.6679 0.6346 0.0000
vt 0.6607 0.6342 0.0000
vt 0.6751 0.6358 0.0000
vt 0.6823 0.6375 0.0000
vt 0.6895 0.6388 0.0000
vt 0.6968 0.6388 0.0000
vt 0.7039 0.6375 0.0000
vt 0.7108 0.6356 0.0000
vt 0.7179 0.6341 0.0000
vt 0.6676 0.6390 0.0000
vt 0.6604 0.6386 0.0000
vt 0.6748 0.6403 0.0000
vt 0.6820 0.6422 0.0000
vt 0.6892 0.6439 0.0000
vt 0.6966 0.6446 0.0000
vt 0.7038 0.6438 0.0000
vt 0.7110 0.6423 0.0000
vt 0.7182 0.6411 0.0000
vt 0.6672 0.6430 0.0000
vt 0.6600 0.6425 0.0000
vt 0.6743 0.6443 0.0000
vt 0.6814 0.6462 0.0000
vt 0.6888 0.6484 0.0000
vt 0.6961 0.6495 0.0000
vt 0.7036 0.6491 0.0000
vt 0.7110 0.6481 0.0000
vt 0.7183 0.6473 0.0000
vt 0.6667 0.6466 0.0000
vt 0.6596 0.6461 0.0000
vt 0.6738 0.6477 0.0000
vt 0.6809 0.6495 0.0000
vt 0.6882 0.6515 0.0000
vt 0.6957 0.6530 0.0000
vt 0.7033 0.6534 0.0000
vt 0.7108 0.6531 0.0000
vt 0.7181 0.6530 0.0000
vt 0.6664 0.6499 0.0000
vt 0.6593 0.6493 0.0000
vt 0.6735 0.6507 0.0000
vt 0.6806 0.6519 0.0000
vt 0.6879 0.6534 0.0000
vt 0.6954 0.6550 0.0000
vt 0.7029 0.6562 0.0000
vt 0.7103 0.6571 0.0000
vt 0.7176 0.6579 0.0000
vt 0.6664 0.6526 0.0000
vt 0.6592 0.6520 0.0000
vt 0.6734 0.6533 0.0000
vt 0.6805 0.6542 0.0000
vt 0.6877 0.6553 0.0000
vt 0.6950 0.6568 0.0000
vt 0.7023 0.6587 0.0000
vt 0.7095 0.6605 0.0000
vt 0.7166 0.6620 0.0000
vt 0.6663 0.6550 0.0000
vt 0.6592 0.6542 0.0000
vt 0.6733 0.6558 0.0000
vt 0.6802 0.6566 0.0000
vt 0.6873 0.6577 0.0000
vt 0.6945 0.6593 0.0000
vt 0.7015 0.6615 0.0000
vt 0.7085 0.6637 0.0000
vt 0.7155 0.6657 0.0000
vt 0.6662 0.6573 0.0000
vt 0.6591 0.6564 0.0000
vt 0.6731 0.6582 0.0000
vt 0.6799 0.6592 0.0000
vt 0.6868 0.6603 0.0000
vt 0.6937 0.6621 0.0000
vt 0.7006 0.6645 0.0000
vt 0.7074 0.6670 0.0000
vt 0.7143 0.6692 0.0000
vt 0.6660 0.6595 0.0000
vt 0.6590 0.6584 0.0000
vt 0.6728 0.6607 0.0000
vt 0.6796 0.6617 0.0000
vt 0.6863 0.6631 0.0000
vt 0.6928 0.6651 0.0000
vt 0.6995 0.6677 0.0000
vt 0.7062 0.6703 0.0000
vt 0.7131 0.6726 0.0000
vt 0.6658 0.6617 0.0000
vt 0.6589 0.6602 0.0000
vt 0.6725 0.6630 0.0000
vt 0.6790 0.6644 0.0000
vt 0.6854 0.6661 0.0000
vt 0.6918 0.6683 0.0000
vt 0.6983 0.6710 0.0000
vt 0.7049 0.6737 0.0000
vt 0.7118 0.6760 0.0000
vt 0.6655 0.6638 0.0000
vt 0.6586 0.6619 0.0000
vt 0.6721 0.6654 0.0000
vt 0.6783 0.6671 0.0000
vt 0.6844 0.6691 0.0000
vt 0.6906 0.6716 0.0000
vt 0.6969 0.6745 0.0000
vt 0.7036 0.6772 0.0000
vt 0.7105 0.6794 0.0000
vt 0.6649 0.6662 0.0000
vt 0.6585 0.6633 0.0000
vt 0.6711 0.6686 0.0000
vt 0.6769 0.6705 0.0000
vt 0.6831 0.6725 0.0000
vt 0.6894 0.6744 0.0000
vt 0.6960 0.6768 0.0000
vt 0.7027 0.6795 0.0000
vt 0.7095 0.6823 0.0000
vt 0.6566 0.6774 0.0000
vt 0.6501 0.6737 0.0000
vt 0.6629 0.6815 0.0000
vt 0.6690 0.6857 0.0000
vt 0.6746 0.6896 0.0000
vt 0.6804 0.6936 0.0000
vt 0.6861 0.6978 0.0000
vt 0.6917 0.7020 0.0000
vt 0.6976 0.7059 0.0000
vt 0.6540 0.6849 0.0000
vt 0.6485 0.6814 0.0000
vt 0.6592 0.6884 0.0000
vt 0.6641 0.6917 0.0000
vt 0.6690 0.6955 0.0000
vt 0.6731 0.7005 0.0000
vt 0.6766 0.7065 0.0000
vt 0.6802 0.7128 0.0000
vt 0.6842 0.7186 0.0000
vt 0.6507 0.6909 0.0000
vt 0.6464 0.6848 0.0000
vt 0.6528 0.6960 0.0000
vt 0.6548 0.7008 0.0000
vt 0.6570 0.7053 0.0000
vt 0.6595 0.7098 0.0000
vt 0.6624 0.7144 0.0000
vt 0.6658 0.7195 0.0000
vt 0.6696 0.7254 0.0000
vt 0.6458 0.6924 0.0000
vt 0.6456 0.6856 0.0000
vt 0.6443 0.6990 0.0000
vt 0.6423 0.7051 0.0000
vt 0.6413 0.7107 0.0000
vt 0.6424 0.7167 0.0000
vt 0.6464 0.7218 0.0000
vt 0.6520 0.7268 0.0000
vt 0.6573 0.7320 0.0000
vt 0.6319 0.6817 0.0000
vt 0.6356 0.6763 0.0000
vt 0.6315 0.7322 0.0000
vt 0.6364 0.7407 0.0000
vt 0.6368 0.7512 0.0000
vt 0.9094 0.7638 0.0000
vt 0.9070 0.7609 0.0000
vt 0.9044 0.7543 0.0000
vt 0.9128 0.7613 0.0000
vt 0.9128 0.7639 0.0000
vt 0.9135 0.7643 0.0000
vt 0.9340 0.7696 0.0000
vt 0.9391 0.7751 0.0000
vt 0.8985 0.8023 0.0000
vt 0.8958 0.7957 0.0000
vt 0.9434 0.7811 0.0000
vt 0.9016 0.8090 0.0000
vt 0.8829 0.7663 0.0000
vt 0.8803 0.7596 0.0000
vt 0.9023 0.7472 0.0000
vt 0.8857 0.7728 0.0000
vt 0.8885 0.7785 0.0000
vt 0.8909 0.7838 0.0000
vt 0.8932 0.7895 0.0000
vt 0.8562 0.7958 0.0000
vt 0.8564 0.7888 0.0000
vt 0.8560 0.8029 0.0000
vt 0.8559 0.8103 0.0000
vt 0.8558 0.8178 0.0000
vt 0.8575 0.7679 0.0000
vt 0.8580 0.7607 0.0000
vt 0.8571 0.7749 0.0000
vt 0.8568 0.7819 0.0000
vt 0.7962 0.7782 0.0000
vt 0.7990 0.7720 0.0000
vt 0.7935 0.7846 0.0000
vt 0.7907 0.7911 0.0000
vt 0.7878 0.7977 0.0000
vt 0.8078 0.7528 0.0000
vt 0.8108 0.7461 0.0000
vt 0.8049 0.7593 0.0000
vt 0.8019 0.7657 0.0000
vt 0.7663 0.7567 0.0000
vt 0.7707 0.7511 0.0000
vt 0.7623 0.7623 0.0000
vt 0.7583 0.7686 0.0000
vt 0.7543 0.7748 0.0000
vt 0.7834 0.7341 0.0000
vt 0.7871 0.7280 0.0000
vt 0.7797 0.7401 0.0000
vt 0.7756 0.7459 0.0000
vt 0.7122 0.7454 0.0000
vt 0.7076 0.7511 0.0000
vt 0.7376 0.7200 0.0000
vt 0.7388 0.7130 0.0000
vt 0.7361 0.7268 0.0000
vt 0.7345 0.7331 0.0000
vt 0.1206 0.2621 0.0000
vt 0.1098 0.2858 0.0000
vt 0.1027 0.2841 0.0000
vt 0.1168 0.2549 0.0000
vt 0.1253 0.2687 0.0000
vt 0.1169 0.2873 0.0000
vt 0.7561 0.0146 0.0000
vt 0.7582 0.0075 0.0000
vt 0.7788 0.0168 0.0000
vt 0.5771 0.0679 0.0000
vt 0.5922 0.0616 0.0000
vt 0.5943 0.0686 0.0000
vt 0.5802 0.0746 0.0000
vt 0.1081 0.3010 0.0000
vt 0.1010 0.3001 0.0000
vt 0.1152 0.3015 0.0000
vt 0.7421 0.0121 0.0000
vt 0.7414 0.0049 0.0000
vt 0.6319 0.0563 0.0000
vt 0.6332 0.0633 0.0000
vt 0.5965 0.0757 0.0000
vt 0.6305 0.0491 0.0000
vt 0.1016 0.3376 0.0000
vt 0.0944 0.3374 0.0000
vt 0.1088 0.3379 0.0000
vt 0.7026 0.0181 0.0000
vt 0.6995 0.0118 0.0000
vt 0.7059 0.0241 0.0000
vt 0.6661 0.0561 0.0000
vt 0.6652 0.0489 0.0000
vt 0.1017 0.3661 0.0000
vt 0.0944 0.3666 0.0000
vt 0.1088 0.3658 0.0000
vt 0.6834 0.0432 0.0000
vt 0.6766 0.0422 0.0000
vt 0.7199 0.0491 0.0000
vt 0.7196 0.0563 0.0000
vt 0.1114 0.4203 0.0000
vt 0.1049 0.4226 0.0000
vt 0.1180 0.4180 0.0000
vt 0.7084 0.0834 0.0000
vt 0.7027 0.0879 0.0000
vt 0.7139 0.0773 0.0000
vt 0.7596 0.0626 0.0000
vt 0.7189 0.0630 0.0000
vt 0.7695 0.0554 0.0000
vt 0.1373 0.4682 0.0000
vt 0.1332 0.4664 0.0000
vt 0.1434 0.4661 0.0000
vt 0.7579 0.1327 0.0000
vt 0.7177 0.0692 0.0000
vt 0.7660 0.0573 0.0000
vt 0.7600 0.0635 0.0000
vt 0.1446 0.4754 0.0000
vt 0.1375 0.4777 0.0000
vt 0.6099 0.9647 0.0000
vt 0.6050 0.9737 0.0000
vt 0.5990 0.9601 0.0000
vt 0.6063 0.9587 0.0000
vt 0.6108 0.9911 0.0000
vt 0.5916 0.9619 0.0000
vt 0.5848 0.9643 0.0000
vt 0.5992 0.9399 0.0000
vt 0.6066 0.9401 0.0000
vt 0.5918 0.9398 0.0000
vt 0.5846 0.9398 0.0000
vt 0.8636 0.2303 0.0000
vt 0.8424 0.2305 0.0000
vt 0.8421 0.2235 0.0000
vt 0.8658 0.2235 0.0000
vt 0.8622 0.2370 0.0000
vt 0.8427 0.2374 0.0000
vt 0.8611 0.2433 0.0000
vt 0.6027 0.9059 0.0000
vt 0.6100 0.9064 0.0000
vt 0.5955 0.9054 0.0000
vt 0.5884 0.9050 0.0000
vt 0.8083 0.2330 0.0000
vt 0.8079 0.2261 0.0000
vt 0.8086 0.2400 0.0000
vt 0.6041 0.8746 0.0000
vt 0.6115 0.8747 0.0000
vt 0.5967 0.8744 0.0000
vt 0.5894 0.8742 0.0000
vt 0.7777 0.2342 0.0000
vt 0.7777 0.2272 0.0000
vt 0.7777 0.2412 0.0000
vt 0.6026 0.8477 0.0000
vt 0.6092 0.8491 0.0000
vt 0.5960 0.8458 0.0000
vt 0.5896 0.8433 0.0000
vt 0.7502 0.2328 0.0000
vt 0.7491 0.2259 0.0000
vt 0.7512 0.2396 0.0000
vt 0.6082 0.8403 0.0000
vt 0.6093 0.8473 0.0000
vt 0.6084 0.8297 0.0000
vt 0.6114 0.8148 0.0000
vt 0.7216 0.2416 0.0000
vt 0.6095 0.8465 0.0000
vt 0.6130 0.8492 0.0000
vt 0.0286 0.5604 0.0000
vt 0.0370 0.5394 0.0000
vt 0.0309 0.5650 0.0000
vt 0.0370 0.5189 0.0000
vt 0.0404 0.5184 0.0000
vt 0.0414 0.5256 0.0000
vt 0.0409 0.5103 0.0000
vt 0.0418 0.5255 0.0000
vt 0.0434 0.5094 0.0000
vt 0.0507 0.5133 0.0000
vt 0.0387 0.5444 0.0000
vt 0.0583 0.5161 0.0000
vt 0.0659 0.5190 0.0000
vt 0.0416 0.5483 0.0000
vt 0.0523 0.4762 0.0000
vt 0.0606 0.4774 0.0000
vt 0.0446 0.4749 0.0000
vt 0.0314 0.5040 0.0000
vt 0.0233 0.5055 0.0000
vt 0.0215 0.4719 0.0000
vt 0.0296 0.4726 0.0000
vt 0.0150 0.5082 0.0000
vt 0.0133 0.4713 0.0000
vt 0.0686 0.4785 0.0000
vt 0.0765 0.4793 0.0000
vt 0.0515 0.4219 0.0000
vt 0.0598 0.4223 0.0000
vt 0.0369 0.4734 0.0000
vt 0.0407 0.4198 0.0000
vt 0.0323 0.4185 0.0000
vt 0.0241 0.4174 0.0000
vt 0.0681 0.4226 0.0000
vt 0.0765 0.4229 0.0000
vt 0.0569 0.3647 0.0000
vt 0.0653 0.3652 0.0000
vt 0.0382 0.3621 0.0000
vt 0.0465 0.3633 0.0000
vt 0.0299 0.3611 0.0000
vt 0.0737 0.3654 0.0000
vt 0.0819 0.3650 0.0000
vt 0.0745 0.1353 0.0000
vt 0.0749 0.1347 0.0000
vt 0.0745 0.1343 0.0000
vt 0.0754 0.1323 0.0000
vt 0.0752 0.1337 0.0000
vt 0.0765 0.1283 0.0000
vt 0.0759 0.1325 0.0000
vt 0.0748 0.1351 0.0000
vt 0.1194 0.9144 0.0000
vt 0.1046 0.9150 0.0000
vt 0.1104 0.8782 0.0000
vt 0.0988 0.8853 0.0000
vt 0.0987 0.8781 0.0000
vt 0.0965 0.9142 0.0000
vt 0.1163 0.9239 0.0000
vt 0.1011 0.9595 0.0000
vt 0.0905 0.9502 0.0000
vt 0.0852 0.9724 0.0000
vt 0.1193 0.8339 0.0000
vt 0.1025 0.8338 0.0000
vt 0.1070 0.7965 0.0000
vt 0.0899 0.7994 0.0000
vt 0.0900 0.7835 0.0000
vt 0.0912 0.8311 0.0000
vt 0.1175 0.8422 0.0000
vt 0.0948 0.8670 0.0000
vt 0.0683 0.9149 0.0000
vt 0.0835 0.8775 0.0000
vt 0.0850 0.9161 0.0000
vt 0.0697 0.9231 0.0000
vt 0.0747 0.9599 0.0000
vt 0.0683 0.8310 0.0000
vt 0.0772 0.7951 0.0000
vt 0.0831 0.8315 0.0000
vt 0.0708 0.8400 0.0000
vt 0.8528 0.1592 0.0000
vt 0.8521 0.1741 0.0000
vt 0.8149 0.1637 0.0000
vt 0.8207 0.1749 0.0000
vt 0.8133 0.1752 0.0000
vt 0.8526 0.1788 0.0000
vt 0.8569 0.1601 0.0000
vt 0.8947 0.1632 0.0000
vt 0.8900 0.1749 0.0000
vt 0.9122 0.1711 0.0000
vt 0.7734 0.1462 0.0000
vt 0.7685 0.1623 0.0000
vt 0.7346 0.1464 0.0000
vt 0.7315 0.1635 0.0000
vt 0.7167 0.1590 0.0000
vt 0.7629 0.1727 0.0000
vt 0.7798 0.1493 0.0000
vt 0.7999 0.1739 0.0000
vt 0.9050 0.1834 0.0000
vt 0.7617 0.1772 0.0000
vt 0.7248 0.1727 0.0000
vt 0.6558 0.7644 0.0000
vt 0.6556 0.7791 0.0000
vt 0.6192 0.7712 0.0000
vt 0.6556 0.7869 0.0000
vt 0.6625 0.7660 0.0000
vt 0.6998 0.7744 0.0000
vt 0.6932 0.7869 0.0000
vt 0.7160 0.7850 0.0000
vt 0.5776 0.7480 0.0000
vt 0.5737 0.7641 0.0000
vt 0.5388 0.7511 0.0000
vt 0.5367 0.7684 0.0000
vt 0.5216 0.7640 0.0000
vt 0.5683 0.7744 0.0000
vt 0.5865 0.7528 0.0000
vt 0.6031 0.7800 0.0000
vt 0.8366 0.3038 0.0000
vt 0.8362 0.3186 0.0000
vt 0.7986 0.3098 0.0000
vt 0.8052 0.3202 0.0000
vt 0.8364 0.3268 0.0000
vt 0.8423 0.3050 0.0000
vt 0.8798 0.3108 0.0000
vt 0.8741 0.3238 0.0000
vt 0.8968 0.3200 0.0000
vt 0.7570 0.2886 0.0000
vt 0.7524 0.3047 0.0000
vt 0.7181 0.2897 0.0000
vt 0.7156 0.3068 0.0000
vt 0.7005 0.3024 0.0000
vt 0.7469 0.3151 0.0000
vt 0.7646 0.2927 0.0000
vt 0.7824 0.3196 0.0000
vt 0.8889 0.3322 0.0000
vt 0.7083 0.3164 0.0000
vt 0.7803 0.9122 0.0000
vt 0.7660 0.9228 0.0000
vt 0.7624 0.8840 0.0000
vt 0.7445 0.8971 0.0000
vt 0.7485 0.8820 0.0000
vt 0.7473 0.9244 0.0000
vt 0.7827 0.9278 0.0000
vt 0.7695 0.9582 0.0000
vt 0.7501 0.9508 0.0000
vt 0.7625 0.9714 0.0000
vt 0.7823 0.8422 0.0000
vt 0.7660 0.8484 0.0000
vt 0.7728 0.8111 0.0000
vt 0.7513 0.8176 0.0000
vt 0.7622 0.8015 0.0000
vt 0.7476 0.8473 0.0000
vt 0.7818 0.8567 0.0000
vt 0.7446 0.8723 0.0000
vt 0.7128 0.9157 0.0000
vt 0.7251 0.8836 0.0000
vt 0.7286 0.9246 0.0000
vt 0.7125 0.9317 0.0000
vt 0.7310 0.9603 0.0000
vt 0.7145 0.8372 0.0000
vt 0.7311 0.8081 0.0000
vt 0.7294 0.8462 0.0000
vt 0.7125 0.8515 0.0000
vt 0.0895 0.4911 0.0000
vt 0.0924 0.2392 0.0000
vt 0.5484 0.0815 0.0000
vt 0.0318 0.5346 0.0000
# 2305 texture coords

o weap_zylazarazy001
g weap_zylazarazy001
s off
f 1/1/1 2/2/2 3/3/3 
f 4/4/4 5/5/5 6/6/6 
f 7/7/7 8/8/8 9/9/9 
f 10/10/10 8/8/8 7/7/7 
f 6/11/6 5/12/5 11/13/11 
f 12/14/12 13/15/13 14/16/14 
f 15/17/15 16/18/16 17/19/17 
f 18/20/18 19/21/19 20/22/19 21/23/20 
f 19/21/19 22/24/21 23/25/22 20/22/19 
f 24/26/23 25/27/24 26/28/19 27/29/25 
f 25/27/24 28/30/26 29/31/22 26/28/19 
f 30/32/27 31/33/28 18/20/18 21/23/20 
f 32/34/29 33/35/30 34/36/31 35/37/21 
f 36/38/32 37/39/33 24/26/23 27/29/25 
f 38/40/34 39/41/30 40/42/31 41/43/26 
f 42/44/25 43/45/23 44/46/24 45/47/19 
f 45/47/19 44/46/24 46/48/26 47/49/22 
f 48/50/32 49/51/33 43/45/23 42/44/25 
f 50/52/29 51/53/35 23/25/22 22/24/21 
f 52/54/36 53/55/37 54/56/24 55/57/24 
f 55/57/24 54/56/24 41/43/26 40/42/31 
f 56/58/38 57/59/39 53/55/37 52/54/36 
f 58/60/40 59/61/41 60/62/22 61/63/26 
f 62/64/25 63/65/23 64/66/24 65/67/19 
f 65/67/19 64/66/24 61/63/26 60/62/22 
f 66/68/32 67/69/33 63/65/23 62/64/25 
f 68/70/29 69/71/30 70/72/31 71/73/21 
f 72/74/40 73/75/41 74/76/22 75/77/26 
f 76/78/36 77/79/18 78/80/19 79/81/24 
f 79/81/24 78/80/19 35/37/21 34/36/31 
f 80/82/38 81/83/28 77/79/18 76/78/36 
f 82/84/36 83/85/18 84/86/19 85/87/24 
f 85/87/24 84/86/19 86/88/21 87/89/31 
f 88/90/38 89/91/28 83/85/18 82/84/36 
f 90/92/40 91/93/41 47/49/22 46/48/26 
f 92/94/29 93/95/30 87/89/31 86/88/21 
f 94/96/25 95/97/23 96/98/24 97/99/19 
f 97/99/19 96/98/24 75/77/26 74/76/22 
f 98/100/32 99/101/33 95/97/23 94/96/25 
f 100/102/36 101/103/18 102/104/19 103/105/24 
f 103/105/24 102/104/19 71/73/21 70/72/31 
f 104/106/38 105/107/28 101/103/18 100/102/36 
f 106/108/40 107/109/41 29/31/22 28/30/26 
f 81/110/28 36/111/32 27/112/25 77/113/18 
f 77/113/18 27/112/25 26/114/19 78/115/19 
f 26/114/19 29/116/22 35/117/21 78/115/19 
f 29/116/22 107/118/41 32/119/29 35/117/21 
f 32/119/29 107/118/41 108/120/42 109/121/43 
f 69/122/30 106/123/40 28/124/26 70/125/31 
f 70/125/31 28/124/26 25/126/24 103/127/24 
f 25/126/24 24/128/23 100/129/36 103/127/24 
f 24/128/23 37/130/33 104/131/38 100/129/36 
f 104/131/38 37/130/33 110/132/44 111/133/45 
f 31/134/28 48/135/32 42/136/25 18/137/18 
f 18/137/18 42/136/25 45/138/19 19/139/19 
f 45/138/19 47/140/22 22/141/21 19/139/19 
f 47/140/22 91/142/41 50/143/29 22/141/21 
f 50/143/29 91/142/41 112/144/42 113/145/43 
f 93/146/30 90/147/40 46/148/26 87/149/31 
f 87/149/31 46/148/26 44/150/24 85/151/24 
f 44/150/24 43/152/23 82/153/36 85/151/24 
f 43/152/23 49/154/33 88/155/38 82/153/36 
f 88/155/38 49/154/33 114/156/44 115/157/45 
f 39/158/30 58/159/40 61/160/26 40/161/31 
f 40/161/31 61/160/26 64/162/24 55/163/24 
f 64/162/24 63/164/23 52/165/36 55/163/24 
f 63/164/23 67/166/33 56/167/38 52/165/36 
f 56/167/38 67/166/33 116/168/44 117/169/45 
f 105/170/28 66/171/32 62/172/25 101/173/18 
f 101/173/18 62/172/25 65/174/19 102/175/19 
f 65/174/19 60/176/22 71/177/21 102/175/19 
f 60/176/22 59/178/41 68/179/29 71/177/21 
f 68/179/29 59/178/41 118/180/42 119/181/43 
f 33/182/30 72/183/40 75/184/26 34/185/31 
f 34/185/31 75/184/26 96/186/24 79/187/24 
f 96/186/24 95/188/23 76/189/36 79/187/24 
f 95/188/23 99/190/33 80/191/38 76/189/36 
f 80/191/38 99/190/33 120/192/44 121/193/45 
f 89/194/28 98/195/32 94/196/25 83/197/18 
f 83/197/18 94/196/25 97/198/19 84/199/19 
f 97/198/19 74/200/22 86/201/21 84/199/19 
f 74/200/22 73/202/41 92/203/29 86/201/21 
f 92/203/29 73/202/41 122/204/42 123/205/43 
f 124/206/46 125/207/47 126/208/48 127/209/49 
f 126/208/48 125/207/47 128/210/50 129/211/51 
f 130/212/52 131/213/53 132/214/54 133/215/55 
f 132/214/54 134/216/56 135/217/57 133/215/55 
f 131/213/53 136/218/58 137/219/59 132/214/54 
f 132/214/54 137/219/59 138/220/60 134/216/56 
f 136/218/58 139/221/61 140/222/62 137/219/59 
f 140/222/62 141/223/63 138/220/60 137/219/59 
f 142/224/64 143/225/65 140/222/62 139/221/61 
f 140/222/62 143/225/65 144/226/66 141/223/63 
f 145/227/67 146/228/68 147/229/69 148/230/70 
f 147/229/69 146/228/68 149/231/71 150/232/72 
f 127/209/49 126/208/48 151/233/73 152/234/74 
f 151/233/73 126/208/48 129/211/51 153/235/75 
f 129/211/51 128/210/50 154/236/76 153/235/75 
f 155/237/77 156/238/78 1/239/1 157/240/79 158/241/80 
f 159/242/81 124/206/46 127/209/49 152/234/74 
f 160/243/82 161/244/83 162/245/84 163/246/85 
f 162/245/84 161/244/83 164/247/86 158/241/80 
f 164/247/86 165/248/87 155/237/77 158/241/80 
f 165/248/87 166/249/88 167/250/89 155/237/77 
f 167/250/89 166/249/88 168/251/90 169/252/91 
f 169/252/91 168/251/90 170/253/92 150/232/72 
f 150/232/72 170/253/92 171/254/93 147/229/69 
f 171/254/93 172/255/94 148/230/70 147/229/69 
f 172/255/94 173/256/95 174/257/96 148/230/70 
f 174/257/96 173/256/95 175/258/97 176/259/98 
f 175/258/97 177/260/99 178/261/100 176/259/98 
f 178/261/100 177/260/99 160/243/82 163/246/85 
f 130/212/52 133/215/55 161/244/83 160/243/82 
f 161/244/83 133/215/55 135/217/57 164/247/86 
f 135/217/57 134/216/56 165/248/87 164/247/86 
f 134/216/56 138/220/60 166/249/88 165/248/87 
f 166/249/88 138/220/60 141/223/63 168/251/90 
f 168/251/90 141/223/63 144/226/66 170/253/92 
f 170/253/92 144/226/66 143/225/65 171/254/93 
f 143/225/65 142/224/64 172/255/94 171/254/93 
f 142/224/64 139/221/61 173/256/95 172/255/94 
f 173/256/95 139/221/61 136/218/58 175/258/97 
f 136/218/58 131/213/53 177/260/99 175/258/97 
f 177/260/99 131/213/53 130/212/52 160/243/82 
f 154/236/76 179/262/101 180/263/102 153/235/75 
f 181/264/103 182/265/104 183/266/105 184/267/106 
f 185/268/107 186/269/108 159/242/81 152/234/74 
f 187/270/109 188/271/110 4/272/4 189/273/111 
f 152/234/74 151/233/73 190/274/112 191/275/113 
f 190/274/112 151/233/73 153/235/75 184/276/106 
f 184/276/106 153/235/75 180/263/102 181/277/103 
f 181/277/103 180/263/102 179/262/101 192/278/114 
f 179/262/101 154/236/76 157/240/79 192/278/114 
f 154/236/76 128/210/50 158/241/80 157/240/79 
f 158/241/80 128/210/50 125/207/47 162/245/84 
f 125/207/47 124/206/46 163/246/85 162/245/84 
f 163/246/85 124/206/46 159/242/81 189/279/111 
f 189/279/111 159/242/81 186/269/108 187/280/109 
f 186/269/108 185/268/107 193/281/115 187/280/109 
f 185/268/107 152/234/74 191/275/113 193/281/115 
f 194/282/116 195/283/117 196/284/118 197/285/119 
f 198/286/120 199/287/121 12/288/12 196/284/118 195/283/117 
f 200/289/122 201/290/123 202/291/124 
f 203/292/125 204/293/126 205/294/127 202/291/124 
f 205/294/127 198/286/120 202/291/124 
f 202/291/124 201/290/123 203/292/125 
f 198/286/120 195/283/117 202/291/124 
f 195/283/117 194/282/116 200/289/122 202/291/124 
f 205/294/127 206/295/128 17/296/17 199/287/121 198/286/120 
f 204/293/126 207/297/129 206/295/128 205/294/127 
f 208/298/130 209/299/131 207/300/129 204/301/126 
f 210/302/132 211/303/133 200/304/122 194/305/116 
f 30/306/27 21/307/20 20/308/19 212/309/134 213/310/135 
f 212/309/134 20/308/19 23/311/22 51/312/35 214/313/136 
f 38/314/34 41/315/26 54/316/24 215/317/137 216/318/138 
f 215/317/137 54/316/24 53/319/37 57/320/39 217/321/139 
f 214/322/136 51/323/35 50/143/29 113/145/43 
f 108/324/42 107/325/41 106/326/40 218/327/140 
f 217/328/139 57/329/39 56/330/38 117/331/45 
f 219/332/141 81/333/28 80/334/38 121/335/45 
f 112/336/42 91/337/41 90/338/40 220/339/140 
f 221/340/141 31/341/28 30/342/27 213/343/135 
f 222/344/142 39/345/30 38/346/34 216/347/138 
f 116/348/44 67/349/33 66/350/32 223/351/143 
f 118/352/42 59/353/41 58/354/40 224/355/140 
f 225/356/141 105/357/28 104/358/38 111/359/45 
f 120/360/44 99/361/33 98/362/32 226/363/143 
f 227/364/142 33/365/30 32/366/29 109/367/43 
f 228/368/142 93/369/30 92/370/29 123/371/43 
f 114/372/44 49/373/33 48/374/32 229/375/143 
f 230/376/141 89/377/28 88/378/38 115/379/45 
f 122/380/42 73/381/41 72/183/40 231/382/140 
f 232/383/142 69/384/30 68/385/29 119/386/43 
f 110/387/44 37/388/33 36/389/32 233/390/143 
f 233/391/143 36/111/32 81/110/28 219/392/141 
f 218/393/140 106/123/40 69/122/30 232/394/142 
f 229/395/143 48/135/32 31/134/28 221/396/141 
f 220/397/140 90/147/40 93/146/30 228/398/142 
f 224/399/140 58/159/40 39/158/30 222/400/142 
f 223/401/143 66/171/32 105/170/28 225/402/141 
f 231/382/140 72/183/40 33/182/30 227/403/142 
f 226/404/143 98/195/32 89/194/28 230/405/141 
f 234/406/134 235/407/144 191/408/113 190/409/112 
f 234/406/134 190/409/112 184/410/106 183/411/105 
f 182/265/104 181/264/103 192/412/114 236/413/145 
f 1/414/1 3/415/3 157/416/79 
f 4/272/4 6/417/6 189/273/111 
f 188/271/110 187/270/109 193/418/115 237/419/146 
f 238/420/147 156/238/78 155/237/77 167/250/89 
f 238/420/147 167/250/89 169/252/91 239/421/148 
f 239/421/148 169/252/91 150/232/72 240/422/149 
f 240/422/149 150/232/72 149/231/71 9/9/9 
f 9/9/9 149/231/71 146/228/68 7/7/7 
f 10/10/10 7/7/7 146/228/68 145/227/67 
f 10/10/10 145/227/67 148/230/70 241/423/150 
f 241/423/150 148/230/70 174/257/96 242/424/151 
f 242/424/151 174/257/96 176/259/98 243/425/152 
f 11/13/11 243/425/152 176/259/98 178/261/100 
f 11/13/11 178/261/100 163/246/85 189/279/111 6/11/6 
f 3/415/3 236/413/145 192/412/114 157/416/79 
f 235/426/144 237/419/146 193/418/115 191/427/113 
f 244/428/153 197/429/119 196/430/118 14/431/14 
f 12/432/12 14/431/14 196/430/118 
f 15/433/15 17/434/17 206/435/128 
f 15/433/15 206/435/128 207/436/129 209/437/131 
f 208/298/130 204/301/126 203/438/125 245/439/154 
f 246/440/155 245/439/154 203/438/125 201/441/123 
f 246/442/155 201/443/123 200/304/122 211/303/133 
f 210/302/132 194/305/116 197/444/119 244/445/153 
f 247/446/156 248/447/157 249/448/158 250/449/159 
f 248/447/157 251/450/160 252/451/161 249/448/158 
f 252/451/161 251/450/160 253/452/162 254/453/163 
f 254/453/163 253/452/162 255/454/164 256/455/165 
f 256/455/165 255/454/164 257/456/166 258/457/167 
f 258/457/167 257/456/166 259/458/168 260/459/169 
f 259/458/168 261/460/170 262/461/171 260/459/169 
f 261/460/170 247/446/156 250/449/159 262/461/171 
f 247/446/156 263/462/172 264/463/173 248/447/157 
f 248/447/157 264/463/173 265/464/174 251/450/160 
f 251/450/160 265/464/174 266/465/175 253/452/162 
f 253/452/162 266/465/175 267/466/176 255/454/164 
f 267/466/176 268/467/177 257/456/166 255/454/164 
f 268/467/177 269/468/178 259/458/168 257/456/166 
f 269/468/178 270/469/179 261/460/170 259/458/168 
f 261/460/170 270/469/179 271/470/180 263/462/172 247/446/156 
f 263/462/172 272/471/181 273/472/182 264/463/173 
f 273/472/182 274/473/183 265/464/174 264/463/173 
f 265/464/174 274/473/183 266/465/175 
f 275/474/184 276/475/185 277/476/186 278/477/187 
f 276/475/185 279/478/188 280/479/189 277/476/186 
f 280/480/189 279/481/188 281/482/190 282/483/191 
f 282/483/191 281/482/190 283/484/192 284/485/193 
f 284/485/193 283/484/192 285/486/194 286/487/195 
f 286/487/195 285/486/194 287/488/196 288/489/197 
f 287/488/196 289/490/198 290/491/199 288/489/197 
f 289/490/198 275/474/184 278/477/187 290/491/199 
f 275/474/184 291/492/200 292/493/201 276/475/185 
f 276/475/185 292/493/201 293/494/202 279/478/188 
f 293/495/202 294/496/203 281/482/190 279/481/188 
f 294/496/203 295/497/204 283/484/192 281/482/190 
f 295/497/204 296/498/205 285/486/194 283/484/192 
f 296/498/205 297/499/206 287/488/196 285/486/194 
f 287/488/196 297/499/206 298/500/207 289/490/198 
f 289/490/198 298/500/207 291/492/200 275/474/184 
f 291/492/200 299/501/208 300/502/209 292/493/201 
f 300/502/209 301/503/210 293/494/202 292/493/201 
f 301/504/210 302/505/211 294/496/203 293/495/202 
f 302/505/211 303/506/212 295/497/204 294/496/203 
f 303/506/212 304/507/213 296/498/205 295/497/204 
f 296/498/205 304/507/213 305/508/214 297/499/206 
f 297/499/206 305/508/214 306/509/215 298/500/207 
f 298/500/207 306/509/215 299/501/208 291/492/200 
f 307/510/216 308/511/217 300/502/209 299/501/208 
f 308/511/217 309/512/218 301/503/210 300/502/209 
f 301/504/210 309/513/218 310/514/219 302/505/211 
f 302/505/211 310/514/219 311/515/220 303/506/212 
f 303/506/212 311/515/220 312/516/221 304/507/213 
f 304/507/213 312/516/221 313/517/222 305/508/214 
f 313/517/222 314/518/223 306/509/215 305/508/214 
f 314/518/223 307/510/216 299/501/208 306/509/215 
f 315/519/224 316/520/225 308/511/217 307/510/216 
f 316/520/225 317/521/226 309/512/218 308/511/217 
f 317/522/226 318/523/227 310/514/219 309/513/218 
f 318/523/227 319/524/228 311/515/220 310/514/219 
f 319/524/228 320/525/229 312/516/221 311/515/220 
f 320/525/229 321/526/230 313/517/222 312/516/221 
f 313/517/222 321/526/230 322/527/231 314/518/223 
f 314/518/223 322/527/231 315/519/224 307/510/216 
f 315/519/224 323/528/232 324/529/233 316/520/225 
f 316/520/225 324/529/233 325/530/234 317/521/226 
f 317/522/226 325/531/234 326/532/235 318/523/227 
f 326/532/235 327/533/236 319/524/228 318/523/227 
f 327/533/236 328/534/237 320/525/229 319/524/228 
f 328/534/237 329/535/238 321/526/230 320/525/229 
f 329/535/238 330/536/239 322/527/231 321/526/230 
f 322/527/231 330/536/239 323/528/232 315/519/224 
f 331/537/240 332/538/241 333/539/242 334/540/243 
f 334/540/243 333/539/242 335/541/244 336/542/245 
f 335/541/244 337/543/246 338/544/247 336/542/245 
f 337/543/246 339/545/248 340/546/249 338/544/247 
f 339/545/248 341/547/250 342/548/251 340/546/249 
f 341/549/250 343/550/252 344/551/253 342/552/251 
f 344/551/253 343/550/252 345/553/254 346/554/255 
f 346/554/255 345/553/254 332/538/241 331/537/240 
f 347/555/256 348/556/257 333/539/242 332/538/241 
f 348/556/257 349/557/258 335/541/244 333/539/242 
f 335/541/244 349/557/258 350/558/259 337/543/246 
f 337/543/246 350/558/259 351/559/260 339/545/248 
f 339/545/248 351/559/260 352/560/261 341/547/250 
f 352/561/261 353/562/262 343/550/252 341/549/250 
f 353/562/262 354/563/263 345/553/254 343/550/252 
f 354/563/263 347/555/256 332/538/241 345/553/254 
f 347/555/256 355/564/264 356/565/265 348/556/257 
f 348/556/257 356/565/265 357/566/266 349/557/258 
f 349/557/258 357/566/266 358/567/267 350/558/259 
f 350/558/259 358/567/267 359/568/268 351/559/260 
f 359/568/268 360/569/269 352/560/261 351/559/260 
f 360/570/269 361/571/270 353/562/262 352/561/261 
f 361/571/270 362/572/271 354/563/263 353/562/262 
f 362/572/271 355/564/264 347/555/256 354/563/263 
f 363/573/272 364/574/273 356/565/265 355/564/264 
f 364/574/273 365/575/274 357/566/266 356/565/265 
f 365/575/274 366/576/275 358/567/267 357/566/266 
f 366/576/275 367/577/276 359/568/268 358/567/267 
f 367/577/276 368/578/277 360/569/269 359/568/268 
f 360/570/269 368/579/277 369/580/278 361/571/270 
f 361/571/270 369/580/278 370/581/279 362/572/271 
f 362/572/271 370/581/279 363/573/272 355/564/264 
f 363/573/272 371/582/280 372/583/281 364/574/273 
f 364/574/273 372/583/281 373/584/282 365/575/274 
f 373/584/282 374/585/283 375/586/284 366/576/275 365/575/274 
f 366/576/275 375/586/284 376/587/285 367/577/276 
f 376/587/285 377/588/286 368/578/277 367/577/276 
f 377/589/286 378/590/287 379/591/288 369/580/278 368/579/277 
f 379/591/288 380/592/289 370/581/279 369/580/278 
f 380/592/289 371/582/280 363/573/272 370/581/279 
f 375/586/284 381/593/290 382/594/291 376/587/285 
f 376/587/285 382/594/291 383/595/292 377/588/286 
f 377/589/286 383/596/292 378/590/287 
f 384/597/293 385/598/294 386/599/295 387/600/296 
f 386/599/295 385/598/294 388/601/297 389/602/298 
f 389/602/298 388/601/297 390/603/299 391/604/300 
f 391/604/300 390/603/299 392/605/301 393/606/302 
f 393/606/302 392/605/301 394/607/303 395/608/304 
f 394/607/303 396/609/305 397/610/306 395/608/304 
f 396/609/305 398/611/307 399/612/308 397/610/306 
f 398/611/307 384/613/293 387/614/296 399/612/308 
f 400/615/309 401/616/310 385/598/294 384/597/293 
f 401/616/310 402/617/311 388/601/297 385/598/294 
f 402/617/311 403/618/312 390/603/299 388/601/297 
f 403/618/312 404/619/313 392/605/301 390/603/299 
f 392/605/301 404/619/313 405/620/314 394/607/303 
f 394/607/303 405/620/314 406/621/315 396/609/305 
f 396/609/305 406/621/315 407/622/316 398/611/307 
f 398/611/307 407/622/316 400/623/309 384/613/293 
f 400/615/309 408/624/317 409/625/318 401/616/310 
f 409/625/318 410/626/319 402/617/311 401/616/310 
f 410/626/319 411/627/320 403/618/312 402/617/311 
f 411/627/320 412/628/321 404/619/313 403/618/312 
f 412/628/321 413/629/322 405/620/314 404/619/313 
f 413/629/322 414/630/323 406/621/315 405/620/314 
f 406/621/315 414/630/323 415/631/324 407/622/316 
f 407/622/316 415/631/324 408/632/317 400/623/309 
f 416/633/325 417/634/326 409/625/318 408/624/317 
f 417/634/326 418/635/327 410/626/319 409/625/318 
f 418/635/327 419/636/328 411/627/320 410/626/319 
f 419/636/328 420/637/329 412/628/321 411/627/320 
f 412/628/321 420/637/329 421/638/330 413/629/322 
f 413/629/322 421/638/330 422/639/331 414/630/323 
f 414/630/323 422/639/331 423/640/332 415/631/324 
f 415/631/324 423/640/332 416/641/325 408/632/317 
f 416/633/325 424/642/333 425/643/334 417/634/326 
f 417/634/326 425/643/334 426/644/335 418/635/327 
f 418/635/327 426/644/335 427/645/336 419/636/328 
f 419/636/328 427/645/336 428/646/337 420/637/329 
f 428/646/337 429/647/338 421/638/330 420/637/329 
f 429/647/338 430/648/339 422/639/331 421/638/330 
f 430/648/339 431/649/340 423/640/332 422/639/331 
f 431/649/340 424/650/333 416/641/325 423/640/332 
f 432/651/341 433/652/342 425/643/334 424/642/333 
f 433/652/342 434/653/343 426/644/335 425/643/334 
f 426/644/335 434/653/343 435/654/344 427/645/336 
f 435/654/344 436/655/345 428/646/337 427/645/336 
f 436/655/345 437/656/346 429/647/338 428/646/337 
f 437/656/346 438/657/347 430/648/339 429/647/338 
f 438/657/347 439/658/348 431/649/340 430/648/339 
f 431/649/340 439/658/348 432/659/341 424/650/333 
f 440/660/349 441/661/350 433/652/342 432/651/341 
f 441/661/350 442/662/351 434/653/343 433/652/342 
f 442/662/351 443/663/352 435/654/344 434/653/343 
f 435/654/344 443/663/352 444/664/353 436/655/345 
f 444/664/353 445/665/354 437/656/346 436/655/345 
f 445/665/354 446/666/355 438/657/347 437/656/346 
f 446/666/355 447/667/356 439/658/348 438/657/347 
f 447/667/356 440/668/349 432/659/341 439/658/348 
f 448/669/357 449/670/358 441/661/350 440/660/349 
f 441/661/350 449/670/358 450/671/359 442/662/351 
f 442/662/351 450/671/359 451/672/360 443/663/352 
f 451/672/360 452/673/361 444/664/353 443/663/352 
f 452/673/361 453/674/362 445/665/354 444/664/353 
f 453/674/362 454/675/363 446/666/355 445/665/354 
f 454/675/363 455/676/364 447/667/356 446/666/355 
f 447/667/356 455/676/364 448/677/357 440/668/349 
f 456/678/365 457/679/366 449/670/358 448/669/357 
f 449/670/358 457/679/366 458/680/367 450/671/359 
f 458/680/367 459/681/368 451/672/360 450/671/359 
f 451/672/360 459/681/368 460/682/369 452/673/361 
f 452/673/361 460/682/369 461/683/370 453/674/362 
f 461/683/370 462/684/371 454/675/363 453/674/362 
f 462/684/371 463/685/372 455/676/364 454/675/363 
f 463/685/372 456/686/365 448/677/357 455/676/364 
f 464/687/373 465/688/374 457/679/366 456/678/365 
f 457/679/366 465/688/374 466/689/375 458/680/367 
f 458/680/367 466/689/375 467/690/376 459/681/368 
f 459/681/368 467/690/376 468/691/377 460/682/369 
f 468/691/377 469/692/378 461/683/370 460/682/369 
f 469/692/378 470/693/379 462/684/371 461/683/370 
f 470/693/379 471/694/380 463/685/372 462/684/371 
f 471/694/380 464/695/373 456/686/365 463/685/372 
f 472/696/381 473/697/382 465/688/374 464/687/373 
f 465/688/374 473/697/382 474/698/383 466/689/375 
f 474/698/383 475/699/384 467/690/376 466/689/375 
f 475/699/384 476/700/385 468/691/377 467/690/376 
f 476/700/385 477/701/386 469/692/378 468/691/377 
f 477/701/386 478/702/387 470/693/379 469/692/378 
f 478/702/387 479/703/388 471/694/380 470/693/379 
f 479/703/388 472/704/381 464/695/373 471/694/380 
f 480/705/389 481/706/390 473/697/382 472/696/381 
f 481/706/390 482/707/391 474/698/383 473/697/382 
f 482/707/391 483/708/392 475/699/384 474/698/383 
f 483/708/392 484/709/393 476/700/385 475/699/384 
f 476/700/385 484/709/393 485/710/394 477/701/386 
f 477/701/386 485/710/394 486/711/395 478/702/387 
f 478/702/387 486/711/395 487/712/396 479/703/388 
f 479/703/388 487/712/396 480/713/389 472/704/381 
f 488/714/397 489/715/398 481/706/390 480/705/389 
f 489/715/398 490/716/399 482/707/391 481/706/390 
f 490/716/399 491/717/400 483/708/392 482/707/391 
f 491/717/400 492/718/401 484/709/393 483/708/392 
f 484/709/393 492/718/401 493/719/402 485/710/394 
f 493/719/402 494/720/403 486/711/395 485/710/394 
f 494/720/403 495/721/404 487/712/396 486/711/395 
f 487/712/396 495/721/404 488/722/397 480/713/389 
f 496/723/405 497/724/406 489/715/398 488/714/397 
f 497/724/406 498/725/407 490/716/399 489/715/398 
f 498/725/407 499/726/408 491/717/400 490/716/399 
f 499/726/408 500/727/409 492/718/401 491/717/400 
f 500/727/409 501/728/410 493/719/402 492/718/401 
f 501/728/410 502/729/411 494/720/403 493/719/402 
f 502/729/411 503/730/412 495/721/404 494/720/403 
f 503/730/412 496/731/405 488/722/397 495/721/404 
f 504/732/413 505/733/414 497/724/406 496/723/405 
f 505/733/414 506/734/415 498/725/407 497/724/406 
f 506/734/415 507/735/416 499/726/408 498/725/407 
f 507/735/416 508/736/417 500/727/409 499/726/408 
f 508/736/417 509/737/418 501/728/410 500/727/409 
f 509/737/418 510/738/419 502/729/411 501/728/410 
f 510/738/419 511/739/420 503/730/412 502/729/411 
f 511/739/420 504/740/413 496/731/405 503/730/412 
f 512/741/421 513/742/422 505/733/414 504/732/413 
f 513/742/422 514/743/423 506/734/415 505/733/414 
f 514/743/423 515/744/424 507/735/416 506/734/415 
f 515/744/424 516/745/425 508/736/417 507/735/416 
f 516/745/425 517/746/426 509/737/418 508/736/417 
f 517/746/426 518/747/427 510/738/419 509/737/418 
f 518/747/427 519/748/428 511/739/420 510/738/419 
f 519/748/428 512/749/421 504/740/413 511/739/420 
f 520/750/429 521/751/430 513/742/422 512/741/421 
f 521/751/430 522/752/431 514/743/423 513/742/422 
f 522/752/431 523/753/432 515/744/424 514/743/423 
f 523/753/432 524/754/433 516/745/425 515/744/424 
f 524/754/433 525/755/434 517/746/426 516/745/425 
f 525/755/434 526/756/435 518/747/427 517/746/426 
f 526/756/435 527/757/436 519/748/428 518/747/427 
f 519/748/428 527/757/436 520/758/429 512/749/421 
f 528/759/437 529/760/438 521/751/430 520/750/429 
f 529/760/438 530/761/439 522/752/431 521/751/430 
f 522/752/431 530/761/439 531/762/440 523/753/432 
f 523/753/432 531/762/440 532/763/441 524/754/433 
f 524/754/433 532/763/441 533/764/442 525/755/434 
f 525/755/434 533/764/442 534/765/443 526/756/435 
f 534/765/443 535/766/444 527/757/436 526/756/435 
f 535/766/444 528/767/437 520/758/429 527/757/436 
f 528/759/437 536/768/445 537/769/446 529/760/438 
f 529/760/438 537/769/446 538/770/447 530/761/439 
f 530/761/439 538/770/447 539/771/448 531/762/440 
f 539/771/448 540/772/449 532/763/441 531/762/440 
f 540/772/449 541/773/450 533/764/442 532/763/441 
f 541/773/450 542/774/451 534/765/443 533/764/442 
f 542/774/451 543/775/452 535/766/444 534/765/443 
f 535/766/444 543/775/452 536/776/445 528/767/437 
f 544/777/453 545/778/454 537/769/446 536/768/445 
f 545/778/454 546/779/455 538/770/447 537/769/446 
f 546/779/455 547/780/456 539/771/448 538/770/447 
f 539/771/448 547/780/456 548/781/457 540/772/449 
f 540/772/449 548/781/457 549/782/458 541/773/450 
f 541/773/450 549/782/458 550/783/459 542/774/451 
f 542/774/451 550/783/459 551/784/460 543/775/452 
f 551/784/460 544/785/453 536/776/445 543/775/452 
f 544/777/453 552/786/461 553/787/462 545/778/454 
f 553/787/462 554/788/463 546/779/455 545/778/454 
f 554/788/463 555/789/464 547/780/456 546/779/455 
f 555/789/464 556/790/465 548/781/457 547/780/456 
f 556/790/465 557/791/466 549/782/458 548/781/457 
f 549/782/458 557/791/466 558/792/467 550/783/459 
f 550/783/459 558/792/467 559/793/468 551/784/460 
f 551/784/460 559/793/468 552/794/461 544/785/453 
f 560/795/469 561/796/470 553/787/462 552/786/461 
f 553/787/462 561/796/470 562/797/471 554/788/463 
f 554/788/463 562/797/471 563/798/472 555/789/464 
f 555/789/464 563/798/472 564/799/473 556/790/465 
f 556/790/465 564/799/473 565/800/474 557/791/466 
f 565/800/474 566/801/475 558/792/467 557/791/466 
f 566/801/475 567/802/476 559/793/468 558/792/467 
f 567/802/476 560/803/469 552/794/461 559/793/468 
f 568/804/477 569/805/478 561/796/470 560/795/469 
f 569/805/478 570/806/479 571/807/480 562/797/471 561/796/470 
f 562/797/471 571/807/480 572/808/481 563/798/472 
f 563/798/472 572/808/481 573/809/482 564/799/473 
f 564/799/473 573/809/482 574/810/483 565/800/474 
f 574/810/483 575/811/484 576/812/485 566/801/475 565/800/474 
f 576/812/485 577/813/486 567/802/476 566/801/475 
f 577/813/486 568/814/477 560/803/469 567/802/476 
f 568/804/477 578/815/487 579/816/488 569/805/478 
f 569/805/478 579/816/488 570/806/479 
f 576/812/485 580/817/489 581/818/490 577/813/486 
f 577/813/486 581/818/490 578/819/487 568/814/477 
f 582/820/491 583/821/492 584/822/493 585/823/494 
f 586/824/495 584/822/493 583/821/492 587/825/496 
f 586/824/495 587/825/496 588/826/497 
f 589/827/498 590/828/499 591/829/500 592/830/501 
f 591/829/500 593/831/502 594/832/503 592/830/501 
f 593/833/502 595/834/504 582/820/491 594/835/503 
f 595/834/504 596/836/505 583/821/492 582/820/491 
f 596/836/505 597/837/506 587/825/496 583/821/492 
f 597/837/506 598/838/507 599/839/508 588/826/497 587/825/496 
f 598/838/507 600/840/509 601/841/510 602/842/511 
f 602/842/511 601/841/510 603/843/512 590/828/499 
f 603/843/512 604/844/513 591/829/500 590/828/499 
f 604/844/513 605/845/514 593/831/502 591/829/500 
f 605/846/514 606/847/515 595/834/504 593/833/502 
f 606/847/515 607/848/516 596/836/505 595/834/504 
f 607/848/516 608/849/517 597/837/506 596/836/505 
f 597/837/506 608/849/517 600/840/509 598/838/507 
f 609/850/518 610/851/519 601/841/510 600/840/509 
f 601/841/510 610/851/519 611/852/520 603/843/512 
f 603/843/512 611/852/520 612/853/521 604/844/513 
f 604/844/513 612/853/521 613/854/522 605/845/514 
f 605/846/514 613/855/522 614/856/523 606/847/515 
f 614/856/523 615/857/524 607/848/516 606/847/515 
f 615/857/524 616/858/525 608/849/517 607/848/516 
f 616/858/525 609/850/518 600/840/509 608/849/517 
f 617/859/526 618/860/527 610/851/519 609/850/518 
f 618/860/527 619/861/528 611/852/520 610/851/519 
f 619/861/528 620/862/529 612/853/521 611/852/520 
f 620/862/529 621/863/530 613/854/522 612/853/521 
f 621/864/530 622/865/531 614/856/523 613/855/522 
f 614/856/523 622/865/531 623/866/532 615/857/524 
f 615/857/524 623/866/532 624/867/533 616/858/525 
f 616/858/525 624/867/533 617/859/526 609/850/518 
f 617/859/526 625/868/534 626/869/535 618/860/527 
f 626/869/535 627/870/536 619/861/528 618/860/527 
f 627/870/536 628/871/537 629/872/538 620/862/529 619/861/528 
f 629/872/538 630/873/539 621/863/530 620/862/529 
f 630/874/539 631/875/540 622/865/531 621/864/530 
f 631/875/540 632/876/541 623/866/532 622/865/531 
f 623/866/532 632/876/541 633/877/542 624/867/533 
f 633/877/542 634/878/543 625/868/534 617/859/526 624/867/533 
f 635/879/544 636/880/545 630/873/539 629/872/538 
f 630/874/539 636/881/545 637/882/546 631/875/540 
f 631/875/540 637/882/546 638/883/547 632/876/541 
f 632/876/541 638/883/547 639/884/548 633/877/542 
f 633/877/542 639/884/548 634/878/543 
f 640/885/549 641/886/550 642/887/551 
f 643/888/552 644/889/553 645/890/554 646/891/555 
f 644/889/553 647/892/556 648/893/557 645/890/554 
f 647/894/556 649/895/558 650/896/559 651/897/560 648/898/557 
f 652/899/561 653/900/562 643/901/552 654/902/563 
f 653/903/562 655/904/564 644/889/553 643/888/552 
f 655/904/564 656/905/565 647/892/556 644/889/553 
f 647/894/556 656/906/565 657/907/566 649/895/558 
f 649/895/558 657/907/566 658/908/567 659/909/568 
f 660/910/569 661/911/570 652/899/561 662/912/571 
f 652/899/561 661/911/570 663/913/572 653/900/562 
f 653/903/562 663/914/572 664/915/573 655/904/564 
f 655/904/564 664/915/573 665/916/574 656/905/565 
f 656/906/565 665/917/574 666/918/575 657/907/566 
f 666/918/575 667/919/576 668/920/577 658/908/567 657/907/566 
f 669/921/578 670/922/579 671/923/580 661/911/570 660/910/569 
f 661/911/570 671/923/580 672/924/581 663/913/572 
f 663/914/572 672/925/581 673/926/582 664/915/573 
f 673/926/582 674/927/583 665/916/574 664/915/573 
f 674/928/583 675/929/584 666/918/575 665/917/574 
f 675/929/584 676/930/585 677/931/586 667/919/576 666/918/575 
f 667/919/576 677/931/586 678/932/587 
f 679/933/588 680/934/589 672/924/581 671/923/580 
f 680/935/589 681/936/590 673/926/582 672/925/581 
f 681/936/590 682/937/591 674/927/583 673/926/582 
f 674/928/583 682/938/591 683/939/592 675/929/584 
f 683/939/592 684/940/593 685/941/594 676/930/585 675/929/584 
f 686/942/595 687/943/596 688/944/597 679/933/588 689/945/598 
f 688/944/597 690/946/599 680/934/589 679/933/588 
f 690/947/599 691/948/600 681/936/590 680/935/589 
f 691/948/600 692/949/601 682/937/591 681/936/590 
f 692/950/601 693/951/602 694/952/603 683/939/592 682/938/591 
f 683/939/592 694/952/603 695/953/604 684/940/593 
f 684/940/593 695/953/604 696/954/605 697/955/606 
f 696/954/605 686/942/595 689/945/598 697/955/606 
f 698/956/607 690/946/599 688/944/597 699/957/608 
f 690/947/599 698/958/607 700/959/609 691/948/600 
f 700/959/609 701/960/610 702/961/611 692/949/601 691/948/600 
f 692/950/601 702/962/611 693/951/602 
f 703/963/612 704/964/613 698/956/607 699/957/608 
f 698/958/607 704/965/613 705/966/614 700/959/609 
f 700/959/609 705/966/614 701/960/610 
f 704/967/615 706/968/616 707/969/617 
f 708/970/618 709/971/619 706/968/616 710/972/620 
f 706/968/616 709/971/619 707/969/617 
f 711/973/621 712/974/622 713/975/623 714/976/624 
f 714/976/624 713/975/623 715/977/625 716/978/626 
f 715/977/625 717/979/627 718/980/628 719/981/629 716/978/626 
f 712/974/622 720/982/630 721/983/631 713/975/623 
f 713/975/623 721/983/631 722/984/632 715/977/625 
f 722/984/632 723/985/633 717/979/627 715/977/625 
f 723/986/633 724/987/634 725/988/635 717/989/627 
f 724/987/634 726/990/636 727/991/637 725/988/635 
f 727/991/637 726/990/636 728/992/638 729/993/639 730/994/640 
f 730/994/640 729/993/639 731/995/641 
f 732/996/642 733/997/643 721/983/631 720/982/630 
f 721/983/631 733/997/643 734/998/644 722/984/632 
f 722/984/632 734/998/644 735/999/645 723/985/633 
f 723/986/633 735/1000/645 736/1001/646 724/987/634 
f 736/1001/646 737/1002/647 726/990/636 724/987/634 
f 737/1002/647 738/1003/648 728/992/638 726/990/636 
f 732/996/642 739/1004/649 740/1005/650 733/997/643 
f 740/1005/650 741/1006/651 734/998/644 733/997/643 
f 741/1006/651 742/1007/652 735/999/645 734/998/644 
f 742/1008/652 743/1009/653 736/1001/646 735/1000/645 
f 743/1009/653 744/1010/654 737/1002/647 736/1001/646 
f 744/1010/654 745/1011/655 738/1003/648 737/1002/647 
f 746/1012/656 747/1013/657 740/1005/650 739/1004/649 
f 747/1013/657 748/1014/658 741/1006/651 740/1005/650 
f 748/1014/658 749/1015/659 742/1007/652 741/1006/651 
f 742/1008/652 749/1016/659 750/1017/660 743/1009/653 
f 743/1009/653 750/1017/660 751/1018/661 744/1010/654 
f 744/1010/654 751/1018/661 752/1019/662 745/1011/655 
f 753/1020/663 754/1021/664 747/1013/657 746/1012/656 
f 754/1021/664 755/1022/665 748/1014/658 747/1013/657 
f 755/1022/665 756/1023/666 749/1015/659 748/1014/658 
f 756/1024/666 757/1025/667 758/1026/668 750/1017/660 749/1016/659 
f 750/1017/660 758/1026/668 759/1027/669 751/1018/661 
f 751/1018/661 759/1027/669 752/1019/662 
f 760/1028/670 761/1029/671 762/1030/672 754/1021/664 753/1020/663 
f 754/1021/664 762/1030/672 763/1031/673 755/1022/665 
f 755/1022/665 763/1031/673 764/1032/674 756/1023/666 
f 756/1024/666 764/1033/674 757/1025/667 
f 765/1034/675 766/1035/676 760/1028/670 767/1036/677 
f 760/1028/670 766/1035/676 761/1029/671 
f 766/1037/678 768/1038/679 769/1039/680 
f 770/1040/681 771/1041/682 772/1042/683 768/1038/679 773/1043/684 
f 768/1038/679 772/1042/683 774/1044/685 769/1039/680 
f 775/1045/686 776/1046/687 777/1047/688 774/1044/685 772/1042/683 
f 778/1048/689 775/1045/686 779/1049/690 780/1050/691 
f 778/1048/689 781/1051/692 782/1052/693 776/1046/687 775/1045/686 
f 776/1046/687 782/1052/693 783/1053/694 
f 784/1054/695 785/1055/696 778/1048/689 780/1050/691 
f 778/1048/689 785/1055/696 786/1056/697 781/1051/692 
f 787/1057/698 788/1058/699 789/1059/700 790/1060/701 
f 788/1058/699 784/1054/695 780/1050/691 789/1059/700 
f 791/1061/702 792/1062/703 785/1055/696 784/1054/695 
f 792/1062/703 793/1063/704 794/1064/705 786/1056/697 785/1055/696 
f 795/1065/706 796/1066/707 797/1067/708 798/1068/709 
f 798/1068/709 797/1067/708 799/1069/710 787/1070/698 
f 787/1057/698 799/1071/710 800/1072/711 788/1058/699 
f 788/1058/699 800/1072/711 791/1061/702 784/1054/695 
f 801/1073/712 802/1074/713 792/1062/703 791/1061/702 
f 802/1074/713 803/1075/714 804/1076/715 793/1063/704 792/1062/703 
f 804/1076/715 805/1077/716 806/1078/717 793/1063/704 
f 805/1077/716 807/1079/718 808/1080/719 796/1066/707 806/1078/717 
f 796/1066/707 808/1080/719 809/1081/720 797/1067/708 
f 809/1081/720 810/1082/721 799/1069/710 797/1067/708 
f 810/1083/721 811/1084/722 800/1072/711 799/1071/710 
f 811/1084/722 801/1073/712 791/1061/702 800/1072/711 
f 812/1085/723 813/1086/724 802/1074/713 801/1073/712 
f 813/1086/724 814/1087/725 803/1075/714 802/1074/713 
f 815/1088/726 816/1089/727 809/1081/720 808/1080/719 
f 809/1081/720 816/1089/727 817/1090/728 810/1082/721 
f 810/1083/721 817/1091/728 818/1092/729 811/1084/722 
f 811/1084/722 818/1092/729 812/1085/723 801/1073/712 
f 819/1093/730 820/1094/731 813/1086/724 812/1085/723 
f 820/1094/731 821/1095/732 822/1096/733 814/1087/725 813/1086/724 
f 823/1097/734 824/1098/735 816/1089/727 815/1088/726 
f 824/1098/735 825/1099/736 817/1090/728 816/1089/727 
f 825/1099/736 826/1100/737 818/1092/729 817/1091/728 
f 826/1100/737 819/1093/730 812/1085/723 818/1092/729 
f 260/459/169 262/461/171 250/449/159 249/448/158 252/451/161 254/453/163 256/455/165 258/457/167 
f 824/1098/735 823/1097/734 827/1101/738 821/1095/732 820/1094/731 819/1093/730 826/1100/737 825/1099/736 
f 828/1102/739 829/1103/740 830/1104/741 
f 829/1103/740 831/1105/742 832/1106/743 
f 829/1103/740 832/1106/743 830/1104/741 
f 830/1104/741 832/1106/743 833/1107/744 
f 828/1108/739 830/1104/741 834/1109/745 
f 830/1104/741 833/1107/744 835/1110/746 
f 830/1104/741 835/1110/746 834/1109/745 
f 834/1109/745 835/1110/746 836/1111/747 
f 828/1112/739 834/1113/745 837/1114/748 
f 834/1113/745 836/1115/747 838/1116/749 
f 834/1113/745 838/1116/749 837/1114/748 
f 837/1114/748 838/1116/749 839/1117/750 
f 828/1118/739 837/1114/748 829/1103/740 
f 837/1114/748 839/1117/750 840/1119/751 
f 837/1114/748 840/1119/751 829/1103/740 
f 829/1103/740 840/1119/751 831/1105/742 
f 841/1120/752 842/1121/753 843/1122/754 
f 842/1121/753 833/1107/744 832/1106/743 
f 842/1121/753 832/1106/743 843/1122/754 
f 843/1122/754 832/1106/743 831/1105/742 
f 841/1123/752 844/1124/755 842/1121/753 
f 844/1124/755 836/1111/747 835/1110/746 
f 844/1124/755 835/1110/746 842/1121/753 
f 842/1121/753 835/1110/746 833/1107/744 
f 841/1125/752 845/1126/756 844/1127/755 
f 845/1126/756 839/1117/750 838/1116/749 
f 845/1126/756 838/1116/749 844/1127/755 
f 844/1127/755 838/1116/749 836/1115/747 
f 841/1128/752 843/1122/754 845/1126/756 
f 843/1122/754 831/1105/742 840/1119/751 
f 843/1122/754 840/1119/751 845/1126/756 
f 845/1126/756 840/1119/751 839/1117/750 
f 846/1129/757 847/1130/758 848/1131/759 
f 847/1130/758 849/1132/760 850/1133/761 
f 847/1130/758 850/1133/761 848/1131/759 
f 848/1131/759 850/1133/761 851/1134/762 
f 846/1135/757 848/1131/759 852/1136/763 
f 848/1131/759 851/1134/762 853/1137/764 
f 848/1131/759 853/1137/764 852/1136/763 
f 852/1136/763 853/1137/764 854/1138/765 
f 846/1139/757 852/1140/763 855/1141/766 
f 852/1140/763 854/1142/765 856/1143/767 
f 852/1140/763 856/1143/767 855/1141/766 
f 855/1141/766 856/1143/767 857/1144/768 
f 846/1145/757 855/1141/766 847/1130/758 
f 855/1141/766 857/1144/768 858/1146/769 
f 855/1141/766 858/1146/769 847/1130/758 
f 847/1130/758 858/1146/769 849/1132/760 
f 859/1147/770 854/1138/765 853/1137/764 
f 853/1137/764 860/1148/771 861/1149/772 859/1147/770 
f 862/1150/773 857/1144/768 856/1143/767 
f 862/1150/773 856/1143/767 859/1151/770 
f 859/1151/770 856/1143/767 854/1142/765 
f 862/1150/773 858/1146/769 857/1144/768 
f 863/1152/774 864/1153/775 865/1154/776 
f 864/1153/775 866/1155/777 867/1156/778 
f 864/1153/775 867/1156/778 868/1157/779 865/1154/776 
f 865/1154/776 868/1157/779 869/1158/780 870/1159/781 
f 863/1160/774 865/1154/776 871/1161/782 
f 865/1154/776 870/1159/781 872/1162/783 
f 865/1154/776 872/1162/783 871/1161/782 
f 871/1161/782 872/1162/783 873/1163/784 
f 863/1164/774 871/1165/782 874/1166/785 
f 871/1165/782 873/1167/784 875/1168/786 
f 871/1165/782 875/1168/786 874/1166/785 
f 874/1166/785 875/1168/786 876/1169/787 
f 863/1170/774 874/1166/785 864/1153/775 
f 874/1166/785 876/1169/787 877/1171/788 
f 874/1166/785 877/1171/788 864/1153/775 
f 864/1153/775 877/1171/788 866/1155/777 
f 878/1172/789 879/1173/790 880/1174/791 
f 879/1173/790 881/1175/792 882/1176/793 
f 879/1173/790 882/1176/793 880/1174/791 
f 880/1174/791 882/1176/793 883/1177/794 
f 878/1178/789 880/1174/791 884/1179/795 
f 880/1174/791 883/1177/794 885/1180/796 
f 880/1174/791 885/1180/796 884/1179/795 
f 884/1179/795 885/1180/796 886/1181/797 
f 878/1182/789 884/1183/795 887/1184/798 
f 884/1183/795 886/1185/797 888/1186/799 
f 884/1183/795 888/1186/799 887/1184/798 
f 887/1184/798 888/1186/799 889/1187/800 
f 878/1188/789 887/1184/798 879/1173/790 
f 887/1184/798 889/1187/800 890/1189/801 
f 887/1184/798 890/1189/801 879/1173/790 
f 879/1173/790 890/1189/801 881/1175/792 
f 891/1190/802 886/1181/797 885/1180/796 
f 885/1180/796 892/1191/803 893/1192/804 891/1190/802 
f 891/1193/802 888/1186/799 886/1185/797 
f 894/1194/805 895/1195/806 896/1196/807 
f 895/1195/806 897/1197/808 898/1198/809 
f 895/1195/806 898/1198/809 896/1196/807 
f 896/1196/807 898/1198/809 899/1199/810 
f 894/1200/805 896/1196/807 900/1201/811 
f 896/1196/807 899/1199/810 901/1202/812 
f 896/1196/807 901/1202/812 900/1201/811 
f 900/1201/811 901/1202/812 902/1203/813 
f 894/1204/805 900/1205/811 903/1206/814 
f 900/1205/811 902/1207/813 904/1208/815 
f 900/1205/811 904/1208/815 903/1206/814 
f 903/1206/814 904/1208/815 905/1209/816 
f 894/1210/805 903/1206/814 895/1195/806 
f 903/1206/814 905/1209/816 906/1211/817 
f 903/1206/814 906/1211/817 895/1195/806 
f 895/1195/806 906/1211/817 897/1197/808 
f 907/1212/818 908/1213/819 909/1214/820 
f 908/1213/819 899/1199/810 898/1198/809 
f 908/1213/819 898/1198/809 909/1214/820 
f 909/1214/820 898/1198/809 897/1197/808 
f 907/1215/818 910/1216/821 908/1213/819 
f 910/1216/821 902/1203/813 901/1202/812 
f 910/1216/821 901/1202/812 908/1213/819 
f 908/1213/819 901/1202/812 899/1199/810 
f 907/1217/818 911/1218/822 910/1219/821 
f 911/1218/822 905/1209/816 904/1208/815 
f 911/1218/822 904/1208/815 910/1219/821 
f 910/1219/821 904/1208/815 902/1207/813 
f 907/1220/818 909/1214/820 911/1218/822 
f 909/1214/820 897/1197/808 906/1211/817 
f 909/1214/820 906/1211/817 911/1218/822 
f 911/1218/822 906/1211/817 905/1209/816 
f 2/1221/2 1/239/1 156/238/78 
f 13/1222/13 12/1223/12 199/1224/121 
f 199/1225/121 17/1226/17 16/1227/16 
f 272/471/181 263/462/172 271/470/180 
f 278/477/187 277/476/186 912/1228/823 913/1229/824 
f 277/476/186 280/479/189 914/1230/825 912/1228/823 
f 280/480/189 282/483/191 915/1231/826 914/1232/825 
f 915/1231/826 282/483/191 284/485/193 916/1233/827 
f 916/1233/827 284/485/193 286/487/195 917/1234/828 
f 917/1234/828 286/487/195 288/489/197 918/1235/829 
f 918/1235/829 288/489/197 290/491/199 919/1236/830 
f 290/491/199 278/477/187 913/1229/824 919/1236/830 
f 331/537/240 334/540/243 920/1237/831 921/1238/832 
f 334/540/243 336/542/245 922/1239/833 920/1237/831 
f 336/542/245 338/544/247 923/1240/834 922/1239/833 
f 923/1240/834 338/544/247 340/546/249 924/1241/835 
f 924/1241/835 340/546/249 342/548/251 925/1242/836 
f 925/1243/836 342/552/251 344/551/253 926/1244/837 
f 926/1244/837 344/551/253 346/554/255 927/1245/838 
f 346/554/255 331/537/240 921/1238/832 927/1245/838 
f 381/593/290 375/586/284 374/585/283 
f 928/1246/839 387/600/296 386/599/295 929/1247/840 
f 929/1247/840 386/599/295 389/602/298 930/1248/841 
f 930/1248/841 389/602/298 391/604/300 931/1249/842 
f 931/1249/842 391/604/300 393/606/302 932/1250/843 
f 393/606/302 395/608/304 933/1251/844 932/1250/843 
f 395/608/304 397/610/306 934/1252/845 933/1251/844 
f 397/610/306 399/612/308 935/1253/846 934/1252/845 
f 399/612/308 387/614/296 928/1254/839 935/1253/846 
f 580/817/489 576/812/485 575/811/484 
f 936/1255/847 585/823/494 937/1256/848 
f 937/1256/848 585/823/494 584/822/493 938/1257/849 
f 938/1257/849 584/822/493 586/824/495 939/1258/850 
f 939/1258/850 586/824/495 588/826/497 
f 940/1259/851 589/827/498 941/1260/852 
f 941/1260/852 589/827/498 592/830/501 942/1261/853 
f 942/1261/853 592/830/501 594/832/503 943/1262/854 
f 582/820/491 585/823/494 936/1255/847 943/1263/854 594/835/503 
f 599/839/508 598/838/507 602/842/511 944/1264/855 
f 590/828/499 589/827/498 940/1259/851 944/1264/855 602/842/511 
f 635/879/544 629/872/538 628/871/537 
f 945/1265/856 640/885/549 946/1266/857 
f 946/1266/857 640/885/549 642/887/551 
f 641/886/550 640/885/549 945/1265/856 
f 947/1267/858 646/1268/555 948/1269/859 
f 948/1270/859 646/891/555 645/890/554 949/1271/860 
f 949/1271/860 645/890/554 648/893/557 950/1272/861 
f 950/1273/861 648/898/557 651/897/560 
f 951/1274/862 654/902/563 952/1275/863 
f 654/902/563 643/901/552 646/1268/555 947/1267/858 952/1275/863 
f 650/896/559 649/895/558 659/909/568 
f 652/899/561 654/902/563 951/1274/862 953/1276/864 662/912/571 
f 954/1277/865 662/912/571 953/1276/864 
f 668/920/577 667/919/576 678/932/587 
f 955/1278/866 660/910/569 662/912/571 954/1277/865 
f 669/921/578 660/910/569 955/1278/866 
f 689/945/598 679/933/588 671/923/580 670/922/579 956/1279/867 
f 685/941/594 684/940/593 697/955/606 957/1280/868 
f 957/1280/868 697/955/606 689/945/598 956/1279/867 
f 688/944/597 687/943/596 958/1281/869 699/957/608 
f 703/963/612 699/957/608 958/1281/869 
f 959/1282/870 710/972/620 960/1283/871 
f 960/1283/871 710/972/620 706/968/616 704/967/615 
f 708/970/618 710/972/620 959/1282/870 
f 961/1284/872 711/973/621 962/1285/873 
f 962/1285/873 711/973/621 714/976/624 963/1286/874 
f 714/976/624 716/978/626 964/1287/875 963/1286/874 
f 964/1287/875 716/978/626 719/981/629 
f 712/974/622 711/973/621 961/1284/872 965/1288/876 
f 717/989/627 725/988/635 966/1289/877 718/1290/628 
f 725/988/635 727/991/637 967/1291/878 966/1289/877 
f 727/991/637 730/994/640 968/1292/879 967/1291/878 
f 968/1292/879 730/994/640 731/995/641 
f 720/982/630 712/974/622 965/1288/876 969/1293/880 
f 970/1294/881 732/996/642 720/982/630 969/1293/880 
f 739/1004/649 732/996/642 970/1294/881 971/1295/882 
f 746/1012/656 739/1004/649 971/1295/882 972/1296/883 
f 753/1020/663 746/1012/656 972/1296/883 
f 760/1028/670 753/1020/663 972/1296/883 973/1297/884 767/1036/677 
f 974/1298/885 767/1036/677 973/1297/884 
f 765/1034/675 767/1036/677 974/1298/885 
f 975/1299/886 773/1043/684 768/1038/679 766/1037/678 
f 976/1300/887 773/1043/684 975/1299/886 
f 770/1040/681 773/1043/684 976/1300/887 
f 775/1045/686 772/1042/683 771/1041/682 977/1301/888 779/1049/690 
f 777/1047/688 776/1046/687 783/1053/694 
f 978/1302/889 779/1049/690 977/1301/888 
f 979/1303/890 790/1304/701 980/1305/891 
f 980/1306/891 790/1060/701 789/1059/700 981/1307/892 
f 780/1050/691 779/1049/690 978/1302/889 981/1307/892 789/1059/700 
f 982/1308/893 795/1065/706 983/1309/894 
f 983/1309/894 795/1065/706 798/1068/709 984/1310/895 
f 787/1070/698 790/1304/701 979/1303/890 984/1310/895 798/1068/709 
f 794/1064/705 793/1063/704 806/1078/717 985/1311/896 
f 796/1066/707 795/1065/706 982/1308/893 985/1311/896 806/1078/717 
f 986/1312/897 815/1088/726 808/1080/719 807/1079/718 
f 822/1096/733 821/1095/732 827/1101/738 987/1313/898 
f 823/1097/734 815/1088/726 986/1312/897 987/1313/898 827/1101/738 
f 851/1134/762 850/1133/761 988/1314/899 989/1315/900 
f 988/1314/899 850/1133/761 990/1316/901 
f 990/1316/901 850/1133/761 849/1132/760 991/1317/902 
f 992/1318/903 859/1147/770 861/1149/772 
f 860/1148/771 853/1137/764 851/1134/762 989/1315/900 
f 862/1150/773 859/1151/770 992/1319/903 993/1320/904 
f 994/1321/905 862/1150/773 993/1322/904 
f 991/1317/902 849/1132/760 858/1146/769 995/1323/906 
f 858/1146/769 862/1150/773 994/1321/905 995/1323/906 
f 996/1324/907 870/1159/781 869/1158/780 
f 873/1163/784 872/1162/783 997/1325/908 998/1326/909 
f 997/1325/908 872/1162/783 999/1327/910 
f 999/1327/910 872/1162/783 870/1159/781 996/1324/907 
f 876/1169/787 875/1168/786 1000/1328/911 1001/1329/912 
f 1000/1328/911 875/1168/786 1002/1330/913 
f 875/1168/786 873/1167/784 998/1331/909 1002/1330/913 
f 866/1155/777 877/1171/788 1003/1332/914 
f 1003/1332/914 877/1171/788 1004/1333/915 
f 1004/1333/915 877/1171/788 876/1169/787 1001/1329/912 
f 883/1177/794 882/1176/793 1005/1334/916 1006/1335/917 
f 1005/1334/916 882/1176/793 1007/1336/918 
f 1007/1336/918 882/1176/793 881/1175/792 
f 1008/1337/919 891/1190/802 893/1192/804 
f 892/1191/803 885/1180/796 883/1177/794 1006/1335/917 
f 1009/1338/920 891/1193/802 1008/1339/919 
f 889/1187/800 888/1186/799 1010/1340/921 1011/1341/922 
f 888/1186/799 891/1193/802 1009/1338/920 1010/1340/921 
f 881/1175/792 890/1189/801 1012/1342/923 
f 1012/1342/923 890/1189/801 1013/1343/924 
f 1013/1343/924 890/1189/801 889/1187/800 1011/1341/922 
f 1014/1344/925 3/3/3 2/2/2 
f 4/4/4 1015/1345/926 5/5/5 
f 1016/7/927 9/9/9 8/8/8 
f 10/10/10 1016/7/927 8/8/8 
f 1015/1346/926 11/13/11 5/12/5 
f 1017/1347/928 14/16/14 13/15/13 
f 15/17/15 1018/1348/929 16/18/16 
f 1019/1349/930 1020/1350/930 1021/1351/931 1022/1352/932 
f 1023/1353/933 1024/1354/934 1020/1350/930 1019/1349/930 
f 1025/1355/930 1026/1356/935 1027/1357/936 1028/1358/937 
f 1029/1359/938 1030/1360/939 1026/1356/935 1025/1355/930 
f 1021/1351/931 1031/1361/940 1032/1362/941 1022/1352/932 
f 1033/1363/942 1034/1364/943 1035/1365/944 1036/1366/934 
f 1027/1357/936 1037/1367/945 1038/1368/946 1028/1358/937 
f 1039/1369/942 1040/1370/943 1041/1371/947 1042/1372/948 
f 1043/1373/935 1044/1374/936 1045/1375/937 1046/1376/930 
f 1047/1377/939 1043/1373/935 1046/1376/930 1048/1378/938 
f 1044/1374/936 1049/1379/945 1050/1380/946 1045/1375/937 
f 1023/1353/933 1051/1381/949 1052/1382/944 1024/1354/934 
f 1053/1383/935 1054/1384/950 1055/1385/951 1056/1386/935 
f 1042/1372/948 1053/1383/935 1056/1386/935 1039/1369/942 
f 1054/1384/950 1057/1387/952 1058/1388/953 1055/1385/951 
f 1059/1389/938 1060/1390/954 1061/1391/955 1062/1392/939 
f 1063/1393/935 1064/1394/936 1065/1395/937 1066/1396/930 
f 1062/1392/939 1063/1393/935 1066/1396/930 1059/1389/938 
f 1064/1394/936 1067/1397/945 1068/1398/946 1065/1395/937 
f 1069/1399/942 1070/1400/943 1071/1401/944 1072/1402/934 
f 1073/1403/938 1074/1404/954 1075/1405/955 1076/1406/939 
f 1077/1407/930 1078/1408/931 1079/1409/951 1080/1410/935 
f 1036/1366/934 1077/1407/930 1080/1410/935 1033/1363/942 
f 1078/1408/931 1081/1411/940 1082/1412/953 1079/1409/951 
f 1083/1413/930 1084/1414/931 1085/1415/951 1086/1416/935 
f 1087/1417/934 1083/1413/930 1086/1416/935 1088/1418/942 
f 1084/1414/931 1089/1419/940 1090/1420/953 1085/1415/951 
f 1048/1378/938 1091/1421/954 1092/1422/955 1047/1377/939 
f 1088/1418/942 1093/1423/943 1094/1424/944 1087/1417/934 
f 1095/1425/935 1096/1426/936 1097/1427/937 1098/1428/930 
f 1076/1406/939 1095/1425/935 1098/1428/930 1073/1403/938 
f 1096/1426/936 1099/1429/945 1100/1430/946 1097/1427/937 
f 1101/1431/930 1102/1432/931 1103/1433/951 1104/1434/935 
f 1072/1402/934 1101/1431/930 1104/1434/935 1069/1399/942 
f 1102/1432/931 1105/1435/940 1106/1436/953 1103/1433/951 
f 1029/1359/938 1107/1437/954 1108/1438/955 1030/1360/939 
f 1081/1439/940 1078/1440/931 1028/1441/937 1038/1442/946 
f 1078/1440/931 1077/1443/930 1025/1444/930 1028/1441/937 
f 1036/1445/934 1029/1446/938 1025/1444/930 1077/1443/930 
f 1035/1447/944 1107/1448/954 1029/1446/938 1036/1445/934 
f 1035/1447/944 109/121/43 108/120/42 1107/1448/954 
f 1070/1449/943 1069/1450/942 1030/1451/939 1108/1452/955 
f 1069/1450/942 1104/1453/935 1026/1454/935 1030/1451/939 
f 1103/1455/951 1027/1456/936 1026/1454/935 1104/1453/935 
f 1106/1457/953 1037/1458/945 1027/1456/936 1103/1455/951 
f 1106/1457/953 111/133/45 110/132/44 1037/1458/945 
f 1031/1459/940 1021/1460/931 1045/1461/937 1050/1462/946 
f 1021/1460/931 1020/1463/930 1046/1464/930 1045/1461/937 
f 1024/1465/934 1048/1466/938 1046/1464/930 1020/1463/930 
f 1052/1467/944 1091/1468/954 1048/1466/938 1024/1465/934 
f 1052/1467/944 113/145/43 112/144/42 1091/1468/954 
f 1093/1423/943 1088/1418/942 1047/1469/939 1092/1470/955 
f 1088/1418/942 1086/1416/935 1043/1471/935 1047/1469/939 
f 1085/1415/951 1044/1472/936 1043/1471/935 1086/1416/935 
f 1090/1420/953 1049/1473/945 1044/1472/936 1085/1415/951 
f 1090/1420/953 115/157/45 114/156/44 1049/1473/945 
f 1040/1474/943 1039/1475/942 1062/1476/939 1061/1477/955 
f 1039/1475/942 1056/1478/935 1063/1479/935 1062/1476/939 
f 1055/1480/951 1064/1481/936 1063/1479/935 1056/1478/935 
f 1058/1482/953 1067/1483/945 1064/1481/936 1055/1480/951 
f 1058/1482/953 117/169/45 116/168/44 1067/1483/945 
f 1105/1484/940 1102/1485/931 1065/1486/937 1068/1487/946 
f 1102/1485/931 1101/1488/930 1066/1489/930 1065/1486/937 
f 1072/1490/934 1059/1491/938 1066/1489/930 1101/1488/930 
f 1071/1492/944 1060/1493/954 1059/1491/938 1072/1490/934 
f 1071/1492/944 119/181/43 118/180/42 1060/1493/954 
f 1034/1494/943 1033/1495/942 1076/1496/939 1075/1497/955 
f 1033/1495/942 1080/1498/935 1095/1499/935 1076/1496/939 
f 1079/1500/951 1096/1501/936 1095/1499/935 1080/1498/935 
f 1082/1502/953 1099/1503/945 1096/1501/936 1079/1500/951 
f 1082/1502/953 121/193/45 120/192/44 1099/1503/945 
f 1089/1504/940 1084/1505/931 1097/1506/937 1100/1507/946 
f 1084/1505/931 1083/1508/930 1098/1509/930 1097/1506/937 
f 1087/1510/934 1073/1511/938 1098/1509/930 1083/1508/930 
f 1094/1512/944 1074/1513/954 1073/1511/938 1087/1510/934 
f 1094/1512/944 123/205/43 122/204/42 1074/1513/954 
f 1109/1514/956 1110/1515/957 1111/1516/958 1112/1517/959 
f 1109/1514/956 1113/1518/960 1114/1519/961 1110/1515/957 
f 1115/1520/962 1116/1521/963 1117/1522/964 1118/1523/965 
f 1119/1524/966 1120/1525/967 1117/1522/964 1116/1521/963 
f 1118/1523/965 1117/1522/964 1121/1526/968 1122/1527/969 
f 1117/1522/964 1120/1525/967 1123/1528/970 1121/1526/968 
f 1122/1527/969 1121/1526/968 1124/1529/971 1125/1530/972 
f 1123/1528/970 1126/1531/973 1124/1529/971 1121/1526/968 
f 1124/1529/971 1127/1532/974 1128/1533/975 1125/1530/972 
f 1124/1529/971 1126/1531/973 1129/1534/976 1127/1532/974 
f 1130/1535/977 1131/1536/978 1132/1537/979 1133/1538/980 
f 1130/1535/977 1134/1539/981 1135/1540/982 1131/1536/978 
f 1136/1541/983 1109/1514/956 1112/1517/959 1137/1542/984 
f 1136/1541/983 1138/1543/985 1113/1518/960 1109/1514/956 
f 1139/1544/986 1114/1519/961 1113/1518/960 1138/1543/985 
f 1014/239/925 156/238/78 1140/1545/987 1141/1546/988 1142/1547/989 
f 1143/1548/990 1137/1542/984 1112/1517/959 1111/1516/958 
f 1144/1549/991 1145/1550/992 1146/1551/993 1147/1552/994 
f 1144/1549/991 1141/1546/988 1148/1553/995 1145/1550/992 
f 1140/1545/987 1149/1554/996 1148/1553/995 1141/1546/988 
f 1150/1555/997 1151/1556/998 1149/1554/996 1140/1545/987 
f 1150/1555/997 1152/1557/999 1153/1558/1000 1151/1556/998 
f 1152/1557/999 1134/1539/981 1154/1559/1001 1153/1558/1000 
f 1134/1539/981 1130/1535/977 1155/1560/1002 1154/1559/1001 
f 1133/1538/980 1156/1561/1003 1155/1560/1002 1130/1535/977 
f 1157/1562/1004 1158/1563/1005 1156/1561/1003 1133/1538/980 
f 1157/1562/1004 1159/1564/1006 1160/1565/1007 1158/1563/1005 
f 1161/1566/1008 1162/1567/1009 1160/1565/1007 1159/1564/1006 
f 1161/1566/1008 1147/1552/994 1146/1551/993 1162/1567/1009 
f 1145/1550/992 1116/1521/963 1115/1520/962 1146/1551/993 
f 1145/1550/992 1148/1553/995 1119/1524/966 1116/1521/963 
f 1149/1554/996 1120/1525/967 1119/1524/966 1148/1553/995 
f 1151/1556/998 1123/1528/970 1120/1525/967 1149/1554/996 
f 1151/1556/998 1153/1558/1000 1126/1531/973 1123/1528/970 
f 1153/1558/1000 1154/1559/1001 1129/1534/976 1126/1531/973 
f 1154/1559/1001 1155/1560/1002 1127/1532/974 1129/1534/976 
f 1156/1561/1003 1128/1533/975 1127/1532/974 1155/1560/1002 
f 1158/1563/1005 1125/1530/972 1128/1533/975 1156/1561/1003 
f 1158/1563/1005 1160/1565/1007 1122/1527/969 1125/1530/972 
f 1162/1567/1009 1118/1523/965 1122/1527/969 1160/1565/1007 
f 1162/1567/1009 1146/1551/993 1115/1520/962 1118/1523/965 
f 1139/1544/986 1138/1543/985 1163/1568/1010 1164/1569/1011 
f 183/1570/105 182/1571/104 1165/1572/1012 1166/1573/1013 
f 1143/1548/990 1167/1574/1014 1168/1575/1015 1137/1542/984 
f 4/272/4 188/271/110 1169/1576/1016 1170/1577/1017 
f 1171/1578/1018 1136/1541/983 1137/1542/984 1172/1579/1019 
f 1171/1578/1018 1166/1580/1013 1138/1543/985 1136/1541/983 
f 1166/1580/1013 1165/1581/1012 1163/1568/1010 1138/1543/985 
f 1165/1581/1012 1173/1582/1020 1164/1569/1011 1163/1568/1010 
f 1142/1583/989 1139/1544/986 1164/1569/1011 1173/1582/1020 
f 1141/1584/988 1114/1519/961 1139/1544/986 1142/1583/989 
f 1141/1584/988 1144/1585/991 1110/1515/957 1114/1519/961 
f 1147/1586/994 1111/1516/958 1110/1515/957 1144/1585/991 
f 1147/1586/994 1170/1587/1017 1143/1548/990 1111/1516/958 
f 1170/1587/1017 1169/1588/1016 1167/1574/1014 1143/1548/990 
f 1174/1589/1021 1168/1575/1015 1167/1574/1014 1169/1588/1016 
f 1172/1579/1019 1137/1542/984 1168/1575/1015 1174/1589/1021 
f 1175/1590/1022 1176/1591/1023 1177/1592/1024 1178/1593/1025 
f 1017/1594/928 199/1595/121 1179/1596/1026 1176/1591/1023 1175/1590/1022 
f 1180/1597/1027 1181/1598/1028 1182/1599/1029 
f 1183/1600/1030 1184/1601/1031 1185/1602/1032 1181/1598/1028 
f 1183/1600/1030 1181/1598/1028 1179/1596/1026 
f 1181/1598/1028 1185/1602/1032 1182/1599/1029 
f 1179/1596/1026 1181/1598/1028 1176/1591/1023 
f 1176/1591/1023 1181/1598/1028 1180/1597/1027 1177/1592/1024 
f 1018/1603/929 1186/1604/1033 1183/1600/1030 1179/1596/1026 199/1595/121 
f 1186/1604/1033 1187/1605/1034 1184/1601/1031 1183/1600/1030 
f 1187/1606/1034 209/299/131 208/298/130 1184/1607/1031 
f 1180/1608/1027 211/303/133 210/302/132 1177/1609/1024 
f 1022/1610/932 1032/1611/941 213/310/135 212/309/134 1019/1612/930 
f 1023/1613/933 1019/1612/930 212/309/134 214/313/136 1051/1614/949 
f 1042/1615/948 1041/1616/947 216/318/138 215/317/137 1053/1617/935 
f 1054/1618/950 1053/1617/935 215/317/137 217/321/139 1057/1619/952 
f 1052/1467/944 1051/1620/949 214/322/136 113/145/43 
f 1108/1621/955 1107/1622/954 108/324/42 218/327/140 
f 1058/1623/953 1057/1624/952 217/328/139 117/331/45 
f 1082/1625/953 1081/1626/940 219/332/141 121/335/45 
f 1092/1627/955 1091/1628/954 112/336/42 220/339/140 
f 1032/1629/941 1031/1630/940 221/340/141 213/343/135 
f 1041/1631/947 1040/1632/943 222/344/142 216/347/138 
f 1068/1633/946 1067/1634/945 116/348/44 223/351/143 
f 1061/1635/955 1060/1636/954 118/352/42 224/355/140 
f 1106/1637/953 1105/1638/940 225/356/141 111/359/45 
f 1100/1639/946 1099/1640/945 120/360/44 226/363/143 
f 1035/1641/944 1034/1642/943 227/364/142 109/367/43 
f 1094/1643/944 1093/1644/943 228/368/142 123/371/43 
f 1050/1645/946 1049/1646/945 114/372/44 229/375/143 
f 1090/1647/953 1089/1648/940 230/376/141 115/379/45 
f 1075/1497/955 1074/1649/954 122/380/42 231/382/140 
f 1071/1650/944 1070/1651/943 232/383/142 119/386/43 
f 1038/1652/946 1037/1653/945 110/387/44 233/390/143 
f 1081/1439/940 1038/1442/946 233/391/143 219/392/141 
f 1070/1449/943 1108/1452/955 218/393/140 232/394/142 
f 1031/1459/940 1050/1462/946 229/395/143 221/396/141 
f 1093/1423/943 1092/1470/955 220/397/140 228/398/142 
f 1040/1474/943 1061/1477/955 224/399/140 222/400/142 
f 1105/1484/940 1068/1487/946 223/401/143 225/402/141 
f 1034/1494/943 1075/1497/955 231/382/140 227/403/142 
f 1089/1504/940 1100/1507/946 226/404/143 230/405/141 
f 234/406/134 1171/1654/1018 1172/1655/1019 235/407/144 
f 1166/1656/1013 1171/1654/1018 234/406/134 183/411/105 
f 1173/1657/1020 1165/1572/1012 182/1571/104 236/1658/145 
f 1014/1659/925 1142/1660/989 3/1661/3 
f 4/272/4 1170/1577/1017 1015/1662/926 
f 1174/1663/1021 1169/1576/1016 188/271/110 237/419/146 
f 238/420/147 1150/1555/997 1140/1545/987 156/238/78 
f 1152/1557/999 1150/1555/997 238/420/147 239/421/148 
f 1134/1539/981 1152/1557/999 239/421/148 240/422/149 
f 1135/1540/982 1134/1539/981 240/422/149 9/9/9 
f 1131/1536/978 1135/1540/982 9/9/9 1016/7/927 
f 10/10/10 1132/1537/979 1131/1536/978 1016/7/927 
f 1133/1538/980 1132/1537/979 10/10/10 241/423/150 
f 1157/1562/1004 1133/1538/980 241/423/150 242/424/151 
f 1159/1564/1006 1157/1562/1004 242/424/151 243/425/152 
f 11/13/11 1161/1566/1008 1159/1564/1006 243/425/152 
f 1147/1552/994 1161/1566/1008 11/13/11 1015/1346/926 1170/1664/1017 
f 3/1661/3 1142/1660/989 1173/1657/1020 236/1658/145 
f 235/426/144 1172/1665/1019 1174/1663/1021 237/419/146 
f 1175/1666/1022 1178/1667/1025 244/428/153 14/431/14 
f 1017/1668/928 1175/1666/1022 14/431/14 
f 15/433/15 1186/1669/1033 1018/1670/929 
f 1187/1671/1034 1186/1669/1033 15/433/15 209/437/131 
f 1185/1672/1032 1184/1607/1031 208/298/130 245/439/154 
f 246/440/155 1182/1673/1029 1185/1672/1032 245/439/154 
f 1180/1608/1027 1182/1674/1029 246/442/155 211/303/133 
f 1178/1675/1025 1177/1609/1024 210/302/132 244/445/153 
f 1188/448/1035 1189/447/1036 1190/446/1037 1191/449/1038 
f 1192/451/1039 1193/450/1040 1189/447/1036 1188/448/1035 
f 1192/451/1039 1194/453/1041 1195/452/1042 1193/450/1040 
f 1194/453/1041 1196/455/1043 1197/454/1044 1195/452/1042 
f 1196/455/1043 1198/457/1045 1199/456/1046 1197/454/1044 
f 1198/457/1045 1200/459/1047 1201/458/1048 1199/456/1046 
f 1202/461/1049 1203/460/1050 1201/458/1048 1200/459/1047 
f 1191/449/1038 1190/446/1037 1203/460/1050 1202/461/1049 
f 1190/446/1037 1189/447/1036 1204/463/1051 1205/462/1052 
f 1189/447/1036 1193/450/1040 1206/464/1053 1204/463/1051 
f 1193/450/1040 1195/452/1042 266/465/175 1206/464/1053 
f 1195/452/1042 1197/454/1044 267/466/176 266/465/175 
f 1199/456/1046 268/467/177 267/466/176 1197/454/1044 
f 1201/458/1048 269/468/178 268/467/177 1199/456/1046 
f 1203/460/1050 270/469/179 269/468/178 1201/458/1048 
f 1203/460/1050 1190/446/1037 1205/462/1052 271/470/180 270/469/179 
f 1205/462/1052 1204/463/1051 273/472/182 272/471/181 
f 1206/464/1053 274/473/183 273/472/182 1204/463/1051 
f 1206/464/1053 266/465/175 274/473/183 
f 1207/1676/1054 1208/1677/1055 1209/1678/1056 1210/1679/1057 
f 1211/1680/1058 1212/1681/1059 1208/1677/1055 1207/1676/1054 
f 1211/1682/1058 1213/1683/1060 1214/1684/1061 1212/1685/1059 
f 1213/1683/1060 1215/1686/1062 1216/1687/1063 1214/1684/1061 
f 1215/1686/1062 1217/1688/1064 1218/1689/1065 1216/1687/1063 
f 1217/1688/1064 1219/1690/1066 1220/1691/1067 1218/1689/1065 
f 1221/1692/1068 1222/1693/1069 1220/1691/1067 1219/1690/1066 
f 1210/1679/1057 1209/1678/1056 1222/1693/1069 1221/1692/1068 
f 1209/1678/1056 1208/1677/1055 1223/1694/1070 1224/1695/1071 
f 1208/1677/1055 1212/1681/1059 1225/1696/1072 1223/1694/1070 
f 1214/1684/1061 1226/1697/1073 1225/1698/1072 1212/1685/1059 
f 1216/1687/1063 1227/1699/1074 1226/1697/1073 1214/1684/1061 
f 1218/1689/1065 1228/1700/1075 1227/1699/1074 1216/1687/1063 
f 1220/1691/1067 1229/1701/1076 1228/1700/1075 1218/1689/1065 
f 1220/1691/1067 1222/1693/1069 1230/1702/1077 1229/1701/1076 
f 1222/1693/1069 1209/1678/1056 1224/1695/1071 1230/1702/1077 
f 1224/1695/1071 1223/1694/1070 1231/1703/1078 1232/1704/1079 
f 1225/1696/1072 1233/1705/1080 1231/1703/1078 1223/1694/1070 
f 1226/1697/1073 1234/1706/1081 1233/1707/1080 1225/1698/1072 
f 1227/1699/1074 1235/1708/1082 1234/1706/1081 1226/1697/1073 
f 1228/1700/1075 1236/1709/1083 1235/1708/1082 1227/1699/1074 
f 1228/1700/1075 1229/1701/1076 1237/1710/1084 1236/1709/1083 
f 1229/1701/1076 1230/1702/1077 1238/1711/1085 1237/1710/1084 
f 1230/1702/1077 1224/1695/1071 1232/1704/1079 1238/1711/1085 
f 1231/1703/1078 1239/1712/1086 1240/1713/1087 1232/1704/1079 
f 1233/1705/1080 1241/1714/1088 1239/1712/1086 1231/1703/1078 
f 1233/1707/1080 1234/1706/1081 1242/1715/1089 1241/1716/1088 
f 1234/1706/1081 1235/1708/1082 1243/1717/1090 1242/1715/1089 
f 1235/1708/1082 1236/1709/1083 1244/1718/1091 1243/1717/1090 
f 1236/1709/1083 1237/1710/1084 1245/1719/1092 1244/1718/1091 
f 1238/1711/1085 1246/1720/1093 1245/1719/1092 1237/1710/1084 
f 1232/1704/1079 1240/1713/1087 1246/1720/1093 1238/1711/1085 
f 1239/1712/1086 1247/1721/1094 1248/1722/1095 1240/1713/1087 
f 1241/1714/1088 1249/1723/1096 1247/1721/1094 1239/1712/1086 
f 1242/1715/1089 1250/1724/1097 1249/1725/1096 1241/1716/1088 
f 1243/1717/1090 1251/1726/1098 1250/1724/1097 1242/1715/1089 
f 1244/1718/1091 1252/1727/1099 1251/1726/1098 1243/1717/1090 
f 1245/1719/1092 1253/1728/1100 1252/1727/1099 1244/1718/1091 
f 1245/1719/1092 1246/1720/1093 1254/1729/1101 1253/1728/1100 
f 1246/1720/1093 1240/1713/1087 1248/1722/1095 1254/1729/1101 
f 1248/1722/1095 1247/1721/1094 324/529/233 323/528/232 
f 1247/1721/1094 1249/1723/1096 325/530/234 324/529/233 
f 1249/1725/1096 1250/1724/1097 326/532/235 325/531/234 
f 1251/1726/1098 327/533/236 326/532/235 1250/1724/1097 
f 1252/1727/1099 328/534/237 327/533/236 1251/1726/1098 
f 1253/1728/1100 329/535/238 328/534/237 1252/1727/1099 
f 1254/1729/1101 330/536/239 329/535/238 1253/1728/1100 
f 1254/1729/1101 1248/1722/1095 323/528/232 330/536/239 
f 1255/1730/1102 1256/1731/1103 1257/1732/1104 1258/1733/1105 
f 1256/1731/1103 1259/1734/1106 1260/1735/1107 1257/1732/1104 
f 1261/1736/1108 1262/1737/1109 1260/1735/1107 1259/1734/1106 
f 1263/1738/1110 1264/1739/1111 1262/1737/1109 1261/1736/1108 
f 1265/1740/1112 1266/1741/1113 1264/1739/1111 1263/1738/1110 
f 1267/1742/1114 1268/1743/1115 1266/1744/1113 1265/1745/1112 
f 1267/1742/1114 1269/1746/1116 1270/1747/1117 1268/1743/1115 
f 1269/1746/1116 1255/1730/1102 1258/1733/1105 1270/1747/1117 
f 1257/1732/1104 1271/1748/1118 1272/1749/1119 1258/1733/1105 
f 1260/1735/1107 1273/1750/1120 1271/1748/1118 1257/1732/1104 
f 1260/1735/1107 1262/1737/1109 1274/1751/1121 1273/1750/1120 
f 1262/1737/1109 1264/1739/1111 1275/1752/1122 1274/1751/1121 
f 1264/1739/1111 1266/1741/1113 1276/1753/1123 1275/1752/1122 
f 1268/1743/1115 1277/1754/1124 1276/1755/1123 1266/1744/1113 
f 1270/1747/1117 1278/1756/1125 1277/1754/1124 1268/1743/1115 
f 1258/1733/1105 1272/1749/1119 1278/1756/1125 1270/1747/1117 
f 1272/1749/1119 1271/1748/1118 1279/1757/1126 1280/1758/1127 
f 1271/1748/1118 1273/1750/1120 1281/1759/1128 1279/1757/1126 
f 1273/1750/1120 1274/1751/1121 1282/1760/1129 1281/1759/1128 
f 1274/1751/1121 1275/1752/1122 1283/1761/1130 1282/1760/1129 
f 1276/1753/1123 1284/1762/1131 1283/1761/1130 1275/1752/1122 
f 1277/1754/1124 1285/1763/1132 1284/1764/1131 1276/1755/1123 
f 1278/1756/1125 1286/1765/1133 1285/1763/1132 1277/1754/1124 
f 1272/1749/1119 1280/1758/1127 1286/1765/1133 1278/1756/1125 
f 1279/1757/1126 1287/1766/1134 1288/1767/1135 1280/1758/1127 
f 1281/1759/1128 1289/1768/1136 1287/1766/1134 1279/1757/1126 
f 1282/1760/1129 1290/1769/1137 1289/1768/1136 1281/1759/1128 
f 1283/1761/1130 1291/1770/1138 1290/1769/1137 1282/1760/1129 
f 1284/1762/1131 1292/1771/1139 1291/1770/1138 1283/1761/1130 
f 1284/1764/1131 1285/1763/1132 1293/1772/1140 1292/1773/1139 
f 1285/1763/1132 1286/1765/1133 1294/1774/1141 1293/1772/1140 
f 1286/1765/1133 1280/1758/1127 1288/1767/1135 1294/1774/1141 
f 1288/1767/1135 1287/1766/1134 372/583/281 371/582/280 
f 1287/1766/1134 1289/1768/1136 373/584/282 372/583/281 
f 1295/1775/1142 374/585/283 373/584/282 1289/1768/1136 1290/1769/1137 
f 1290/1769/1137 1291/1770/1138 1296/1776/1143 1295/1775/1142 
f 1292/1771/1139 1297/1777/1144 1296/1776/1143 1291/1770/1138 
f 379/591/288 378/590/287 1297/1778/1144 1292/1773/1139 1293/1772/1140 
f 1294/1774/1141 380/592/289 379/591/288 1293/1772/1140 
f 1288/1767/1135 371/582/280 380/592/289 1294/1774/1141 
f 1295/1775/1142 1296/1776/1143 382/594/291 381/593/290 
f 1296/1776/1143 1297/1777/1144 383/595/292 382/594/291 
f 1297/1778/1144 378/590/287 383/596/292 
f 1298/1779/1145 1299/1780/1146 1300/1781/1147 1301/1782/1148 
f 1298/1779/1145 1302/1783/1149 1303/1784/1150 1299/1780/1146 
f 1302/1783/1149 1304/1785/1151 1305/1786/1152 1303/1784/1150 
f 1304/1785/1151 1306/1787/1153 1307/1788/1154 1305/1786/1152 
f 1306/1787/1153 1308/1789/1155 1309/1790/1156 1307/1788/1154 
f 1310/1791/1157 1311/1792/1158 1309/1790/1156 1308/1789/1155 
f 1312/1793/1159 1313/1794/1160 1311/1792/1158 1310/1791/1157 
f 1301/1795/1148 1300/1796/1147 1313/1794/1160 1312/1793/1159 
f 1299/1780/1146 1314/1797/1161 1315/1798/1162 1300/1781/1147 
f 1303/1784/1150 1316/1799/1163 1314/1797/1161 1299/1780/1146 
f 1305/1786/1152 1317/1800/1164 1316/1799/1163 1303/1784/1150 
f 1307/1788/1154 1318/1801/1165 1317/1800/1164 1305/1786/1152 
f 1307/1788/1154 1309/1790/1156 1319/1802/1166 1318/1801/1165 
f 1309/1790/1156 1311/1792/1158 1320/1803/1167 1319/1802/1166 
f 1311/1792/1158 1313/1794/1160 1321/1804/1168 1320/1803/1167 
f 1313/1794/1160 1300/1796/1147 1315/1805/1162 1321/1804/1168 
f 1315/1798/1162 1314/1797/1161 1322/1806/1169 1323/1807/1170 
f 1316/1799/1163 1324/1808/1171 1322/1806/1169 1314/1797/1161 
f 1317/1800/1164 1325/1809/1172 1324/1808/1171 1316/1799/1163 
f 1318/1801/1165 1326/1810/1173 1325/1809/1172 1317/1800/1164 
f 1319/1802/1166 1327/1811/1174 1326/1810/1173 1318/1801/1165 
f 1320/1803/1167 1328/1812/1175 1327/1811/1174 1319/1802/1166 
f 1320/1803/1167 1321/1804/1168 1329/1813/1176 1328/1812/1175 
f 1321/1804/1168 1315/1805/1162 1323/1814/1170 1329/1813/1176 
f 1322/1806/1169 1330/1815/1177 1331/1816/1178 1323/1807/1170 
f 1324/1808/1171 1332/1817/1179 1330/1815/1177 1322/1806/1169 
f 1325/1809/1172 1333/1818/1180 1332/1817/1179 1324/1808/1171 
f 1326/1810/1173 1334/1819/1181 1333/1818/1180 1325/1809/1172 
f 1326/1810/1173 1327/1811/1174 1335/1820/1182 1334/1819/1181 
f 1327/1811/1174 1328/1812/1175 1336/1821/1183 1335/1820/1182 
f 1328/1812/1175 1329/1813/1176 1337/1822/1184 1336/1821/1183 
f 1329/1813/1176 1323/1814/1170 1331/1823/1178 1337/1822/1184 
f 1331/1816/1178 1330/1815/1177 1338/1824/1185 1339/1825/1186 
f 1330/1815/1177 1332/1817/1179 1340/1826/1187 1338/1824/1185 
f 1332/1817/1179 1333/1818/1180 1341/1827/1188 1340/1826/1187 
f 1333/1818/1180 1334/1819/1181 1342/1828/1189 1341/1827/1188 
f 1335/1820/1182 1343/1829/1190 1342/1828/1189 1334/1819/1181 
f 1336/1821/1183 1344/1830/1191 1343/1829/1190 1335/1820/1182 
f 1337/1822/1184 1345/1831/1192 1344/1830/1191 1336/1821/1183 
f 1331/1823/1178 1339/1832/1186 1345/1831/1192 1337/1822/1184 
f 1338/1824/1185 1346/1833/1193 1347/1834/1194 1339/1825/1186 
f 1340/1826/1187 1348/1835/1195 1346/1833/1193 1338/1824/1185 
f 1340/1826/1187 1341/1827/1188 1349/1836/1196 1348/1835/1195 
f 1342/1828/1189 1350/1837/1197 1349/1836/1196 1341/1827/1188 
f 1343/1829/1190 1351/1838/1198 1350/1837/1197 1342/1828/1189 
f 1344/1830/1191 1352/1839/1199 1351/1838/1198 1343/1829/1190 
f 1345/1831/1192 1353/1840/1200 1352/1839/1199 1344/1830/1191 
f 1345/1831/1192 1339/1832/1186 1347/1841/1194 1353/1840/1200 
f 1346/1833/1193 1354/1842/1201 1355/1843/1202 1347/1834/1194 
f 1348/1835/1195 1356/1844/1203 1354/1842/1201 1346/1833/1193 
f 1349/1836/1196 1357/1845/1204 1356/1844/1203 1348/1835/1195 
f 1349/1836/1196 1350/1837/1197 1358/1846/1205 1357/1845/1204 
f 1351/1838/1198 1359/1847/1206 1358/1846/1205 1350/1837/1197 
f 1352/1839/1199 1360/1848/1207 1359/1847/1206 1351/1838/1198 
f 1353/1840/1200 1361/1849/1208 1360/1848/1207 1352/1839/1199 
f 1347/1841/1194 1355/1850/1202 1361/1849/1208 1353/1840/1200 
f 1354/1842/1201 1362/1851/1209 1363/1852/1210 1355/1843/1202 
f 1354/1842/1201 1356/1844/1203 1364/1853/1211 1362/1851/1209 
f 1356/1844/1203 1357/1845/1204 1365/1854/1212 1364/1853/1211 
f 1358/1846/1205 1366/1855/1213 1365/1854/1212 1357/1845/1204 
f 1359/1847/1206 1367/1856/1214 1366/1855/1213 1358/1846/1205 
f 1360/1848/1207 1368/1857/1215 1367/1856/1214 1359/1847/1206 
f 1361/1849/1208 1369/1858/1216 1368/1857/1215 1360/1848/1207 
f 1361/1849/1208 1355/1850/1202 1363/1859/1210 1369/1858/1216 
f 1362/1851/1209 1370/1860/1217 1371/1861/1218 1363/1852/1210 
f 1362/1851/1209 1364/1853/1211 1372/1862/1219 1370/1860/1217 
f 1364/1853/1211 1365/1854/1212 1373/1863/1220 1372/1862/1219 
f 1365/1854/1212 1366/1855/1213 1374/1864/1221 1373/1863/1220 
f 1366/1855/1213 1367/1856/1214 1375/1865/1222 1374/1864/1221 
f 1368/1857/1215 1376/1866/1223 1375/1865/1222 1367/1856/1214 
f 1369/1858/1216 1377/1867/1224 1376/1866/1223 1368/1857/1215 
f 1363/1859/1210 1371/1868/1218 1377/1867/1224 1369/1858/1216 
f 1370/1860/1217 1378/1869/1225 1379/1870/1226 1371/1861/1218 
f 1370/1860/1217 1372/1862/1219 1380/1871/1227 1378/1869/1225 
f 1372/1862/1219 1373/1863/1220 1381/1872/1228 1380/1871/1227 
f 1373/1863/1220 1374/1864/1221 1382/1873/1229 1381/1872/1228 
f 1375/1865/1222 1383/1874/1230 1382/1873/1229 1374/1864/1221 
f 1376/1866/1223 1384/1875/1231 1383/1874/1230 1375/1865/1222 
f 1377/1867/1224 1385/1876/1232 1384/1875/1231 1376/1866/1223 
f 1371/1868/1218 1379/1877/1226 1385/1876/1232 1377/1867/1224 
f 1378/1869/1225 1386/1878/1233 1387/1879/1234 1379/1870/1226 
f 1378/1869/1225 1380/1871/1227 1388/1880/1235 1386/1878/1233 
f 1381/1872/1228 1389/1881/1236 1388/1880/1235 1380/1871/1227 
f 1382/1873/1229 1390/1882/1237 1389/1881/1236 1381/1872/1228 
f 1383/1874/1230 1391/1883/1238 1390/1882/1237 1382/1873/1229 
f 1384/1875/1231 1392/1884/1239 1391/1883/1238 1383/1874/1230 
f 1385/1876/1232 1393/1885/1240 1392/1884/1239 1384/1875/1231 
f 1379/1877/1226 1387/1886/1234 1393/1885/1240 1385/1876/1232 
f 1386/1878/1233 1394/1887/1241 1395/1888/1242 1387/1879/1234 
f 1388/1880/1235 1396/1889/1243 1394/1887/1241 1386/1878/1233 
f 1389/1881/1236 1397/1890/1244 1396/1889/1243 1388/1880/1235 
f 1390/1882/1237 1398/1891/1245 1397/1890/1244 1389/1881/1236 
f 1390/1882/1237 1391/1883/1238 1399/1892/1246 1398/1891/1245 
f 1391/1883/1238 1392/1884/1239 1400/1893/1247 1399/1892/1246 
f 1392/1884/1239 1393/1885/1240 1401/1894/1248 1400/1893/1247 
f 1393/1885/1240 1387/1886/1234 1395/1895/1242 1401/1894/1248 
f 1394/1887/1241 1402/1896/1249 1403/1897/1250 1395/1888/1242 
f 1396/1889/1243 1404/1898/1251 1402/1896/1249 1394/1887/1241 
f 1397/1890/1244 1405/1899/1252 1404/1898/1251 1396/1889/1243 
f 1398/1891/1245 1406/1900/1253 1405/1899/1252 1397/1890/1244 
f 1398/1891/1245 1399/1892/1246 1407/1901/1254 1406/1900/1253 
f 1400/1893/1247 1408/1902/1255 1407/1901/1254 1399/1892/1246 
f 1401/1894/1248 1409/1903/1256 1408/1902/1255 1400/1893/1247 
f 1401/1894/1248 1395/1895/1242 1403/1904/1250 1409/1903/1256 
f 1402/1896/1249 1410/1905/1257 1411/1906/1258 1403/1897/1250 
f 1404/1898/1251 1412/1907/1259 1410/1905/1257 1402/1896/1249 
f 1405/1899/1252 1413/1908/1260 1412/1907/1259 1404/1898/1251 
f 1406/1900/1253 1414/1909/1261 1413/1908/1260 1405/1899/1252 
f 1407/1901/1254 1415/1910/1262 1414/1909/1261 1406/1900/1253 
f 1408/1902/1255 1416/1911/1263 1415/1910/1262 1407/1901/1254 
f 1409/1903/1256 1417/1912/1264 1416/1911/1263 1408/1902/1255 
f 1403/1904/1250 1411/1913/1258 1417/1912/1264 1409/1903/1256 
f 1410/1905/1257 1418/1914/1265 1419/1915/1266 1411/1906/1258 
f 1412/1907/1259 1420/1916/1267 1418/1914/1265 1410/1905/1257 
f 1413/1908/1260 1421/1917/1268 1420/1916/1267 1412/1907/1259 
f 1413/1908/1260 1414/1909/1261 1422/1918/1269 1421/1917/1268 
f 1415/1910/1262 1423/1919/1270 1422/1918/1269 1414/1909/1261 
f 1416/1911/1263 1424/1920/1271 1423/1919/1270 1415/1910/1262 
f 1416/1911/1263 1417/1912/1264 1425/1921/1272 1424/1920/1271 
f 1411/1913/1258 1419/1922/1266 1425/1921/1272 1417/1912/1264 
f 1418/1914/1265 1426/1923/1273 1427/1924/1274 1419/1915/1266 
f 1420/1916/1267 1428/1925/1275 1426/1923/1273 1418/1914/1265 
f 1421/1917/1268 1429/1926/1276 1428/1925/1275 1420/1916/1267 
f 1422/1918/1269 1430/1927/1277 1429/1926/1276 1421/1917/1268 
f 1423/1919/1270 1431/1928/1278 1430/1927/1277 1422/1918/1269 
f 1424/1920/1271 1432/1929/1279 1431/1928/1278 1423/1919/1270 
f 1425/1921/1272 1433/1930/1280 1432/1929/1279 1424/1920/1271 
f 1419/1922/1266 1427/1931/1274 1433/1930/1280 1425/1921/1272 
f 1426/1923/1273 1434/1932/1281 1435/1933/1282 1427/1924/1274 
f 1428/1925/1275 1436/1934/1283 1434/1932/1281 1426/1923/1273 
f 1429/1926/1276 1437/1935/1284 1436/1934/1283 1428/1925/1275 
f 1430/1927/1277 1438/1936/1285 1437/1935/1284 1429/1926/1276 
f 1431/1928/1278 1439/1937/1286 1438/1936/1285 1430/1927/1277 
f 1432/1929/1279 1440/1938/1287 1439/1937/1286 1431/1928/1278 
f 1432/1929/1279 1433/1930/1280 1441/1939/1288 1440/1938/1287 
f 1433/1930/1280 1427/1931/1274 1435/1940/1282 1441/1939/1288 
f 1434/1932/1281 1442/1941/1289 1443/1942/1290 1435/1933/1282 
f 1436/1934/1283 1444/1943/1291 1442/1941/1289 1434/1932/1281 
f 1436/1934/1283 1437/1935/1284 1445/1944/1292 1444/1943/1291 
f 1437/1935/1284 1438/1936/1285 1446/1945/1293 1445/1944/1292 
f 1438/1936/1285 1439/1937/1286 1447/1946/1294 1446/1945/1293 
f 1439/1937/1286 1440/1938/1287 1448/1947/1295 1447/1946/1294 
f 1441/1939/1288 1449/1948/1296 1448/1947/1295 1440/1938/1287 
f 1435/1940/1282 1443/1949/1290 1449/1948/1296 1441/1939/1288 
f 1443/1942/1290 1442/1941/1289 1450/1950/1297 1451/1951/1298 
f 1442/1941/1289 1444/1943/1291 1452/1952/1299 1450/1950/1297 
f 1444/1943/1291 1445/1944/1292 1453/1953/1300 1452/1952/1299 
f 1446/1945/1293 1454/1954/1301 1453/1953/1300 1445/1944/1292 
f 1447/1946/1294 1455/1955/1302 1454/1954/1301 1446/1945/1293 
f 1448/1947/1295 1456/1956/1303 1455/1955/1302 1447/1946/1294 
f 1449/1948/1296 1457/1957/1304 1456/1956/1303 1448/1947/1295 
f 1449/1948/1296 1443/1949/1290 1451/1958/1298 1457/1957/1304 
f 1450/1950/1297 1458/1959/1305 1459/1960/1306 1451/1951/1298 
f 1452/1952/1299 1460/1961/1307 1458/1959/1305 1450/1950/1297 
f 1453/1953/1300 1461/1962/1308 1460/1961/1307 1452/1952/1299 
f 1453/1953/1300 1454/1954/1301 1462/1963/1309 1461/1962/1308 
f 1454/1954/1301 1455/1955/1302 1463/1964/1310 1462/1963/1309 
f 1455/1955/1302 1456/1956/1303 1464/1965/1311 1463/1964/1310 
f 1456/1956/1303 1457/1957/1304 1465/1966/1312 1464/1965/1311 
f 1451/1958/1298 1459/1967/1306 1465/1966/1312 1457/1957/1304 
f 1459/1960/1306 1458/1959/1305 1466/1968/1313 1467/1969/1314 
f 1460/1961/1307 1468/1970/1315 1466/1968/1313 1458/1959/1305 
f 1461/1962/1308 1469/1971/1316 1468/1970/1315 1460/1961/1307 
f 1462/1963/1309 1470/1972/1317 1469/1971/1316 1461/1962/1308 
f 1463/1964/1310 1471/1973/1318 1470/1972/1317 1462/1963/1309 
f 1463/1964/1310 1464/1965/1311 1472/1974/1319 1471/1973/1318 
f 1464/1965/1311 1465/1966/1312 1473/1975/1320 1472/1974/1319 
f 1465/1966/1312 1459/1967/1306 1467/1976/1314 1473/1975/1320 
f 1466/1968/1313 1474/1977/1321 1475/1978/1322 1467/1969/1314 
f 1466/1968/1313 1468/1970/1315 1476/1979/1323 1474/1977/1321 
f 1468/1970/1315 1469/1971/1316 1477/1980/1324 1476/1979/1323 
f 1469/1971/1316 1470/1972/1317 1478/1981/1325 1477/1980/1324 
f 1470/1972/1317 1471/1973/1318 1479/1982/1326 1478/1981/1325 
f 1472/1974/1319 1480/1983/1327 1479/1982/1326 1471/1973/1318 
f 1473/1975/1320 1481/1984/1328 1480/1983/1327 1472/1974/1319 
f 1467/1976/1314 1475/1985/1322 1481/1984/1328 1473/1975/1320 
f 1474/1977/1321 1482/1986/1329 1483/1987/1330 1475/1978/1322 
f 571/807/480 570/806/479 1482/1986/1329 1474/1977/1321 1476/1979/1323 
f 1476/1979/1323 1477/1980/1324 572/808/481 571/807/480 
f 1477/1980/1324 1478/1981/1325 573/809/482 572/808/481 
f 1478/1981/1325 1479/1982/1326 574/810/483 573/809/482 
f 1484/1988/1331 575/811/484 574/810/483 1479/1982/1326 1480/1983/1327 
f 1481/1984/1328 1485/1989/1332 1484/1988/1331 1480/1983/1327 
f 1475/1985/1322 1483/1990/1330 1485/1989/1332 1481/1984/1328 
f 1483/1987/1330 1482/1986/1329 579/816/488 578/815/487 
f 1482/1986/1329 570/806/479 579/816/488 
f 1484/1988/1331 1485/1989/1332 581/818/490 580/817/489 
f 1485/1989/1332 1483/1990/1330 578/819/487 581/818/490 
f 1486/1991/1333 1487/1992/1334 1488/1993/1335 1489/1994/1336 
f 1490/1995/1337 1487/1992/1334 1486/1991/1333 1491/1996/1338 
f 1491/1996/1338 588/826/497 1490/1995/1337 
f 1492/1997/1339 1493/1998/1340 1494/1999/1341 1495/2000/1342 
f 1496/2001/1343 1497/2002/1344 1494/1999/1341 1493/1998/1340 
f 1488/1993/1335 1498/2003/1345 1497/2004/1344 1496/2005/1343 
f 1487/1992/1334 1499/2006/1346 1498/2003/1345 1488/1993/1335 
f 1490/1995/1337 1500/2007/1347 1499/2006/1346 1487/1992/1334 
f 599/839/508 1501/2008/1348 1500/2007/1347 1490/1995/1337 588/826/497 
f 1501/2008/1348 1502/2009/1349 1503/2010/1350 1504/2011/1351 
f 1502/2009/1349 1495/2000/1342 1505/2012/1352 1503/2010/1350 
f 1494/1999/1341 1506/2013/1353 1505/2012/1352 1495/2000/1342 
f 1497/2002/1344 1507/2014/1354 1506/2013/1353 1494/1999/1341 
f 1498/2003/1345 1508/2015/1355 1507/2016/1354 1497/2004/1344 
f 1499/2006/1346 1509/2017/1356 1508/2015/1355 1498/2003/1345 
f 1500/2007/1347 1510/2018/1357 1509/2017/1356 1499/2006/1346 
f 1500/2007/1347 1501/2008/1348 1504/2011/1351 1510/2018/1357 
f 1503/2010/1350 1511/2019/1358 1512/2020/1359 1504/2011/1351 
f 1503/2010/1350 1505/2012/1352 1513/2021/1360 1511/2019/1358 
f 1505/2012/1352 1506/2013/1353 1514/2022/1361 1513/2021/1360 
f 1506/2013/1353 1507/2014/1354 1515/2023/1362 1514/2022/1361 
f 1507/2016/1354 1508/2015/1355 1516/2024/1363 1515/2025/1362 
f 1509/2017/1356 1517/2026/1364 1516/2024/1363 1508/2015/1355 
f 1510/2018/1357 1518/2027/1365 1517/2026/1364 1509/2017/1356 
f 1504/2011/1351 1512/2020/1359 1518/2027/1365 1510/2018/1357 
f 1511/2019/1358 1519/2028/1366 1520/2029/1367 1512/2020/1359 
f 1513/2021/1360 1521/2030/1368 1519/2028/1366 1511/2019/1358 
f 1514/2022/1361 1522/2031/1369 1521/2030/1368 1513/2021/1360 
f 1515/2023/1362 1523/2032/1370 1522/2031/1369 1514/2022/1361 
f 1516/2024/1363 1524/2033/1371 1523/2034/1370 1515/2025/1362 
f 1516/2024/1363 1517/2026/1364 1525/2035/1372 1524/2033/1371 
f 1517/2026/1364 1518/2027/1365 1526/2036/1373 1525/2035/1372 
f 1518/2027/1365 1512/2020/1359 1520/2029/1367 1526/2036/1373 
f 1520/2029/1367 1519/2028/1366 626/869/535 625/868/534 
f 1521/2030/1368 627/870/536 626/869/535 1519/2028/1366 
f 1527/2037/1374 628/871/537 627/870/536 1521/2030/1368 1522/2031/1369 
f 1523/2032/1370 1528/2038/1375 1527/2037/1374 1522/2031/1369 
f 1524/2033/1371 1529/2039/1376 1528/2040/1375 1523/2034/1370 
f 1525/2035/1372 1530/2041/1377 1529/2039/1376 1524/2033/1371 
f 1525/2035/1372 1526/2036/1373 1531/2042/1378 1530/2041/1377 
f 625/868/534 634/878/543 1531/2042/1378 1526/2036/1373 1520/2029/1367 
f 1528/2038/1375 636/880/545 635/879/544 1527/2037/1374 
f 1528/2040/1375 1529/2039/1376 637/882/546 636/881/545 
f 1529/2039/1376 1530/2041/1377 638/883/547 637/882/546 
f 1530/2041/1377 1531/2042/1378 639/884/548 638/883/547 
f 1531/2042/1378 634/878/543 639/884/548 
f 1532/885/1379 642/887/551 641/886/550 
f 1533/2043/1380 1534/2044/1381 1535/2045/1382 1536/2046/1383 
f 1537/2047/1384 1538/2048/1385 1534/2044/1381 1533/2043/1380 
f 650/896/559 1539/2049/1386 1538/2050/1385 1537/2051/1384 651/897/560 
f 1535/2052/1382 1540/2053/1387 1541/2054/1388 1542/2055/1389 
f 1534/2044/1381 1543/2056/1390 1540/2057/1387 1535/2045/1382 
f 1538/2048/1385 1544/2058/1391 1543/2056/1390 1534/2044/1381 
f 1538/2050/1385 1539/2049/1386 1545/2059/1392 1544/2060/1391 
f 1539/2049/1386 659/909/568 658/908/567 1545/2059/1392 
f 1541/2054/1388 1546/2061/1393 1547/2062/1394 1548/2063/1395 
f 1541/2054/1388 1540/2053/1387 1549/2064/1396 1546/2061/1393 
f 1540/2057/1387 1543/2056/1390 1550/2065/1397 1549/2066/1396 
f 1543/2056/1390 1544/2058/1391 1551/2067/1398 1550/2065/1397 
f 1544/2060/1391 1545/2059/1392 1552/2068/1399 1551/2069/1398 
f 668/920/577 1553/2070/1400 1552/2068/1399 1545/2059/1392 658/908/567 
f 1554/2071/1401 670/922/579 669/921/578 1547/2062/1394 1546/2061/1393 
f 1546/2061/1393 1549/2064/1396 1555/2072/1402 1554/2071/1401 
f 1549/2066/1396 1550/2065/1397 1556/2073/1403 1555/2074/1402 
f 1551/2067/1398 1557/2075/1404 1556/2073/1403 1550/2065/1397 
f 1552/2068/1399 1558/2076/1405 1557/2077/1404 1551/2069/1398 
f 677/931/586 676/930/585 1558/2076/1405 1552/2068/1399 1553/2070/1400 
f 1553/2070/1400 678/932/587 677/931/586 
f 1555/2072/1402 1559/2078/1406 1560/2079/1407 1554/2071/1401 
f 1556/2073/1403 1561/2080/1408 1559/2081/1406 1555/2074/1402 
f 1557/2075/1404 1562/2082/1409 1561/2080/1408 1556/2073/1403 
f 1557/2077/1404 1558/2076/1405 1563/2083/1410 1562/2084/1409 
f 685/941/594 1564/2085/1411 1563/2083/1410 1558/2076/1405 676/930/585 
f 1565/2086/1412 687/943/596 686/942/595 1566/2087/1413 1560/2079/1407 
f 1559/2078/1406 1567/2088/1414 1565/2086/1412 1560/2079/1407 
f 1561/2080/1408 1568/2089/1415 1567/2090/1414 1559/2081/1406 
f 1562/2082/1409 1569/2091/1416 1568/2089/1415 1561/2080/1408 
f 694/952/603 693/951/602 1569/2092/1416 1562/2084/1409 1563/2083/1410 
f 1563/2083/1410 1564/2085/1411 695/953/604 694/952/603 
f 1564/2085/1411 1570/2093/1417 696/954/605 695/953/604 
f 1566/2087/1413 686/942/595 696/954/605 1570/2093/1417 
f 1565/2086/1412 1567/2088/1414 1571/2094/1418 1572/2095/1419 
f 1567/2090/1414 1568/2089/1415 1573/2096/1420 1571/2097/1418 
f 702/961/611 701/960/610 1573/2096/1420 1568/2089/1415 1569/2091/1416 
f 1569/2092/1416 693/951/602 702/962/611 
f 1571/2094/1418 704/964/613 703/963/612 1572/2095/1419 
f 1571/2097/1418 1573/2096/1420 705/966/614 704/965/613 
f 1573/2096/1420 701/960/610 705/966/614 
f 704/967/615 707/969/617 1574/968/1421 
f 1574/968/1421 709/971/619 708/970/618 1575/972/1422 
f 1574/968/1421 707/969/617 709/971/619 
f 1576/2098/1423 1577/2099/1424 1578/2100/1425 1579/2101/1426 
f 1577/2099/1424 1580/2102/1427 1581/2103/1428 1578/2100/1425 
f 718/980/628 1582/2104/1429 1581/2103/1428 1580/2102/1427 719/981/629 
f 1579/2101/1426 1578/2100/1425 1583/2105/1430 1584/2106/1431 
f 1578/2100/1425 1581/2103/1428 1585/2107/1432 1583/2105/1430 
f 1582/2104/1429 1586/2108/1433 1585/2107/1432 1581/2103/1428 
f 1587/2109/1434 1588/2110/1435 1586/2111/1433 1582/2112/1429 
f 1589/2113/1436 1590/2114/1437 1588/2110/1435 1587/2109/1434 
f 1589/2113/1436 1591/2115/1438 729/993/639 728/992/638 1590/2114/1437 
f 1591/2115/1438 731/995/641 729/993/639 
f 1583/2105/1430 1592/2116/1439 1593/2117/1440 1584/2106/1431 
f 1583/2105/1430 1585/2107/1432 1594/2118/1441 1592/2116/1439 
f 1585/2107/1432 1586/2108/1433 1595/2119/1442 1594/2118/1441 
f 1586/2111/1433 1588/2110/1435 1596/2120/1443 1595/2121/1442 
f 1590/2114/1437 1597/2122/1444 1596/2120/1443 1588/2110/1435 
f 728/992/638 738/1003/648 1597/2122/1444 1590/2114/1437 
f 1593/2117/1440 1592/2116/1439 1598/2123/1445 1599/2124/1446 
f 1594/2118/1441 1600/2125/1447 1598/2123/1445 1592/2116/1439 
f 1595/2119/1442 1601/2126/1448 1600/2125/1447 1594/2118/1441 
f 1596/2120/1443 1602/2127/1449 1601/2128/1448 1595/2121/1442 
f 1597/2122/1444 1603/2129/1450 1602/2127/1449 1596/2120/1443 
f 738/1003/648 745/1011/655 1603/2129/1450 1597/2122/1444 
f 1598/2123/1445 1604/2130/1451 1605/2131/1452 1599/2124/1446 
f 1600/2125/1447 1606/2132/1453 1604/2130/1451 1598/2123/1445 
f 1601/2126/1448 1607/2133/1454 1606/2132/1453 1600/2125/1447 
f 1601/2128/1448 1602/2127/1449 1608/2134/1455 1607/2135/1454 
f 1602/2127/1449 1603/2129/1450 1609/2136/1456 1608/2134/1455 
f 1603/2129/1450 745/1011/655 752/1019/662 1609/2136/1456 
f 1604/2130/1451 1610/2137/1457 1611/2138/1458 1605/2131/1452 
f 1606/2132/1453 1612/2139/1459 1610/2137/1457 1604/2130/1451 
f 1607/2133/1454 1613/2140/1460 1612/2139/1459 1606/2132/1453 
f 758/1026/668 757/1025/667 1613/2141/1460 1607/2135/1454 1608/2134/1455 
f 1608/2134/1455 1609/2136/1456 759/1027/669 758/1026/668 
f 1609/2136/1456 752/1019/662 759/1027/669 
f 762/1030/672 761/1029/671 1614/2142/1461 1611/2138/1458 1610/2137/1457 
f 1610/2137/1457 1612/2139/1459 763/1031/673 762/1030/672 
f 1612/2139/1459 1613/2140/1460 764/1032/674 763/1031/673 
f 1613/2141/1460 757/1025/667 764/1033/674 
f 1614/2142/1461 766/1035/676 765/1034/675 1615/2143/1462 
f 1614/2142/1461 761/1029/671 766/1035/676 
f 766/1037/678 769/1039/680 1616/2144/1463 
f 1617/2145/1464 771/1041/682 770/1040/681 1618/2146/1465 1616/2144/1463 
f 1616/2144/1463 769/1039/680 774/1044/685 1617/2145/1464 
f 777/1047/688 1619/2147/1466 1620/2148/1467 1617/2145/1464 774/1044/685 
f 1621/2149/1468 1620/2148/1467 1622/2150/1469 1623/2151/1470 
f 782/1052/693 781/1051/692 1622/2150/1469 1620/2148/1467 1619/2147/1466 
f 1619/2147/1466 783/1053/694 782/1052/693 
f 1622/2150/1469 1624/2152/1471 1625/2153/1472 1623/2151/1470 
f 1622/2150/1469 781/1051/692 786/1056/697 1624/2152/1471 
f 1626/2154/1473 1627/2155/1474 1628/2156/1475 1629/2157/1476 
f 1623/2151/1470 1625/2153/1472 1627/2155/1474 1626/2154/1473 
f 1624/2152/1471 1630/2158/1477 1631/2159/1478 1625/2153/1472 
f 794/1064/705 1632/2160/1479 1630/2158/1477 1624/2152/1471 786/1056/697 
f 1633/2161/1480 1634/2162/1481 1635/2163/1482 1636/2164/1483 
f 1634/2162/1481 1628/2165/1475 1637/2166/1484 1635/2163/1482 
f 1628/2156/1475 1627/2155/1474 1638/2167/1485 1637/2168/1484 
f 1627/2155/1474 1625/2153/1472 1631/2159/1478 1638/2167/1485 
f 1630/2158/1477 1639/2169/1486 1640/2170/1487 1631/2159/1478 
f 804/1076/715 803/1075/714 1639/2169/1486 1630/2158/1477 1632/2160/1479 
f 1641/2171/1488 805/1077/716 804/1076/715 1632/2160/1479 
f 1642/2172/1489 807/1079/718 805/1077/716 1641/2171/1488 1636/2164/1483 
f 1636/2164/1483 1635/2163/1482 1643/2173/1490 1642/2172/1489 
f 1637/2166/1484 1644/2174/1491 1643/2173/1490 1635/2163/1482 
f 1638/2167/1485 1645/2175/1492 1644/2176/1491 1637/2168/1484 
f 1631/2159/1478 1640/2170/1487 1645/2175/1492 1638/2167/1485 
f 1639/2169/1486 1646/2177/1493 1647/2178/1494 1640/2170/1487 
f 803/1075/714 814/1087/725 1646/2177/1493 1639/2169/1486 
f 1643/2173/1490 1648/2179/1495 1649/2180/1496 1642/2172/1489 
f 1643/2173/1490 1644/2174/1491 1650/2181/1497 1648/2179/1495 
f 1644/2176/1491 1645/2175/1492 1651/2182/1498 1650/2183/1497 
f 1645/2175/1492 1640/2170/1487 1647/2178/1494 1651/2182/1498 
f 1646/2177/1493 1652/2184/1499 1653/2185/1500 1647/2178/1494 
f 822/1096/733 1654/2186/1501 1652/2184/1499 1646/2177/1493 814/1087/725 
f 1648/2179/1495 1655/2187/1502 1656/2188/1503 1649/2180/1496 
f 1650/2181/1497 1657/2189/1504 1655/2187/1502 1648/2179/1495 
f 1651/2182/1498 1658/2190/1505 1657/2189/1504 1650/2183/1497 
f 1647/2178/1494 1653/2185/1500 1658/2190/1505 1651/2182/1498 
f 1196/455/1043 1194/453/1041 1192/451/1039 1188/448/1035 1191/449/1038 1202/461/1049 1200/459/1047 1198/457/1045 
f 1658/2190/1505 1653/2185/1500 1652/2184/1499 1654/2186/1501 1659/2191/1506 1656/2188/1503 1655/2187/1502 1657/2189/1504 
f 1660/2192/1507 1661/2193/1508 1662/2194/1509 
f 1662/2194/1509 1663/2195/1510 1664/2196/1511 
f 1662/2194/1509 1661/2193/1508 1663/2195/1510 
f 1661/2193/1508 1665/2197/1512 1663/2195/1510 
f 1660/2198/1507 1666/2199/1513 1661/2193/1508 
f 1661/2193/1508 1667/2200/1514 1665/2197/1512 
f 1661/2193/1508 1666/2199/1513 1667/2200/1514 
f 1666/2199/1513 1668/2201/1515 1667/2200/1514 
f 1660/2202/1507 1669/2203/1516 1666/2204/1513 
f 1666/2204/1513 1670/2205/1517 1668/2206/1515 
f 1666/2204/1513 1669/2203/1516 1670/2205/1517 
f 1669/2203/1516 1671/2207/1518 1670/2205/1517 
f 1660/2208/1507 1662/2194/1509 1669/2203/1516 
f 1669/2203/1516 1672/2209/1519 1671/2207/1518 
f 1669/2203/1516 1662/2194/1509 1672/2209/1519 
f 1662/2194/1509 1664/2196/1511 1672/2209/1519 
f 1673/2210/1520 1674/2211/1521 1675/2212/1522 
f 1675/2212/1522 1663/2195/1510 1665/2197/1512 
f 1675/2212/1522 1674/2211/1521 1663/2195/1510 
f 1674/2211/1521 1664/2196/1511 1663/2195/1510 
f 1673/2213/1520 1675/2212/1522 1676/2214/1523 
f 1676/2214/1523 1667/2200/1514 1668/2201/1515 
f 1676/2214/1523 1675/2212/1522 1667/2200/1514 
f 1675/2212/1522 1665/2197/1512 1667/2200/1514 
f 1673/2215/1520 1676/2216/1523 1677/2217/1524 
f 1677/2217/1524 1670/2205/1517 1671/2207/1518 
f 1677/2217/1524 1676/2216/1523 1670/2205/1517 
f 1676/2216/1523 1668/2206/1515 1670/2205/1517 
f 1673/2218/1520 1677/2217/1524 1674/2211/1521 
f 1674/2211/1521 1672/2209/1519 1664/2196/1511 
f 1674/2211/1521 1677/2217/1524 1672/2209/1519 
f 1677/2217/1524 1671/2207/1518 1672/2209/1519 
f 1678/2219/1525 1679/2220/1526 1680/2221/1527 
f 1680/2221/1527 1681/2222/1528 1682/2223/1529 
f 1680/2221/1527 1679/2220/1526 1681/2222/1528 
f 1679/2220/1526 1683/2224/1530 1681/2222/1528 
f 1678/2225/1525 1684/2226/1531 1679/2220/1526 
f 1679/2220/1526 1685/2227/1532 1683/2224/1530 
f 1679/2220/1526 1684/2226/1531 1685/2227/1532 
f 1684/2226/1531 1686/2228/1533 1685/2227/1532 
f 1678/2229/1525 1687/2230/1534 1684/2231/1531 
f 1684/2231/1531 1688/2232/1535 1686/2233/1533 
f 1684/2231/1531 1687/2230/1534 1688/2232/1535 
f 1687/2230/1534 1689/2234/1536 1688/2232/1535 
f 1678/2235/1525 1680/2221/1527 1687/2230/1534 
f 1687/2230/1534 1690/2236/1537 1689/2234/1536 
f 1687/2230/1534 1680/2221/1527 1690/2236/1537 
f 1680/2221/1527 1682/2223/1529 1690/2236/1537 
f 1691/2237/1538 1685/2227/1532 1686/2228/1533 
f 861/1149/772 860/1148/771 1685/2227/1532 1691/2237/1538 
f 1692/2238/1539 1688/2232/1535 1689/2234/1536 
f 1692/2238/1539 1691/2239/1538 1688/2232/1535 
f 1691/2239/1538 1686/2233/1533 1688/2232/1535 
f 1692/2238/1539 1689/2234/1536 1690/2236/1537 
f 1693/2240/1540 1694/2241/1541 1695/2242/1542 
f 1695/2242/1542 867/1156/778 866/1155/777 
f 1695/2242/1542 1694/2241/1541 868/1157/779 867/1156/778 
f 1694/2241/1541 1696/2243/1543 869/1158/780 868/1157/779 
f 1693/2244/1540 1697/2245/1544 1694/2241/1541 
f 1694/2241/1541 1698/2246/1545 1696/2243/1543 
f 1694/2241/1541 1697/2245/1544 1698/2246/1545 
f 1697/2245/1544 1699/2247/1546 1698/2246/1545 
f 1693/2248/1540 1700/2249/1547 1697/2250/1544 
f 1697/2250/1544 1701/2251/1548 1699/2252/1546 
f 1697/2250/1544 1700/2249/1547 1701/2251/1548 
f 1700/2249/1547 1702/2253/1549 1701/2251/1548 
f 1693/2254/1540 1695/2242/1542 1700/2249/1547 
f 1700/2249/1547 1703/2255/1550 1702/2253/1549 
f 1700/2249/1547 1695/2242/1542 1703/2255/1550 
f 1695/2242/1542 866/1155/777 1703/2255/1550 
f 1704/2256/1551 1705/2257/1552 1706/2258/1553 
f 1706/2258/1553 1707/2259/1554 881/1175/792 
f 1706/2258/1553 1705/2257/1552 1707/2259/1554 
f 1705/2257/1552 1708/2260/1555 1707/2259/1554 
f 1704/2261/1551 1709/2262/1556 1705/2257/1552 
f 1705/2257/1552 1710/2263/1557 1708/2260/1555 
f 1705/2257/1552 1709/2262/1556 1710/2263/1557 
f 1709/2262/1556 1711/2264/1558 1710/2263/1557 
f 1704/2265/1551 1712/2266/1559 1709/2267/1556 
f 1709/2267/1556 1713/2268/1560 1711/2269/1558 
f 1709/2267/1556 1712/2266/1559 1713/2268/1560 
f 1712/2266/1559 1714/2270/1561 1713/2268/1560 
f 1704/2271/1551 1706/2258/1553 1712/2266/1559 
f 1712/2266/1559 1715/2272/1562 1714/2270/1561 
f 1712/2266/1559 1706/2258/1553 1715/2272/1562 
f 1706/2258/1553 881/1175/792 1715/2272/1562 
f 1716/2273/1563 1710/2263/1557 1711/2264/1558 
f 893/1192/804 892/1191/803 1710/2263/1557 1716/2273/1563 
f 1716/2274/1563 1711/2269/1558 1713/2268/1560 
f 1717/2275/1564 1718/2276/1565 1719/2277/1566 
f 1719/2277/1566 1720/2278/1567 1721/2279/1568 
f 1719/2277/1566 1718/2276/1565 1720/2278/1567 
f 1718/2276/1565 1722/2280/1569 1720/2278/1567 
f 1717/2281/1564 1723/2282/1570 1718/2276/1565 
f 1718/2276/1565 1724/2283/1571 1722/2280/1569 
f 1718/2276/1565 1723/2282/1570 1724/2283/1571 
f 1723/2282/1570 1725/2284/1572 1724/2283/1571 
f 1717/2285/1564 1726/2286/1573 1723/2287/1570 
f 1723/2287/1570 1727/2288/1574 1725/2289/1572 
f 1723/2287/1570 1726/2286/1573 1727/2288/1574 
f 1726/2286/1573 1728/2290/1575 1727/2288/1574 
f 1717/2291/1564 1719/2277/1566 1726/2286/1573 
f 1726/2286/1573 1729/2292/1576 1728/2290/1575 
f 1726/2286/1573 1719/2277/1566 1729/2292/1576 
f 1719/2277/1566 1721/2279/1568 1729/2292/1576 
f 1730/2293/1577 1731/2294/1578 1732/2295/1579 
f 1732/2295/1579 1720/2278/1567 1722/2280/1569 
f 1732/2295/1579 1731/2294/1578 1720/2278/1567 
f 1731/2294/1578 1721/2279/1568 1720/2278/1567 
f 1730/2296/1577 1732/2295/1579 1733/2297/1580 
f 1733/2297/1580 1724/2283/1571 1725/2284/1572 
f 1733/2297/1580 1732/2295/1579 1724/2283/1571 
f 1732/2295/1579 1722/2280/1569 1724/2283/1571 
f 1730/2298/1577 1733/2299/1580 1734/2300/1581 
f 1734/2300/1581 1727/2288/1574 1728/2290/1575 
f 1734/2300/1581 1733/2299/1580 1727/2288/1574 
f 1733/2299/1580 1725/2289/1572 1727/2288/1574 
f 1730/2301/1577 1734/2300/1581 1731/2294/1578 
f 1731/2294/1578 1729/2292/1576 1721/2279/1568 
f 1731/2294/1578 1734/2300/1581 1729/2292/1576 
f 1734/2300/1581 1728/2290/1575 1729/2292/1576 
f 2/1221/2 156/238/78 1014/239/925 
f 13/1222/13 199/1224/121 1017/2302/928 
f 199/1225/121 16/1227/16 1018/2303/929 
f 272/471/181 271/470/180 1205/462/1052 
f 912/1228/823 1207/1676/1054 1210/1679/1057 913/1229/824 
f 914/1230/825 1211/1680/1058 1207/1676/1054 912/1228/823 
f 915/1231/826 1213/1683/1060 1211/1682/1058 914/1232/825 
f 915/1231/826 916/1233/827 1215/1686/1062 1213/1683/1060 
f 916/1233/827 917/1234/828 1217/1688/1064 1215/1686/1062 
f 917/1234/828 918/1235/829 1219/1690/1066 1217/1688/1064 
f 918/1235/829 919/1236/830 1221/1692/1068 1219/1690/1066 
f 913/1229/824 1210/1679/1057 1221/1692/1068 919/1236/830 
f 920/1237/831 1256/1731/1103 1255/1730/1102 921/1238/832 
f 922/1239/833 1259/1734/1106 1256/1731/1103 920/1237/831 
f 923/1240/834 1261/1736/1108 1259/1734/1106 922/1239/833 
f 923/1240/834 924/1241/835 1263/1738/1110 1261/1736/1108 
f 924/1241/835 925/1242/836 1265/1740/1112 1263/1738/1110 
f 925/1243/836 926/1244/837 1267/1742/1114 1265/1745/1112 
f 926/1244/837 927/1245/838 1269/1746/1116 1267/1742/1114 
f 921/1238/832 1255/1730/1102 1269/1746/1116 927/1245/838 
f 381/593/290 374/585/283 1295/1775/1142 
f 928/1246/839 929/1247/840 1298/1779/1145 1301/1782/1148 
f 929/1247/840 930/1248/841 1302/1783/1149 1298/1779/1145 
f 930/1248/841 931/1249/842 1304/1785/1151 1302/1783/1149 
f 931/1249/842 932/1250/843 1306/1787/1153 1304/1785/1151 
f 933/1251/844 1308/1789/1155 1306/1787/1153 932/1250/843 
f 934/1252/845 1310/1791/1157 1308/1789/1155 933/1251/844 
f 935/1253/846 1312/1793/1159 1310/1791/1157 934/1252/845 
f 928/1254/839 1301/1795/1148 1312/1793/1159 935/1253/846 
f 580/817/489 575/811/484 1484/1988/1331 
f 936/1255/847 937/1256/848 1489/1994/1336 
f 937/1256/848 938/1257/849 1486/1991/1333 1489/1994/1336 
f 938/1257/849 939/1258/850 1491/1996/1338 1486/1991/1333 
f 939/1258/850 588/826/497 1491/1996/1338 
f 940/1259/851 941/1260/852 1492/1997/1339 
f 941/1260/852 942/1261/853 1493/1998/1340 1492/1997/1339 
f 942/1261/853 943/1262/854 1496/2001/1343 1493/1998/1340 
f 936/1255/847 1489/1994/1336 1488/1993/1335 1496/2005/1343 943/1263/854 
f 599/839/508 944/1264/855 1502/2009/1349 1501/2008/1348 
f 940/1259/851 1492/1997/1339 1495/2000/1342 1502/2009/1349 944/1264/855 
f 635/879/544 628/871/537 1527/2037/1374 
f 945/1265/856 946/1266/857 1532/885/1379 
f 946/1266/857 642/887/551 1532/885/1379 
f 641/886/550 945/1265/856 1532/885/1379 
f 947/1267/858 948/1269/859 1536/2304/1383 
f 948/1270/859 949/1271/860 1533/2043/1380 1536/2046/1383 
f 949/1271/860 950/1272/861 1537/2047/1384 1533/2043/1380 
f 950/1273/861 651/897/560 1537/2051/1384 
f 951/1274/862 952/1275/863 1542/2055/1389 
f 1536/2304/1383 1535/2052/1382 1542/2055/1389 952/1275/863 947/1267/858 
f 650/896/559 659/909/568 1539/2049/1386 
f 951/1274/862 1542/2055/1389 1541/2054/1388 1548/2063/1395 953/1276/864 
f 954/1277/865 953/1276/864 1548/2063/1395 
f 668/920/577 678/932/587 1553/2070/1400 
f 955/1278/866 954/1277/865 1548/2063/1395 1547/2062/1394 
f 669/921/578 955/1278/866 1547/2062/1394 
f 1554/2071/1401 1560/2079/1407 1566/2087/1413 956/1279/867 670/922/579 
f 685/941/594 957/1280/868 1570/2093/1417 1564/2085/1411 
f 957/1280/868 956/1279/867 1566/2087/1413 1570/2093/1417 
f 1572/2095/1419 958/1281/869 687/943/596 1565/2086/1412 
f 703/963/612 958/1281/869 1572/2095/1419 
f 959/1282/870 960/1283/871 1575/972/1422 
f 960/1283/871 704/967/615 1574/968/1421 1575/972/1422 
f 708/970/618 959/1282/870 1575/972/1422 
f 961/1284/872 962/1285/873 1576/2098/1423 
f 962/1285/873 963/1286/874 1577/2099/1424 1576/2098/1423 
f 964/1287/875 1580/2102/1427 1577/2099/1424 963/1286/874 
f 964/1287/875 719/981/629 1580/2102/1427 
f 961/1284/872 1576/2098/1423 1579/2101/1426 965/1288/876 
f 966/1289/877 1587/2109/1434 1582/2112/1429 718/1290/628 
f 967/1291/878 1589/2113/1436 1587/2109/1434 966/1289/877 
f 968/1292/879 1591/2115/1438 1589/2113/1436 967/1291/878 
f 968/1292/879 731/995/641 1591/2115/1438 
f 965/1288/876 1579/2101/1426 1584/2106/1431 969/1293/880 
f 970/1294/881 969/1293/880 1584/2106/1431 1593/2117/1440 
f 970/1294/881 1593/2117/1440 1599/2124/1446 971/1295/882 
f 971/1295/882 1599/2124/1446 1605/2131/1452 972/1296/883 
f 1611/2138/1458 972/1296/883 1605/2131/1452 
f 972/1296/883 1611/2138/1458 1614/2142/1461 1615/2143/1462 973/1297/884 
f 974/1298/885 973/1297/884 1615/2143/1462 
f 765/1034/675 974/1298/885 1615/2143/1462 
f 975/1299/886 766/1037/678 1616/2144/1463 1618/2146/1465 
f 976/1300/887 975/1299/886 1618/2146/1465 
f 770/1040/681 976/1300/887 1618/2146/1465 
f 771/1041/682 1617/2145/1464 1620/2148/1467 1621/2149/1468 977/1301/888 
f 777/1047/688 783/1053/694 1619/2147/1466 
f 978/1302/889 977/1301/888 1621/2149/1468 
f 979/1303/890 980/1305/891 1629/2305/1476 
f 980/1306/891 981/1307/892 1626/2154/1473 1629/2157/1476 
f 978/1302/889 1621/2149/1468 1623/2151/1470 1626/2154/1473 981/1307/892 
f 982/1308/893 983/1309/894 1633/2161/1480 
f 983/1309/894 984/1310/895 1634/2162/1481 1633/2161/1480 
f 979/1303/890 1629/2305/1476 1628/2165/1475 1634/2162/1481 984/1310/895 
f 794/1064/705 985/1311/896 1641/2171/1488 1632/2160/1479 
f 1633/2161/1480 1636/2164/1483 1641/2171/1488 985/1311/896 982/1308/893 
f 986/1312/897 807/1079/718 1642/2172/1489 1649/2180/1496 
f 822/1096/733 987/1313/898 1659/2191/1506 1654/2186/1501 
f 1649/2180/1496 1656/2188/1503 1659/2191/1506 987/1313/898 986/1312/897 
f 988/1314/899 1681/2222/1528 1683/2224/1530 989/1315/900 
f 988/1314/899 990/1316/901 1681/2222/1528 
f 990/1316/901 991/1317/902 1682/2223/1529 1681/2222/1528 
f 992/1318/903 861/1149/772 1691/2237/1538 
f 860/1148/771 989/1315/900 1683/2224/1530 1685/2227/1532 
f 992/1319/903 1691/2239/1538 1692/2238/1539 993/1320/904 
f 994/1321/905 993/1322/904 1692/2238/1539 
f 991/1317/902 995/1323/906 1690/2236/1537 1682/2223/1529 
f 994/1321/905 1692/2238/1539 1690/2236/1537 995/1323/906 
f 996/1324/907 869/1158/780 1696/2243/1543 
f 997/1325/908 1698/2246/1545 1699/2247/1546 998/1326/909 
f 997/1325/908 999/1327/910 1698/2246/1545 
f 999/1327/910 996/1324/907 1696/2243/1543 1698/2246/1545 
f 1000/1328/911 1701/2251/1548 1702/2253/1549 1001/1329/912 
f 1000/1328/911 1002/1330/913 1701/2251/1548 
f 998/1331/909 1699/2252/1546 1701/2251/1548 1002/1330/913 
f 866/1155/777 1003/1332/914 1703/2255/1550 
f 1003/1332/914 1004/1333/915 1703/2255/1550 
f 1004/1333/915 1001/1329/912 1702/2253/1549 1703/2255/1550 
f 1005/1334/916 1707/2259/1554 1708/2260/1555 1006/1335/917 
f 1005/1334/916 1007/1336/918 1707/2259/1554 
f 1007/1336/918 881/1175/792 1707/2259/1554 
f 1008/1337/919 893/1192/804 1716/2273/1563 
f 892/1191/803 1006/1335/917 1708/2260/1555 1710/2263/1557 
f 1009/1338/920 1008/1339/919 1716/2274/1563 
f 1010/1340/921 1713/2268/1560 1714/2270/1561 1011/1341/922 
f 1009/1338/920 1716/2274/1563 1713/2268/1560 1010/1340/921 
f 881/1175/792 1012/1342/923 1715/2272/1562 
f 1012/1342/923 1013/1343/924 1715/2272/1562 
f 1013/1343/924 1011/1341/922 1714/2270/1561 1715/2272/1562 
# 1456 polygons - 396 triangles

